-- phpMyAdmin SQL Dump
-- version 5.1.1
-- https://www.phpmyadmin.net/
--
-- Host: 127.0.0.1
-- Generation Time: Aug 22, 2022 at 03:25 AM
-- Server version: 10.4.19-MariaDB
-- PHP Version: 7.4.20

SET FOREIGN_KEY_CHECKS=0;
SET SQL_MODE = "NO_AUTO_VALUE_ON_ZERO";
START TRANSACTION;
SET time_zone = "+00:00";


/*!40101 SET @OLD_CHARACTER_SET_CLIENT=@@CHARACTER_SET_CLIENT */;
/*!40101 SET @OLD_CHARACTER_SET_RESULTS=@@CHARACTER_SET_RESULTS */;
/*!40101 SET @OLD_COLLATION_CONNECTION=@@COLLATION_CONNECTION */;
/*!40101 SET NAMES utf8mb4 */;

--
-- Database: `db_simpati`
--
CREATE DATABASE IF NOT EXISTS `db_simpati` DEFAULT CHARACTER SET utf8mb4 COLLATE utf8mb4_general_ci;
USE `db_simpati`;

-- --------------------------------------------------------

--
-- Table structure for table `acl_role_menu`
--

DROP TABLE IF EXISTS `acl_role_menu`;
CREATE TABLE IF NOT EXISTS `acl_role_menu` (
  `id` int(11) NOT NULL AUTO_INCREMENT,
  `role_id` int(11) NOT NULL,
  `menu_id` int(11) NOT NULL,
  `created_at` timestamp NOT NULL DEFAULT current_timestamp(),
  PRIMARY KEY (`id`)
) ENGINE=InnoDB AUTO_INCREMENT=671 DEFAULT CHARSET=utf8mb4;

--
-- Dumping data for table `acl_role_menu`
--

INSERT INTO `acl_role_menu` (`id`, `role_id`, `menu_id`, `created_at`) VALUES
(413, 4, 32, '2022-07-30 05:43:18'),
(414, 4, 48, '2022-07-30 05:43:18'),
(415, 4, 59, '2022-07-30 05:43:18'),
(416, 4, 62, '2022-07-30 05:43:18'),
(417, 4, 63, '2022-07-30 05:43:18'),
(418, 4, 64, '2022-07-30 05:43:18'),
(419, 4, 23, '2022-07-30 05:43:18'),
(420, 4, 56, '2022-07-30 05:43:18'),
(421, 4, 57, '2022-07-30 05:43:18'),
(422, 4, 38, '2022-07-30 05:43:18'),
(423, 4, 55, '2022-07-30 05:43:18'),
(424, 4, 33, '2022-07-30 05:43:18'),
(425, 4, 58, '2022-07-30 05:43:18'),
(426, 4, 41, '2022-07-30 05:43:18'),
(427, 4, 53, '2022-07-30 05:43:18'),
(586, 1, 32, '2022-08-21 14:06:08'),
(587, 1, 48, '2022-08-21 14:06:08'),
(588, 1, 65, '2022-08-21 14:06:08'),
(589, 1, 31, '2022-08-21 14:06:08'),
(590, 1, 47, '2022-08-21 14:06:08'),
(591, 1, 59, '2022-08-21 14:06:08'),
(592, 1, 60, '2022-08-21 14:06:08'),
(593, 1, 61, '2022-08-21 14:06:08'),
(594, 1, 62, '2022-08-21 14:06:08'),
(595, 1, 67, '2022-08-21 14:06:08'),
(596, 1, 63, '2022-08-21 14:06:08'),
(597, 1, 64, '2022-08-21 14:06:08'),
(598, 1, 68, '2022-08-21 14:06:08'),
(599, 1, 23, '2022-08-21 14:06:08'),
(600, 1, 29, '2022-08-21 14:06:08'),
(601, 1, 39, '2022-08-21 14:06:08'),
(602, 1, 26, '2022-08-21 14:06:08'),
(603, 1, 35, '2022-08-21 14:06:08'),
(604, 1, 42, '2022-08-21 14:06:08'),
(605, 1, 50, '2022-08-21 14:06:08'),
(606, 1, 49, '2022-08-21 14:06:08'),
(607, 1, 56, '2022-08-21 14:06:08'),
(608, 1, 57, '2022-08-21 14:06:08'),
(609, 1, 17, '2022-08-21 14:06:08'),
(610, 1, 66, '2022-08-21 14:06:08'),
(611, 1, 37, '2022-08-21 14:06:08'),
(612, 1, 38, '2022-08-21 14:06:08'),
(613, 1, 55, '2022-08-21 14:06:08'),
(614, 1, 33, '2022-08-21 14:06:08'),
(615, 1, 58, '2022-08-21 14:06:08'),
(616, 1, 41, '2022-08-21 14:06:08'),
(617, 1, 53, '2022-08-21 14:06:08'),
(618, 1, 40, '2022-08-21 14:06:08'),
(619, 1, 54, '2022-08-21 14:06:08'),
(620, 1, 44, '2022-08-21 14:06:08'),
(621, 1, 45, '2022-08-21 14:06:08'),
(646, 2, 32, '2022-08-21 18:08:48'),
(647, 2, 48, '2022-08-21 18:08:48'),
(648, 2, 65, '2022-08-21 18:08:48'),
(649, 2, 31, '2022-08-21 18:08:48'),
(650, 2, 59, '2022-08-21 18:08:48'),
(651, 2, 63, '2022-08-21 18:08:48'),
(652, 2, 64, '2022-08-21 18:08:48'),
(653, 2, 68, '2022-08-21 18:08:48'),
(654, 2, 23, '2022-08-21 18:08:48'),
(655, 2, 26, '2022-08-21 18:08:48'),
(656, 2, 35, '2022-08-21 18:08:48'),
(657, 2, 42, '2022-08-21 18:08:48'),
(658, 2, 50, '2022-08-21 18:08:48'),
(659, 2, 49, '2022-08-21 18:08:48'),
(660, 2, 56, '2022-08-21 18:08:48'),
(661, 2, 57, '2022-08-21 18:08:48'),
(662, 2, 38, '2022-08-21 18:08:48'),
(663, 2, 55, '2022-08-21 18:08:48'),
(664, 2, 33, '2022-08-21 18:08:48'),
(665, 2, 58, '2022-08-21 18:08:48'),
(666, 2, 41, '2022-08-21 18:08:48'),
(667, 2, 53, '2022-08-21 18:08:48'),
(668, 2, 54, '2022-08-21 18:08:48'),
(669, 2, 44, '2022-08-21 18:08:48'),
(670, 2, 45, '2022-08-21 18:08:48');

-- --------------------------------------------------------

--
-- Table structure for table `direct_sale_detail`
--

DROP TABLE IF EXISTS `direct_sale_detail`;
CREATE TABLE IF NOT EXISTS `direct_sale_detail` (
  `id` bigint(20) NOT NULL AUTO_INCREMENT,
  `header_id` int(11) NOT NULL,
  `variant_id` int(11) NOT NULL,
  `variant_name` varchar(200) NOT NULL,
  `qty_total` int(11) NOT NULL,
  `qty_pack` int(11) NOT NULL,
  `pack_id` int(11) NOT NULL,
  `price` decimal(15,2) NOT NULL,
  `subtotal` decimal(15,2) NOT NULL,
  PRIMARY KEY (`id`)
) ENGINE=InnoDB AUTO_INCREMENT=24 DEFAULT CHARSET=utf8mb4;

--
-- Dumping data for table `direct_sale_detail`
--

INSERT INTO `direct_sale_detail` (`id`, `header_id`, `variant_id`, `variant_name`, `qty_total`, `qty_pack`, `pack_id`, `price`, `subtotal`) VALUES
(1, 1, 1390, 'Exclusive Lipstick Matte - 18', 2, 2, 5, '41000.00', '82000.00'),
(2, 1, 1389, 'Exclusive Lipstick Matte - 17', 2, 2, 5, '41000.00', '82000.00'),
(3, 1, 1388, 'Exclusive Lipstick Matte - 16', 2, 2, 5, '41000.00', '82000.00'),
(4, 1, 1387, 'Exclusive Lipstick Matte - 13', 2, 2, 5, '41000.00', '82000.00'),
(5, 1, 1386, 'Exclusive Lipstick Matte - 12', 2, 2, 5, '41000.00', '82000.00'),
(6, 1, 1385, 'Exclusive Lipstick Matte - 09', 2, 2, 5, '41000.00', '82000.00'),
(7, 1, 1384, 'Exclusive Lipstick Matte - 06', 2, 2, 5, '41000.00', '82000.00'),
(8, 2, 1347, 'Exclusive BB Cushion - 01', 7, 7, 5, '134000.00', '938000.00'),
(9, 2, 1348, 'Exclusive BB Cushion - 02', 3, 3, 5, '134000.00', '402000.00'),
(10, 2, 1349, 'Exclusive BB Cushion - 03', 1, 1, 5, '134000.00', '134000.00'),
(11, 2, 1350, 'Exclusive BB Cushion - 04', 1, 1, 5, '134000.00', '134000.00'),
(12, 2, 1351, 'Exclusive BB Cushion Refill - 01', 1, 1, 5, '95000.00', '95000.00'),
(13, 2, 1352, 'Exclusive BB Cushion Refill - 02', 1, 1, 5, '95000.00', '95000.00'),
(14, 3, 934, 'Intense color lipstik', 100, 100, 5, '61000.00', '6100000.00'),
(15, 4, 91, 'Parfum Melati', 100, 100, 5, '17000.00', '1700000.00'),
(16, 4, 54, 'Eyeliner Cair - Eye Cream', 2, 2, 5, '38000.00', '76000.00'),
(17, 4, 220, 'Eyeliner Cair', 2, 2, 5, '38000.00', '76000.00'),
(18, 4, 102, 'Air Mawar 200 ml', 2, 2, 5, '9000.00', '18000.00'),
(19, 4, 123, 'Air Mawar 200 ml', 2, 2, 5, '9000.00', '18000.00'),
(20, 4, 192, 'Eyeliner Pensil - HITAM', 2, 2, 5, '24000.00', '48000.00'),
(21, 4, 339, 'Simplicity Highlighter - 02', 2, 2, 5, '49000.00', '98000.00'),
(22, 5, 1, 'Liquid Foundation Translucent', 5, 5, 5, '14000.00', '70000.00'),
(23, 6, 761, 'Lip Stick - 01', 7660, 7660, 5, '53000.00', '405980000.00');

-- --------------------------------------------------------

--
-- Table structure for table `direct_sale_header`
--

DROP TABLE IF EXISTS `direct_sale_header`;
CREATE TABLE IF NOT EXISTS `direct_sale_header` (
  `id` bigint(20) NOT NULL AUTO_INCREMENT,
  `invoice_no` varchar(200) NOT NULL,
  `customer_id` int(11) NOT NULL,
  `grand_total` decimal(15,2) NOT NULL,
  `remarks` varchar(200) DEFAULT NULL,
  `trans_date` date NOT NULL,
  `created_at` timestamp NOT NULL DEFAULT current_timestamp(),
  `user_modified` varchar(200) NOT NULL,
  `is_deleted` int(11) NOT NULL DEFAULT 0,
  `updated_at` timestamp NULL DEFAULT NULL,
  PRIMARY KEY (`id`)
) ENGINE=InnoDB AUTO_INCREMENT=7 DEFAULT CHARSET=utf8mb4;

--
-- Dumping data for table `direct_sale_header`
--

INSERT INTO `direct_sale_header` (`id`, `invoice_no`, `customer_id`, `grand_total`, `remarks`, `trans_date`, `created_at`, `user_modified`, `is_deleted`, `updated_at`) VALUES
(1, 'INV/1/08/2022', 2, '574000.00', 'test', '2022-08-21', '2022-08-21 16:29:43', 'Admin', 0, NULL),
(2, 'INV/2/08/2022', 3, '1798000.00', '', '2022-08-21', '2022-08-21 16:30:28', 'Admin', 0, NULL),
(3, 'INV/3/08/2022', 1, '6100000.00', '', '2022-08-22', '2022-08-21 16:31:01', 'Admin', 0, NULL),
(4, 'INV/4/08/2022', 1, '2034000.00', '', '2022-08-21', '2022-08-21 16:31:59', 'Admin', 0, NULL),
(5, 'INV/5/08/2022', 1, '70000.00', 'test', '2022-08-22', '2022-08-21 17:55:55', 'Admin', 0, NULL),
(6, 'INV/6/08/2022', 1, '405980000.00', '', '2022-08-22', '2022-08-21 18:06:09', 'Admin', 0, NULL);

-- --------------------------------------------------------

--
-- Table structure for table `mst_brand`
--

DROP TABLE IF EXISTS `mst_brand`;
CREATE TABLE IF NOT EXISTS `mst_brand` (
  `id` int(11) NOT NULL AUTO_INCREMENT,
  `nama` varchar(500) NOT NULL,
  `description` varchar(500) DEFAULT NULL,
  `is_active` int(1) NOT NULL DEFAULT 1,
  `user_modified` varchar(200) DEFAULT NULL,
  `is_deleted` int(1) NOT NULL DEFAULT 0,
  `created_at` timestamp NOT NULL DEFAULT current_timestamp(),
  `updated_at` timestamp NULL DEFAULT NULL,
  PRIMARY KEY (`id`)
) ENGINE=InnoDB AUTO_INCREMENT=16 DEFAULT CHARSET=utf8mb4;

--
-- Dumping data for table `mst_brand`
--

INSERT INTO `mst_brand` (`id`, `nama`, `description`, `is_active`, `user_modified`, `is_deleted`, `created_at`, `updated_at`) VALUES
(2, 'General', 'Merek general atau umum yang sedikit jumlah nya atau tidak ada yang bertanggung jawab khusus terhadap merk tersebut', 1, 'Admin', 0, '2022-05-01 07:07:17', '2022-05-06 05:23:27'),
(3, 'La Tulipe', 'Merek La tulipe silahkan edit untuk melengkapi deskripsi', 1, 'SYSTEM', 0, '2022-05-01 07:08:20', NULL),
(4, 'Wardah', 'Merek Wardah silahkan edit data untuk melengkapi deskripsi', 1, 'SYSTEM', 0, '2022-05-01 07:08:42', NULL),
(5, 'Inez', 'Merek Inez silahkan edit data untuk melengkapi deskripsi', 1, 'SYSTEM', 0, '2022-05-01 07:08:51', NULL),
(6, 'Testing', 'untuk keperluan testing ggggg', 1, 'SYSTEM', 1, '2022-05-01 07:09:11', '2022-05-01 07:11:23'),
(7, 'Y.O.U', 'Y.O.U', 1, 'administrator', 0, '2022-07-17 09:17:00', NULL),
(8, 'Viva', 'Viva', 1, 'administrator', 0, '2022-07-17 09:17:10', NULL),
(9, 'Red-A', 'Reda', 1, 'Admin', 0, '2022-08-20 03:36:14', NULL),
(10, 'Make Over', 'Make Over', 1, 'Admin', 0, '2022-08-20 03:36:44', NULL),
(11, 'Emina', 'Emina', 1, 'Admin', 0, '2022-08-20 03:36:56', NULL),
(12, 'Puetri', 'PUETRI', 1, 'Admin', 0, '2022-08-20 03:37:18', NULL),
(13, 'OMG', 'OMG', 1, 'Admin', 0, '2022-08-20 03:37:30', NULL),
(14, 'KAHF', 'KAHF', 1, 'Admin', 0, '2022-08-20 03:37:44', NULL),
(15, 'IODEF', 'IODEF', 1, 'Admin', 0, '2022-08-20 03:37:59', NULL);

-- --------------------------------------------------------

--
-- Table structure for table `mst_customer`
--

DROP TABLE IF EXISTS `mst_customer`;
CREATE TABLE IF NOT EXISTS `mst_customer` (
  `id` int(11) NOT NULL AUTO_INCREMENT,
  `nama` varchar(500) NOT NULL,
  `description` varchar(500) DEFAULT NULL,
  `customer_group_id` int(11) DEFAULT NULL,
  `is_active` int(1) NOT NULL DEFAULT 1,
  `user_modified` varchar(200) DEFAULT NULL,
  `is_deleted` int(1) NOT NULL DEFAULT 0,
  `created_at` timestamp NOT NULL DEFAULT current_timestamp(),
  `updated_at` timestamp NULL DEFAULT NULL,
  PRIMARY KEY (`id`)
) ENGINE=InnoDB AUTO_INCREMENT=4 DEFAULT CHARSET=utf8mb4;

--
-- Dumping data for table `mst_customer`
--

INSERT INTO `mst_customer` (`id`, `nama`, `description`, `customer_group_id`, `is_active`, `user_modified`, `is_deleted`, `created_at`, `updated_at`) VALUES
(1, 'Umum', 'TEST', 3, 1, 'Admin', 0, '2022-07-13 12:47:52', '2022-07-13 12:59:45'),
(2, 'Apotik Cibaliung', 'Test', 2, 1, 'Admin', 0, '2022-07-13 13:01:07', NULL),
(3, 'Apotik Test', 'test', 4, 1, 'administrator', 0, '2022-07-17 09:39:43', NULL);

-- --------------------------------------------------------

--
-- Table structure for table `mst_customer_group`
--

DROP TABLE IF EXISTS `mst_customer_group`;
CREATE TABLE IF NOT EXISTS `mst_customer_group` (
  `id` int(11) NOT NULL AUTO_INCREMENT,
  `nama` varchar(500) NOT NULL,
  `description` varchar(500) DEFAULT NULL,
  `is_active` int(1) NOT NULL DEFAULT 1,
  `user_modified` varchar(200) DEFAULT NULL,
  `is_deleted` int(1) NOT NULL DEFAULT 0,
  `created_at` timestamp NOT NULL DEFAULT current_timestamp(),
  `updated_at` timestamp NULL DEFAULT NULL,
  PRIMARY KEY (`id`)
) ENGINE=InnoDB AUTO_INCREMENT=5 DEFAULT CHARSET=utf8mb4;

--
-- Dumping data for table `mst_customer_group`
--

INSERT INTO `mst_customer_group` (`id`, `nama`, `description`, `is_active`, `user_modified`, `is_deleted`, `created_at`, `updated_at`) VALUES
(1, 'test', 'test', 1, 'Admin', 1, '2022-07-13 10:07:58', '2022-07-13 10:09:04'),
(2, 'Sesama Toko', 'Group Sesama Toko', 1, 'Admin', 0, '2022-07-13 10:08:38', '2022-07-13 10:09:20'),
(3, 'Pelanggan Umum', 'Pelanggan Umum', 1, 'Admin', 0, '2022-07-13 10:08:53', NULL),
(4, 'Apotik', 'apotik', 1, 'administrator', 0, '2022-07-17 09:39:21', NULL);

-- --------------------------------------------------------

--
-- Table structure for table `mst_menu`
--

DROP TABLE IF EXISTS `mst_menu`;
CREATE TABLE IF NOT EXISTS `mst_menu` (
  `id` int(11) NOT NULL AUTO_INCREMENT,
  `nama` varchar(500) NOT NULL,
  `icon` varchar(500) DEFAULT NULL,
  `link` varchar(500) NOT NULL,
  `parent_id` int(2) NOT NULL,
  `ordinal` int(2) NOT NULL DEFAULT 1,
  `is_active` int(1) NOT NULL DEFAULT 1,
  `is_deleted` int(1) NOT NULL DEFAULT 0,
  `created_at` timestamp NOT NULL DEFAULT current_timestamp(),
  `user_modified` varchar(200) DEFAULT NULL,
  `updated_at` timestamp NULL DEFAULT NULL,
  PRIMARY KEY (`id`)
) ENGINE=InnoDB AUTO_INCREMENT=69 DEFAULT CHARSET=utf8mb4;

--
-- Dumping data for table `mst_menu`
--

INSERT INTO `mst_menu` (`id`, `nama`, `icon`, `link`, `parent_id`, `ordinal`, `is_active`, `is_deleted`, `created_at`, `user_modified`, `updated_at`) VALUES
(0, 'MAIN', '#', '#', 0, 0, 1, 0, '2022-04-10 15:13:09', NULL, NULL),
(14, 'Pengaturan Aplikasi', 'ni ni-ui-04 text-primary', 'setting', 0, 2, 1, 0, '2022-04-15 17:43:30', 'Admin', '2022-07-17 06:17:33'),
(15, 'test', 'ni ni-single-copy-04 text-orange', 'approve', 14, 1, 1, 1, '2022-04-15 17:43:46', NULL, NULL),
(16, 'asd', 'ni ni-single-copy-04 text-orange', 'approve', 14, 1, 1, 1, '2022-04-15 17:44:02', NULL, NULL),
(17, 'Menu Aplikasi', 'fa fa-check-double text-primary', 'menu', 14, 1, 1, 0, '2022-04-15 17:44:39', NULL, NULL),
(18, 'test', 'ni ni-single-copy-04 text-orange', 'te', 17, 1, 1, 1, '2022-04-23 07:33:55', NULL, NULL),
(19, 'test', 'ni ni-single-copy-04 text-orange', 'approve', 18, 1, 1, 1, '2022-04-23 07:34:32', NULL, NULL),
(20, 'test', 'ni ni-single-copy-04 text-orange', 'setting', 0, 1, 1, 1, '2022-04-23 07:55:20', NULL, NULL),
(21, 'Hak Akses', 'fa fa-check-double text-primary', 'accessControl', 14, 2, 1, 0, '2022-04-23 08:20:22', NULL, NULL),
(22, 'Master Data', 'ni ni-tablet-button text-primary', 'master', 0, 2, 1, 1, '2022-04-23 08:21:59', NULL, NULL),
(23, 'Dashboard', 'ni ni-tablet-button text-primary', '/', 0, 1, 1, 0, '2022-04-23 08:25:57', NULL, NULL),
(24, 'Barang', 'ni ni-single-copy-04 text-primary', 'barang', 0, 3, 1, 0, '2022-04-23 08:26:49', 'Admin', '2022-07-17 06:20:42'),
(25, 'Pelanggan', 'fa fa-users text-info', 'customer', 34, 2, 1, 0, '2022-04-23 08:28:26', 'Admin', '2022-05-07 16:16:10'),
(26, 'Supplier', 'fa fa-users text-info', 'supplier', 34, 1, 1, 0, '2022-04-23 08:28:49', NULL, NULL),
(27, 'Penjualan', 'ni ni-single-copy-04 text-primary', 'penjualan', 0, 6, 1, 0, '2022-04-23 08:30:29', 'Admin', '2022-07-17 06:23:04'),
(28, 'Pembelian', 'ni ni-single-copy-04 text-primary', 'pembelian', 0, 7, 1, 0, '2022-04-23 08:33:55', 'Admin', '2022-07-17 06:22:54'),
(29, 'Point Of Sales', 'ni ni-single-copy-04 text-orange', 'pos', 0, 8, 0, 0, '2022-04-23 08:50:38', 'Admin', '2022-08-21 18:09:54'),
(30, 'Laporan', 'ni ni-single-copy-04 text-primary', 'report', 0, 9, 1, 0, '2022-04-23 08:51:40', 'Admin', '2022-07-30 03:52:10'),
(31, 'Hak Akses Menu', 'fa fa-check-double text-primary', 'menuAccess', 21, 2, 1, 0, '2022-04-29 07:10:13', NULL, NULL),
(32, 'Daftar Barang', 'ni ni-tablet-button text-orange', 'listbarang', 24, 1, 1, 0, '2022-04-29 07:11:47', 'Admin', '2022-07-17 06:21:08'),
(33, 'Daftar Stok Per Variant', 'fa fa-check-double text-primary', 'liststock', 51, 1, 1, 0, '2022-04-29 07:12:38', 'Admin', '2022-07-29 03:20:57'),
(34, 'Master Data', 'ni ni-single-copy-04 text-primary', 'master', 0, 7, 1, 0, '2022-04-29 07:16:58', 'Admin', '2022-07-17 06:22:35'),
(35, 'Merk (Brand)', 'ni ni-tag text-orange', 'brand', 34, 3, 1, 0, '2022-04-29 07:18:24', 'Admin', '2022-07-17 06:16:24'),
(36, 'Kategori', 'ni ni-single-copy-04 text-orange', 'category', 34, 4, 1, 1, '2022-04-29 07:19:22', 'Admin', '2022-07-13 09:37:39'),
(37, 'Penjualan Langsung (POS)', 'ni ni-single-copy-04 text-orange', 'penjualanPos', 27, 1, 0, 0, '2022-04-29 07:29:39', 'Admin', '2022-08-21 18:09:40'),
(38, 'Tambah Penjualan', 'ni ni-single-copy-04 text-orange', 'penjualan', 27, 2, 1, 0, '2022-04-29 07:31:03', 'Admin', '2022-07-14 02:32:05'),
(39, 'Audit', 'ni ni-single-copy-04 text-primary', 'audit', 0, 8, 0, 0, '2022-04-29 07:32:52', 'Admin', '2022-08-21 18:10:00'),
(40, 'Stock Opname', 'ni ni-single-copy-04 text-orange', 'StockOpname', 51, 5, 0, 0, '2022-04-29 07:34:08', 'Admin', '2022-08-21 18:09:21'),
(41, 'Penyesuaian Stok', 'ni ni-single-copy-04 text-orange', 'stockAdjustment', 51, 3, 1, 0, '2022-04-29 07:34:39', 'Admin', '2022-07-29 03:22:46'),
(42, 'Satuan Kemasan', 'fa fa-check-double text-primary', 'packing', 34, 4, 1, 0, '2022-04-29 07:47:19', NULL, NULL),
(43, 'User Aplikasi', 'fa fa-users text-info', 'user', 34, 3, 1, 0, '2022-04-29 17:55:36', NULL, NULL),
(44, 'Daftar User', 'fa fa-users text-info', 'users', 43, 1, 1, 0, '2022-04-29 18:03:26', NULL, NULL),
(45, 'Daftar Role User', 'fa fa-users text-info', 'role', 43, 2, 1, 0, '2022-04-29 18:03:56', NULL, NULL),
(46, 'test', 'ni ni-single-copy-04 text-orange', 'approve', 31, 1, 1, 1, '2022-04-30 05:51:27', NULL, NULL),
(47, 'Hak Akses Data', 'fa fa-check-double text-primary', 'dataAccess', 21, 2, 0, 0, '2022-04-30 12:44:54', 'Admin', '2022-08-21 18:09:14'),
(48, 'Tambah Barang Baru', 'ni ni-fat-add text-orange', 'add', 24, 1, 1, 0, '2022-05-06 14:59:36', 'Admin', '2022-07-17 06:20:53'),
(49, 'Grup Pelanggan', 'fa fa-check-double text-primary', 'customergroup', 25, 2, 1, 0, '2022-05-07 16:13:26', 'Admin', '2022-05-07 16:15:26'),
(50, 'Daftar Pelanggan', 'fa fa-users text-info', 'customer', 25, 1, 1, 0, '2022-05-07 16:15:11', 'Admin', NULL),
(51, 'Stok', 'ni ni-single-copy-04 text-primary', 'stock', 0, 3, 1, 0, '2022-05-29 06:08:54', 'Admin', '2022-07-17 06:18:42'),
(52, 'Gudang', 'ni ni-single-copy-04 text-orange', 'gudang', 0, 3, 1, 1, '2022-05-29 06:13:11', 'Admin', '2022-05-29 06:17:47'),
(53, 'Penambahan Stock', 'ni ni-single-copy-04 text-orange', 'addStock', 51, 4, 1, 0, '2022-06-26 03:23:32', 'Admin', '2022-07-29 03:22:56'),
(54, 'Daftar Penyesuaian / Penambahan Stok', 'ni ni-single-copy-04 text-orange', 'listAdjustmentAddStock', 51, 5, 1, 0, '2022-07-05 15:17:25', 'Admin', '2022-07-29 03:23:03'),
(55, 'Daftar Penjualan', 'fas fa-globe text-success', 'listPenjualan', 27, 3, 1, 0, '2022-07-13 07:09:38', 'Admin', NULL),
(56, 'Tambah Pembelian', 'fa fa-check-double text-primary', 'addPembelian', 28, 1, 1, 0, '2022-07-16 13:45:48', 'Admin', NULL),
(57, 'List Pembelian', 'fa fa-check-double text-primary', 'listPembelian', 28, 2, 1, 0, '2022-07-16 13:46:13', 'Admin', NULL),
(58, 'Daftar Stock Keseluruhan', 'fa fa-check-double text-primary', 'listallstock', 51, 2, 1, 0, '2022-07-29 03:21:26', 'Admin', NULL),
(59, 'Laporan Keluar Masuk Barang', 'ni ni-single-copy-04 text-primary', 'keluarmasuk', 30, 1, 1, 0, '2022-07-30 03:52:57', 'Admin', NULL),
(60, 'Laporan Penjualan', 'ni ni-single-copy-04 text-primary', 'penjualanreport', 30, 2, 0, 0, '2022-07-30 03:53:54', 'Admin', '2022-08-21 18:10:26'),
(61, 'Laporan Pembelian', 'ni ni-single-copy-04 text-primary', 'pembelianreport', 30, 3, 0, 0, '2022-07-30 03:54:59', 'Admin', '2022-08-21 18:10:34'),
(62, 'Laporan Barang Hampir & Kadaluarsa', 'ni ni-tablet-button text-primary', 'expired', 30, 4, 0, 0, '2022-07-30 03:56:40', 'Admin', '2022-08-21 18:10:08'),
(63, 'Daftar Barang', 'ni ni-single-copy-04 text-primary', 'listbarang', 30, 7, 1, 0, '2022-07-30 04:01:03', 'Admin', NULL),
(64, 'Daftar Stock Per Variant', 'ni ni-tablet-button text-primary', 'liststock', 30, 8, 1, 0, '2022-07-30 04:01:52', 'Admin', '2022-08-20 14:17:48'),
(65, 'Import Barang', 'ni ni-single-copy-04 text-orange', 'import', 24, 3, 1, 0, '2022-08-02 08:52:15', 'Admin', NULL),
(66, 'Pengaturan Aplikasi', 'ni ni-ui-04 text-primary', 'settings', 14, 3, 0, 0, '2022-08-20 13:22:37', 'Admin', '2022-08-21 18:09:06'),
(67, 'Laporan Barang Hampir Habis', 'fa fa-check-double text-primary', 'productLimit', 30, 6, 0, 0, '2022-08-20 13:39:25', 'Admin', '2022-08-21 18:10:17'),
(68, 'Daftar Stock Keseluruhan', 'ni ni-single-copy-04 text-primary', 'listStockPerProduct', 30, 9, 1, 0, '2022-08-20 14:18:57', 'Admin', NULL);

-- --------------------------------------------------------

--
-- Table structure for table `mst_packing`
--

DROP TABLE IF EXISTS `mst_packing`;
CREATE TABLE IF NOT EXISTS `mst_packing` (
  `id` int(11) NOT NULL AUTO_INCREMENT,
  `nama` varchar(500) NOT NULL,
  `unit` varchar(200) NOT NULL,
  `amount` int(11) NOT NULL DEFAULT 1,
  `description` varchar(500) DEFAULT NULL,
  `parent_id` int(11) DEFAULT NULL,
  `is_active` int(1) NOT NULL DEFAULT 1,
  `user_modified` varchar(200) DEFAULT NULL,
  `is_deleted` int(1) NOT NULL DEFAULT 0,
  `created_at` timestamp NOT NULL DEFAULT current_timestamp(),
  `updated_at` timestamp NULL DEFAULT NULL,
  PRIMARY KEY (`id`),
  UNIQUE KEY `unit` (`unit`)
) ENGINE=InnoDB AUTO_INCREMENT=11 DEFAULT CHARSET=utf8mb4;

--
-- Dumping data for table `mst_packing`
--

INSERT INTO `mst_packing` (`id`, `nama`, `unit`, `amount`, `description`, `parent_id`, `is_active`, `user_modified`, `is_deleted`, `created_at`, `updated_at`) VALUES
(1, 'Dus', 'dus20', 20, 'Dus besar', 0, 1, 'Admin', 1, '2022-05-06 04:33:58', '2022-07-28 07:11:42'),
(2, 'Pack', 'pack10', 10, 'pack besar', 1, 1, 'Admin', 1, '2022-05-06 04:38:56', '2022-07-28 07:11:42'),
(3, 'Bks', 'bungkus12', 12, 'bungnkus kecil', 2, 1, 'Admin', 1, '2022-05-06 04:44:32', '2022-07-28 07:11:42'),
(4, 'batang', 'btg', 1, 'per batang tang tang', 3, 1, 'Admin', 1, '2022-05-06 04:45:15', '2022-07-28 07:11:42'),
(5, 'Pcs', 'pcs', 1, 'Pieces', NULL, 1, 'Admin', 0, '2022-05-28 08:37:15', NULL),
(6, 'Pack', 'pack12', 12, 'Pack 12', NULL, 1, 'Admin', 1, '2022-05-28 08:37:47', '2022-07-28 07:11:42'),
(7, 'Lusin', 'lusin', 12, 'Satu Lusin isi 12 ', NULL, 1, 'Admin', 0, '2022-07-02 16:24:08', NULL),
(8, 'Dus', 'dus6', 6, '1 Dus isi 6', NULL, 1, 'Admin', 1, '2022-07-02 16:25:00', '2022-07-28 07:11:42'),
(9, 'Dus', 'dus2', 2, '1 dus isi 2', NULL, 1, 'Admin', 1, '2022-07-02 16:26:13', '2022-07-28 07:11:42'),
(10, 'Kodi', 'kod', 20, 'WW', NULL, 1, 'Admin', 1, '2022-07-17 09:08:26', '2022-07-28 07:11:42');

-- --------------------------------------------------------

--
-- Table structure for table `mst_role`
--

DROP TABLE IF EXISTS `mst_role`;
CREATE TABLE IF NOT EXISTS `mst_role` (
  `id` int(11) NOT NULL AUTO_INCREMENT,
  `nama` varchar(500) NOT NULL,
  `description` varchar(500) NOT NULL,
  `is_active` int(1) NOT NULL DEFAULT 1,
  `user_modified` varchar(200) DEFAULT NULL,
  `is_deleted` int(1) NOT NULL DEFAULT 0,
  `created_at` timestamp NOT NULL DEFAULT current_timestamp(),
  `updated_at` timestamp NULL DEFAULT NULL,
  PRIMARY KEY (`id`)
) ENGINE=InnoDB AUTO_INCREMENT=11 DEFAULT CHARSET=utf8mb4;

--
-- Dumping data for table `mst_role`
--

INSERT INTO `mst_role` (`id`, `nama`, `description`, `is_active`, `user_modified`, `is_deleted`, `created_at`, `updated_at`) VALUES
(1, 'IT System Administrator', 'administrator untuk pemeliharaan aplikasi', 1, NULL, 0, '2022-04-30 12:26:38', NULL),
(2, 'Administrator', 'Administrator untuk akses semua menu', 1, NULL, 0, '2022-04-30 12:29:52', NULL),
(3, 'Kasir', 'User untuk akses menu kasir', 1, 'Admin', 1, '2022-04-30 12:30:28', '2022-07-30 05:12:52'),
(4, 'Beauty Advisor', 'User untuk manajemen barang serta pembelian dari merek tertentu', 1, 'Admin', 0, '2022-04-30 12:31:22', '2022-05-06 05:22:45'),
(5, 'Manajemen', 'User untuk akses Laporan dan monitoring penjualan, pembelian serta barang', 1, 'Admin', 1, '2022-04-30 12:33:01', '2022-07-30 05:12:45'),
(6, 'Admin Barang', 'User untuk manajemen semua barang', 1, 'Admin', 1, '2022-04-30 12:34:22', '2022-07-30 05:12:42');

-- --------------------------------------------------------

--
-- Table structure for table `mst_supplier`
--

DROP TABLE IF EXISTS `mst_supplier`;
CREATE TABLE IF NOT EXISTS `mst_supplier` (
  `id` int(11) NOT NULL AUTO_INCREMENT,
  `nama` varchar(500) NOT NULL,
  `description` varchar(500) DEFAULT NULL,
  `is_active` int(1) NOT NULL DEFAULT 1,
  `user_modified` varchar(200) DEFAULT NULL,
  `is_deleted` int(1) NOT NULL DEFAULT 0,
  `created_at` timestamp NOT NULL DEFAULT current_timestamp(),
  `updated_at` timestamp NULL DEFAULT NULL,
  PRIMARY KEY (`id`)
) ENGINE=InnoDB AUTO_INCREMENT=4 DEFAULT CHARSET=utf8mb4;

--
-- Dumping data for table `mst_supplier`
--

INSERT INTO `mst_supplier` (`id`, `nama`, `description`, `is_active`, `user_modified`, `is_deleted`, `created_at`, `updated_at`) VALUES
(1, 'PT Rembaka Cosmetics', 'TEST', 1, 'Admin', 0, '2022-07-16 13:55:41', NULL),
(2, 'PT Kosmetika Tama', 'TEST edit', 1, 'Admin', 1, '2022-07-16 13:55:57', '2022-07-16 13:56:23'),
(3, 'Umum', 'Umum', 1, 'Admin', 0, '2022-07-16 13:57:21', NULL);

-- --------------------------------------------------------

--
-- Table structure for table `mst_users`
--

DROP TABLE IF EXISTS `mst_users`;
CREATE TABLE IF NOT EXISTS `mst_users` (
  `id` int(11) NOT NULL AUTO_INCREMENT,
  `nama` varchar(500) NOT NULL,
  `username` varchar(500) NOT NULL,
  `password` varchar(500) NOT NULL,
  `is_active` int(1) NOT NULL DEFAULT 1,
  `user_modified` varchar(200) DEFAULT NULL,
  `is_deleted` int(1) NOT NULL DEFAULT 0,
  `created_at` timestamp NOT NULL DEFAULT current_timestamp(),
  `updated_at` timestamp NULL DEFAULT NULL,
  PRIMARY KEY (`id`),
  UNIQUE KEY `uniq` (`username`)
) ENGINE=InnoDB AUTO_INCREMENT=12 DEFAULT CHARSET=utf8mb4;

--
-- Dumping data for table `mst_users`
--

INSERT INTO `mst_users` (`id`, `nama`, `username`, `password`, `is_active`, `user_modified`, `is_deleted`, `created_at`, `updated_at`) VALUES
(1, 'IT Administrator', 'Admin', '$2y$05$lFDwlxHptWKq0tpq118ffu.knv.DVhjMHwaz5OBq7AT24TF6x47wG', 1, 'Admin', 0, '2022-05-01 12:26:47', '2022-08-21 14:08:02'),
(2, 'Testing Purpose', 'test', '$2y$05$r/8L63jIhUapZzs0HMlChej8qVtjWwMtdJYI4c7WLrEua1Y4M4Yfi', 1, 'Admin', 1, '2022-05-01 12:27:38', '2022-07-17 06:24:58'),
(3, 'test', 'test laggi', '$2y$05$7fUqFmboFVG7w3pRiejLNe1/QrDPZC5VnXqp.a/PYNcypwZSQkTTW', 1, 'Admin', 1, '2022-05-01 12:48:24', '2022-07-17 06:25:02'),
(4, 'Lukman', 'Test  Input', '$2y$05$53/ciRcvpVbUIun6iHL29.AX2LSSZkLU/UL8TW8JZAQ0qEo0bGG2.', 1, 'Admin', 1, '2022-05-01 13:49:13', '2022-07-17 06:24:54'),
(5, 'tetetet', 'tetetet', '$2y$05$73NlY60EJCg/9XLHU8GhvevItRsuqTA0LmDyCU3//5MDrLQfM.ZfK', 1, 'Admin', 1, '2022-05-01 13:52:11', '2022-07-17 06:25:06'),
(6, 'anwar', 'Admin2', '$2y$05$AdyfwgljEzGPC4zac1sNne9Db8kLWCmAIfOkQZtEaeW2x05qFEcS6', 1, 'Admin', 1, '2022-06-28 15:09:54', '2022-07-16 09:14:51'),
(7, 'User La Tulipe', 'user1', '$2y$05$OiUKHpHTVWmIOOfiNv92BeOH0/872FLy6VyY.wP6f79.pn/d/6lOm', 1, 'Admin', 0, '2022-07-17 06:25:44', NULL),
(8, 'User Inez', 'user2', '$2y$05$rQmJcYiGUU.6kd0ZvUkEGuG21uGOHBuim5SMpM5Nj7lCSlABtUuxi', 1, 'Admin', 0, '2022-07-17 06:26:10', NULL),
(9, 'User Wardah', 'user3', '$2y$05$NLtEV70n832gjaZwvZDdo.VXoWj12Z72Cdsj8D6KG0dYzuTsMXdoe', 1, 'Admin', 0, '2022-07-17 06:26:30', NULL),
(10, 'administrator', 'administrator', '$2y$05$DnP5Mbk5C.lUX3qKntiwVuhGyabE69SDhlvQhTsDigXFeWNgu11WS', 1, 'Admin', 0, '2022-07-17 07:34:38', NULL),
(11, 'Test', 'viva', '$2y$05$gh8dNsaOAHDy70eqg4/92.1Yv1/qyphdFr8UeDlQ3BtMYjH185sz.', 1, 'administrator', 0, '2022-07-17 09:18:26', NULL);

-- --------------------------------------------------------

--
-- Table structure for table `pembelian`
--

DROP TABLE IF EXISTS `pembelian`;
CREATE TABLE IF NOT EXISTS `pembelian` (
  `id` int(11) NOT NULL AUTO_INCREMENT,
  `invoice_no` varchar(200) NOT NULL,
  `supplier_id` int(11) NOT NULL,
  `remarks` varchar(500) DEFAULT NULL,
  `trans_date` date NOT NULL,
  `is_deleted` int(1) NOT NULL DEFAULT 0,
  `user_modified` varchar(200) NOT NULL,
  `created_at` timestamp NOT NULL DEFAULT current_timestamp(),
  `updated_at` timestamp NULL DEFAULT NULL,
  PRIMARY KEY (`id`)
) ENGINE=InnoDB AUTO_INCREMENT=8 DEFAULT CHARSET=utf8mb4;

--
-- Dumping data for table `pembelian`
--

INSERT INTO `pembelian` (`id`, `invoice_no`, `supplier_id`, `remarks`, `trans_date`, `is_deleted`, `user_modified`, `created_at`, `updated_at`) VALUES
(1, 'F/test/test/test', 1, 'testtttt', '2022-07-30', 0, 'Admin', '2022-07-30 03:45:28', NULL),
(2, 'F/test/test/testssss', 1, 'testtttt', '2022-07-30', 0, 'Admin', '2022-07-30 03:46:32', NULL),
(3, 'F/test/test/testsdfgdsfg', 1, '', '2022-08-01', 0, 'Admin', '2022-07-30 04:45:26', NULL),
(4, 'asdasdasdasdasd', 3, '', '2022-07-15', 0, 'Admin', '2022-07-30 04:49:36', NULL),
(5, 'F/test/test/test', 1, '', '2022-07-31', 0, 'Admin', '2022-07-30 09:16:05', NULL),
(6, 'F/test/test/test', 1, '', '2022-07-30', 0, 'Admin', '2022-07-30 09:17:24', NULL),
(7, 'asdasdasdasdasd', 1, '', '2022-08-20', 0, 'Admin', '2022-08-20 14:22:13', NULL);

-- --------------------------------------------------------

--
-- Table structure for table `pembelian_detail`
--

DROP TABLE IF EXISTS `pembelian_detail`;
CREATE TABLE IF NOT EXISTS `pembelian_detail` (
  `id` bigint(20) NOT NULL AUTO_INCREMENT,
  `header_id` int(11) NOT NULL,
  `variant_id` int(11) NOT NULL,
  `variant_name` varchar(200) DEFAULT NULL,
  `amount` int(11) NOT NULL,
  `packing_id` int(11) NOT NULL,
  `total_qty` int(11) NOT NULL,
  `buy_price` double(15,2) NOT NULL,
  `expired_date` date NOT NULL,
  PRIMARY KEY (`id`)
) ENGINE=InnoDB AUTO_INCREMENT=22 DEFAULT CHARSET=utf8mb4;

--
-- Dumping data for table `pembelian_detail`
--

INSERT INTO `pembelian_detail` (`id`, `header_id`, `variant_id`, `variant_name`, `amount`, `packing_id`, `total_qty`, `buy_price`, `expired_date`) VALUES
(1, 1, 24, 'BARE MATTE LIP CREAM 4.5G - 01 (HAZEL NUDE)', 1, 7, 12, 50000.00, '2022-07-30'),
(2, 1, 24, 'BARE MATTE LIP CREAM 4.5G - 01 (HAZEL NUDE)', 2, 7, 24, 50000.00, '2022-07-30'),
(3, 1, 24, 'BARE MATTE LIP CREAM 4.5G - 01 (HAZEL NUDE)', 3, 7, 36, 50000.00, '2022-07-30'),
(4, 1, 24, 'BARE MATTE LIP CREAM 4.5G - 01 (HAZEL NUDE)', 4, 7, 48, 50000.00, '2022-07-30'),
(5, 2, 24, 'BARE MATTE LIP CREAM 4.5G - 01 (HAZEL NUDE)', 1, 7, 12, 50000.00, '2022-08-06'),
(6, 2, 24, 'BARE MATTE LIP CREAM 4.5G - 01 (HAZEL NUDE)', 2, 7, 24, 50000.00, '2022-07-31'),
(7, 2, 24, 'BARE MATTE LIP CREAM 4.5G - 01 (HAZEL NUDE)', 3, 7, 36, 50000.00, '2022-07-31'),
(8, 2, 24, 'BARE MATTE LIP CREAM 4.5G - 01 (HAZEL NUDE)', 4, 7, 48, 50000.00, '2022-08-06'),
(9, 3, 72, 'Lipstick - 1', 1, 5, 1, 10000.00, '2022-08-06'),
(10, 3, 64, 'Lipstick - 1', 4, 5, 4, 10000.00, '2022-08-06'),
(11, 3, 72, 'Lipstick - 1', 4, 5, 4, 10000.00, '2022-08-06'),
(12, 3, 68, 'Lipstick - 5', 5, 5, 5, 10000.00, '2022-08-06'),
(13, 4, 24, 'BARE MATTE LIP CREAM 4.5G - 01 (HAZEL NUDE)', 3, 5, 3, 50000.00, '2022-08-06'),
(14, 4, 25, 'BARE MATTE LIP CREAM 4.5G - 02 (NUDE KISS)', 3, 5, 3, 50000.00, '2022-08-05'),
(15, 4, 27, 'BARE MATTE LIP CREAM 4.5G - 04 (TRUE LOVE)', 3, 5, 3, 50000.00, '2022-08-04'),
(16, 4, 79, 'Lipstick - 9', 2, 5, 2, 50000.00, '2022-08-03'),
(17, 5, 79, 'Lipstick - 9', 1, 5, 1, 10000.00, '2022-07-30'),
(18, 6, 63, 'BARE MATTE LIP CREAM 4.5G - 09', 1, 7, 12, 56000.00, '2022-07-30'),
(19, 6, 62, 'BARE MATTE LIP CREAM 4.5G - 08', 1, 7, 12, 56000.00, '2022-08-06'),
(20, 7, 729, 'Mascara', 1, 5, 1, 56000.00, '2022-09-01'),
(21, 7, 729, 'Mascara', 1, 5, 1, 56000.00, '2022-09-01');

-- --------------------------------------------------------

--
-- Table structure for table `penggunaan_mesin`
--

DROP TABLE IF EXISTS `penggunaan_mesin`;
CREATE TABLE IF NOT EXISTS `penggunaan_mesin` (
  `id` int(11) NOT NULL AUTO_INCREMENT,
  `id_mesin` int(11) DEFAULT NULL,
  `remark` varchar(100) NOT NULL,
  `shift` char(10) DEFAULT NULL,
  `tanggal` date DEFAULT NULL,
  `time_stamp` timestamp NOT NULL DEFAULT current_timestamp(),
  PRIMARY KEY (`id`)
) ENGINE=InnoDB AUTO_INCREMENT=12 DEFAULT CHARSET=utf8mb4;

--
-- Dumping data for table `penggunaan_mesin`
--

INSERT INTO `penggunaan_mesin` (`id`, `id_mesin`, `remark`, `shift`, `tanggal`, `time_stamp`) VALUES
(1, 1, 'OKE', '1', '2022-03-01', '2022-04-23 09:16:13'),
(2, 1, 'OLI HABIS', '2', '2022-03-01', '2022-04-23 09:16:13'),
(3, 1, 'OperatorTidur', '1', '2022-03-02', '2022-04-23 09:16:13'),
(4, 1, '', '2', '2022-03-03', '2022-04-23 09:16:13'),
(5, 2, '', '1', '2022-03-01', '2022-04-23 09:16:13'),
(6, 2, '', '1', '2022-03-03', '2022-04-23 09:16:13'),
(7, 3, '', '1', '2022-03-02', '2022-04-23 09:16:13'),
(8, 1, '', '1', '2022-03-04', '2022-04-23 09:16:13'),
(9, 4, '', '1', '2022-03-01', '2022-04-23 09:16:13'),
(10, 4, '', '1', '2022-03-02', '2022-04-23 09:16:13'),
(11, 4, '', '1', '2022-03-03', '2022-04-23 09:16:13');

-- --------------------------------------------------------

--
-- Table structure for table `products`
--

DROP TABLE IF EXISTS `products`;
CREATE TABLE IF NOT EXISTS `products` (
  `id` int(11) NOT NULL AUTO_INCREMENT,
  `nama` varchar(500) NOT NULL,
  `product_code` varchar(200) NOT NULL,
  `brand_id` int(11) NOT NULL,
  `margin` int(10) DEFAULT NULL,
  `price` double(15,2) DEFAULT NULL,
  `price_dist` double(15,2) DEFAULT 0.00,
  `img_path` varchar(500) DEFAULT NULL,
  `description` varchar(500) DEFAULT NULL,
  `is_active` int(1) NOT NULL DEFAULT 1,
  `user_modified` varchar(200) DEFAULT NULL,
  `is_deleted` int(1) NOT NULL DEFAULT 0,
  `created_at` timestamp NOT NULL DEFAULT current_timestamp(),
  `updated_at` timestamp NULL DEFAULT NULL,
  `barcode` varchar(200) DEFAULT NULL,
  PRIMARY KEY (`id`),
  UNIQUE KEY `product_code` (`product_code`)
) ENGINE=InnoDB AUTO_INCREMENT=610 DEFAULT CHARSET=utf8mb4;

--
-- Dumping data for table `products`
--

INSERT INTO `products` (`id`, `nama`, `product_code`, `brand_id`, `margin`, `price`, `price_dist`, `img_path`, `description`, `is_active`, `user_modified`, `is_deleted`, `created_at`, `updated_at`, `barcode`) VALUES
(1, 'Liquid Foundation Translucent', 'Red-A-LFT', 9, NULL, 14000.00, 11700.00, NULL, 'from upload', 1, 'Admin', 0, '2022-08-20 06:49:13', NULL, ''),
(2, 'Loose Powder', 'Red-A-LP', 9, NULL, 15000.00, 11700.00, NULL, 'from upload', 1, 'Admin', 0, '2022-08-20 06:49:13', NULL, ''),
(3, 'Compact Powder', 'Red-A-CP', 9, NULL, 26000.00, 21000.00, NULL, 'from upload', 1, 'Admin', 0, '2022-08-20 06:49:13', NULL, ''),
(4, 'Lipstick', 'Red-A-L', 9, NULL, 15000.00, 13500.00, NULL, 'from upload', 1, 'Admin', 0, '2022-08-20 06:49:13', NULL, ''),
(5, 'Lipstick Matte', 'Red-A-LM', 9, NULL, 31000.00, 27600.00, NULL, 'from upload', 1, 'Admin', 0, '2022-08-20 06:49:13', NULL, ''),
(6, 'Lip Colour Balm', 'Red-A-LCB', 9, NULL, 50000.00, 43500.00, NULL, 'from upload', 1, 'Admin', 0, '2022-08-20 06:49:13', NULL, ''),
(7, 'Lip Cream', 'Red-A-LC', 9, NULL, 40000.00, 32300.00, NULL, 'from upload', 1, 'Admin', 0, '2022-08-20 06:49:13', NULL, ''),
(8, 'Eye Shadow', 'Red-A-ES', 9, NULL, 26000.00, 20100.00, NULL, 'from upload', 1, 'Admin', 0, '2022-08-20 06:49:13', NULL, ''),
(9, 'Blush On', 'Red-A-BO', 9, NULL, 27000.00, 21000.00, NULL, 'from upload', 1, 'Admin', 0, '2022-08-20 06:49:13', NULL, ''),
(10, 'Facial Foam 80 gram', 'Red-A-FF8g', 9, NULL, 14000.00, 11700.00, NULL, 'from upload', 1, 'Admin', 0, '2022-08-20 06:49:13', NULL, ''),
(11, 'Compact Translucent', 'Red-A-CT', 9, NULL, 28000.00, 23800.00, NULL, 'from upload', 1, 'Admin', 0, '2022-08-20 06:49:13', NULL, ''),
(12, 'Eyebrow Cake', 'Red-A-EC', 9, NULL, 35000.00, 29500.00, NULL, 'from upload', 1, 'Admin', 0, '2022-08-20 06:49:13', NULL, ''),
(13, 'Moisturizer', 'Red-A-M', 9, NULL, 13000.00, 10800.00, NULL, 'from upload', 1, 'Admin', 0, '2022-08-20 06:49:13', NULL, ''),
(14, 'TWC', 'Red-A-T', 9, NULL, 43000.00, 37500.00, NULL, 'from upload', 1, 'Admin', 0, '2022-08-20 06:49:13', NULL, ''),
(15, 'Remover Body Painting', 'Viva-RBP', 8, NULL, 12000.00, 7800.00, NULL, 'from upload', 1, 'Admin', 0, '2022-08-20 06:49:13', NULL, ''),
(16, 'Parfum Melati', 'Viva-PM', 8, NULL, 17000.00, 14700.00, NULL, 'from upload', 1, 'Admin', 0, '2022-08-20 06:49:13', '2022-08-20 06:49:13', ''),
(17, 'Eyeliner Cair', 'Viva-EC', 8, NULL, 38000.00, 33600.00, NULL, 'from upload', 1, 'Admin', 0, '2022-08-20 06:49:13', '2022-08-20 06:49:13', ''),
(18, 'Makeup Kit Pallet', 'Viva-MKP', 8, NULL, 114000.00, 95200.00, NULL, 'from upload', 1, 'Admin', 0, '2022-08-20 06:49:13', NULL, ''),
(19, 'Lulur 325 gram', 'Viva-L3g', 8, NULL, 13000.00, 10400.00, NULL, 'from upload', 1, 'Admin', 0, '2022-08-20 06:49:13', NULL, ''),
(20, 'Remover Kutek', 'Viva-RK', 8, NULL, 11000.00, 9400.00, NULL, 'from upload', 1, 'Admin', 0, '2022-08-20 06:49:13', NULL, ''),
(21, 'Herbacare Shampoo', 'Viva-HS', 8, NULL, 18000.00, 15000.00, NULL, 'from upload', 1, 'Admin', 0, '2022-08-20 06:49:13', NULL, ''),
(22, 'Hair Conditioner', 'Viva-HC', 8, NULL, 13000.00, 11000.00, NULL, 'from upload', 1, 'Admin', 0, '2022-08-20 06:49:13', '2022-08-20 06:49:13', ''),
(23, 'Clean Mask', 'Viva-CM', 8, NULL, 15000.00, 12300.00, NULL, 'from upload', 1, 'Admin', 0, '2022-08-20 06:49:13', NULL, ''),
(24, 'Chic on Lips', 'Viva-CoL', 8, NULL, 14000.00, 11300.00, NULL, 'from upload', 1, 'Admin', 0, '2022-08-20 06:49:13', NULL, ''),
(25, 'Body Butter', 'Viva-BB', 8, NULL, 37000.00, 29600.00, NULL, 'from upload', 1, 'Admin', 0, '2022-08-20 06:49:13', NULL, ''),
(26, 'Waterdrop Sleeping Mask', 'Viva-WSM', 8, NULL, 27000.00, 22800.00, NULL, 'from upload', 1, 'Admin', 0, '2022-08-20 06:49:13', NULL, ''),
(27, 'Soothing Aloevera Gel', 'Viva-SAG', 8, NULL, 20000.00, 16300.00, NULL, 'from upload', 1, 'Admin', 0, '2022-08-20 06:49:13', NULL, ''),
(28, 'Spons Bedak', 'Viva-SB', 8, NULL, 6000.00, 4500.00, NULL, 'from upload', 1, 'Admin', 0, '2022-08-20 06:49:13', NULL, ''),
(29, 'Spons Puff', 'Viva-SP', 8, NULL, 7000.00, 5500.00, NULL, 'from upload', 1, 'Admin', 0, '2022-08-20 06:49:13', NULL, ''),
(30, 'Perfect Eyelash', 'Viva-PE', 8, NULL, 19000.00, 16400.00, NULL, 'from upload', 1, 'Admin', 0, '2022-08-20 06:49:13', NULL, ''),
(31, 'Body Cream', 'Viva-BC', 8, NULL, 25000.00, 22200.00, NULL, 'from upload', 1, 'Admin', 0, '2022-08-20 06:49:13', NULL, ''),
(32, 'Compact Bright Beauty', 'Viva-CBB', 8, NULL, 17000.00, 14300.00, NULL, 'from upload', 1, 'Admin', 0, '2022-08-20 06:49:13', NULL, ''),
(34, 'Hair Tonic', 'Viva-HT', 8, NULL, 8000.00, 6400.00, NULL, 'from upload', 1, 'Admin', 0, '2022-08-20 06:49:13', NULL, ''),
(35, 'Hand Body Lotion 550 ml', 'Viva-HBL5m', 8, NULL, 14000.00, 12000.00, NULL, 'from upload', 1, 'Admin', 0, '2022-08-20 06:49:13', NULL, ''),
(36, 'Shampoo Urang Aring', 'Viva-SUA', 8, NULL, 15000.00, 12300.00, NULL, 'from upload', 1, 'Admin', 0, '2022-08-20 06:49:13', NULL, ''),
(38, 'Refill Two Queen', 'Viva-RTQ', 8, NULL, 23000.00, 20000.00, NULL, 'from upload', 1, 'Admin', 0, '2022-08-20 06:49:13', NULL, ''),
(39, 'Multiactive Night Cream', 'Viva-MNC', 8, NULL, 38000.00, 32800.00, NULL, 'from upload', 1, 'Admin', 0, '2022-08-20 06:49:13', NULL, ''),
(40, 'Air Mawar 200 ml', 'Viva-AM2m', 8, NULL, 9000.00, 7700.00, NULL, 'from upload', 1, 'Admin', 0, '2022-08-20 06:49:13', '2022-08-20 06:49:13', ''),
(41, 'Hand Body Lotion 100 ml', 'Viva-HBL1m', 8, NULL, 5000.00, 4000.00, NULL, 'from upload', 1, 'Admin', 0, '2022-08-20 06:49:13', NULL, ''),
(42, 'Hand Body Lotion Cantika 100 ml', 'Viva-HBLC1m', 8, NULL, 2000.00, 1700.00, NULL, 'from upload', 1, 'Admin', 0, '2022-08-20 06:49:13', NULL, ''),
(43, 'Milk Cleanser', 'Viva-MC', 8, NULL, 7000.00, 6000.00, NULL, 'from upload', 1, 'Admin', 0, '2022-08-20 06:49:13', '2022-08-20 06:49:13', ''),
(45, 'Face Tonic', 'Viva-FT', 8, NULL, 7000.00, 6000.00, NULL, 'from upload', 1, 'Admin', 0, '2022-08-20 06:49:13', '2022-08-20 06:49:13', ''),
(47, 'Air Mawar 100 ml', 'Viva-AM1m', 8, NULL, 7000.00, 4600.00, NULL, 'from upload', 1, 'Admin', 0, '2022-08-20 06:49:13', NULL, ''),
(49, 'Advance Micellar Water', 'Viva-AMW', 8, NULL, 18000.00, 15000.00, NULL, 'from upload', 1, 'Admin', 0, '2022-08-20 06:49:13', NULL, ''),
(50, 'Skinfood 82 gram', 'Viva-S8g', 8, NULL, 8000.00, 6400.00, NULL, 'from upload', 1, 'Admin', 0, '2022-08-20 06:49:13', NULL, ''),
(51, 'Skinfood 30 gram', 'Viva-S3g', 8, NULL, 9000.00, 7400.00, NULL, 'from upload', 1, 'Admin', 0, '2022-08-20 06:49:13', NULL, ''),
(52, 'Collagen Night Cream', 'Viva-CNC', 8, NULL, 15000.00, 9500.00, NULL, 'from upload', 1, 'Admin', 0, '2022-08-20 06:49:13', NULL, ''),
(53, 'Whitening Cream', 'Viva-WC', 8, NULL, 15000.00, 8600.00, NULL, 'from upload', 1, 'Admin', 0, '2022-08-20 06:49:13', NULL, ''),
(54, 'Advance Face Serum', 'Viva-AFS', 8, NULL, 70000.00, 60800.00, NULL, 'from upload', 1, 'Admin', 0, '2022-08-20 06:49:13', NULL, ''),
(55, 'Anti Wrinkle Serum', 'Viva-AWS', 8, NULL, 13000.00, 9500.00, NULL, 'from upload', 1, 'Admin', 0, '2022-08-20 06:49:13', NULL, ''),
(56, 'Acne Lotion', 'Viva-AL', 8, NULL, 15000.00, 4000.00, NULL, 'from upload', 1, 'Admin', 0, '2022-08-20 06:49:13', NULL, ''),
(57, 'Acne Gel', 'Viva-AG', 8, NULL, 13000.00, 8000.00, NULL, 'from upload', 1, 'Admin', 0, '2022-08-20 06:49:13', NULL, ''),
(58, 'Face Mask', 'Viva-FM', 8, NULL, 8000.00, 6500.00, NULL, 'from upload', 1, 'Admin', 0, '2022-08-20 06:49:13', NULL, ''),
(59, 'Pelembap', 'Viva-P', 8, NULL, 8000.00, 7000.00, NULL, 'from upload', 1, 'Admin', 0, '2022-08-20 06:49:13', NULL, ''),
(60, 'Liquid Foundation', 'Viva-LF', 8, NULL, 8000.00, 6000.00, NULL, 'from upload', 1, 'Admin', 0, '2022-08-20 06:49:13', NULL, ''),
(61, 'Perfect CC Foundation', 'Viva-PCF', 8, NULL, 36000.00, 31000.00, NULL, 'from upload', 1, 'Admin', 0, '2022-08-20 06:49:13', NULL, ''),
(62, 'Perfect Cover Up', 'Viva-PCU', 8, NULL, 51000.00, 44000.00, NULL, 'from upload', 1, 'Admin', 0, '2022-08-20 06:49:13', NULL, ''),
(63, 'Perfect Concealer', 'Viva-PC', 8, NULL, 49000.00, 40800.00, NULL, 'from upload', 1, 'Admin', 0, '2022-08-20 06:49:13', NULL, ''),
(64, 'Perfect TWC Natural Bright', 'Viva-PTNB', 8, NULL, 10000.00, 8700.00, NULL, 'from upload', 1, 'Admin', 0, '2022-08-20 06:49:13', NULL, ''),
(65, 'Perfection Loose Powder', 'Viva-PLP', 8, NULL, 36000.00, 31700.00, NULL, 'from upload', 1, 'Admin', 0, '2022-08-20 06:49:13', NULL, ''),
(66, 'Perfect Blush On', 'Viva-PBO', 8, NULL, 52000.00, 45300.00, NULL, 'from upload', 1, 'Admin', 0, '2022-08-20 06:49:13', NULL, ''),
(67, 'Perfect Eye Shadow', 'Viva-PES', 8, NULL, 63000.00, 54800.00, NULL, 'from upload', 1, 'Admin', 0, '2022-08-20 06:49:13', NULL, ''),
(68, 'Perfect Blurring Primer', 'Viva-PBP', 8, NULL, 37000.00, 31800.00, NULL, 'from upload', 1, 'Admin', 0, '2022-08-20 06:49:13', NULL, ''),
(69, 'Perfect Highlighter', 'Viva-PH', 8, NULL, 52000.00, 45300.00, NULL, 'from upload', 1, 'Admin', 0, '2022-08-20 06:49:13', NULL, ''),
(70, 'Covering Cream', 'Viva-CC', 8, NULL, 10000.00, 8700.00, NULL, 'from upload', 1, 'Admin', 0, '2022-08-20 06:49:13', NULL, ''),
(71, 'Suncare Cream', 'Viva-SC', 8, NULL, 13000.00, 6000.00, NULL, 'from upload', 1, 'Admin', 0, '2022-08-20 06:49:13', NULL, ''),
(72, 'Special Day Cream', 'Viva-SDC', 8, NULL, 6000.00, 5100.00, NULL, 'from upload', 1, 'Admin', 0, '2022-08-20 06:49:13', NULL, ''),
(73, 'Bedak Zak Mini 15 gram', 'Viva-BZM1g', 8, NULL, 1500.00, 1300.00, NULL, 'from upload', 1, 'Admin', 0, '2022-08-20 06:49:13', NULL, ''),
(74, 'Bedak Zak Supermini 10 gram', 'Viva-BZS1g', 8, NULL, 1000.00, 970.00, NULL, 'from upload', 1, 'Admin', 0, '2022-08-20 06:49:13', NULL, ''),
(75, 'Bedak Zak 25 gram', 'Viva-BZ2g', 8, NULL, 3000.00, 1700.00, NULL, 'from upload', 1, 'Admin', 0, '2022-08-20 06:49:13', NULL, ''),
(76, 'Compact Powder Orange', 'Viva-CPO', 8, NULL, 14000.00, 11600.00, NULL, 'from upload', 1, 'Admin', 0, '2022-08-20 06:49:13', NULL, ''),
(77, 'Compact Lilac', 'Viva-CL', 8, NULL, 15000.00, 11800.00, NULL, 'from upload', 1, 'Admin', 0, '2022-08-20 06:49:13', NULL, ''),
(78, 'Compact Queen', 'Viva-CQ', 8, NULL, 32000.00, 26500.00, NULL, 'from upload', 1, 'Admin', 0, '2022-08-20 06:49:13', NULL, ''),
(79, 'Refill Compact Queen', 'Viva-RCQ', 8, NULL, 21000.00, 17500.00, NULL, 'from upload', 1, 'Admin', 0, '2022-08-20 06:49:13', NULL, ''),
(80, 'TWC Queen', 'Viva-TQ', 8, NULL, 43000.00, 37500.00, NULL, 'from upload', 1, 'Admin', 0, '2022-08-20 06:49:13', NULL, ''),
(81, 'Shimmering Loose Powder', 'Viva-SLP', 8, NULL, 41000.00, 34000.00, NULL, 'from upload', 1, 'Admin', 0, '2022-08-20 06:49:13', NULL, ''),
(82, 'Perfect Eyebrow Matic', 'Viva-PEM', 8, NULL, 41000.00, 33200.00, NULL, 'from upload', 1, 'Admin', 0, '2022-08-20 06:49:13', NULL, ''),
(83, 'Eyeliner Pensil', 'Viva-EP', 8, NULL, 24000.00, 21000.00, NULL, 'from upload', 1, 'Admin', 0, '2022-08-20 06:49:13', '2022-08-20 06:49:13', ''),
(84, 'Eyebrow Limited (Rautan)', 'Viva-EL(', 8, NULL, 35500.00, 30800.00, NULL, 'from upload', 1, 'Admin', 0, '2022-08-20 06:49:13', NULL, ''),
(85, 'Eye Shadow Satuan Cream', 'Viva-ESSC', 8, NULL, 15000.00, 13200.00, NULL, 'from upload', 1, 'Admin', 0, '2022-08-20 06:49:13', NULL, ''),
(86, 'Eye Shadow Cream', 'Viva-ESC', 8, NULL, 10000.00, 7900.00, NULL, 'from upload', 1, 'Admin', 0, '2022-08-20 06:49:13', NULL, ''),
(87, 'Eye Shadow Duo', 'Viva-ESD', 8, NULL, 26000.00, 21300.00, NULL, 'from upload', 1, 'Admin', 0, '2022-08-20 06:49:13', NULL, ''),
(88, 'Eye Shadow Queen', 'Viva-ESQ', 8, NULL, 35000.00, 29000.00, NULL, 'from upload', 1, 'Admin', 0, '2022-08-20 06:49:13', NULL, ''),
(90, 'Eyeliner Matic', 'Viva-EM', 8, NULL, 41000.00, 36000.00, NULL, 'from upload', 1, 'Admin', 0, '2022-08-20 06:49:13', NULL, ''),
(92, 'Eyeliner Perfect Pen', 'Viva-EPP', 8, NULL, 56000.00, 49000.00, NULL, 'from upload', 1, 'Admin', 0, '2022-08-20 06:49:13', NULL, ''),
(93, 'Fintoch', 'Viva-F', 8, NULL, 8000.00, 5500.00, NULL, 'from upload', 1, 'Admin', 0, '2022-08-20 06:49:13', '2022-08-20 06:50:54', ''),
(94, 'Blush On Duo', 'Viva-BOD', 8, NULL, 27000.00, 21500.00, NULL, 'from upload', 1, 'Admin', 0, '2022-08-20 06:49:13', NULL, ''),
(95, 'Blush On Queen', 'Viva-BOQ', 8, NULL, 28000.00, 22000.00, NULL, 'from upload', 1, 'Admin', 0, '2022-08-20 06:49:13', NULL, ''),
(96, 'Perfect Cleanser Remover', 'Viva-PCR', 8, NULL, 21000.00, 16800.00, NULL, 'from upload', 1, 'Admin', 0, '2022-08-20 06:49:13', NULL, ''),
(97, 'Eyebase Shadow Gel', 'Viva-ESG', 8, NULL, 13000.00, 10300.00, NULL, 'from upload', 1, 'Admin', 0, '2022-08-20 06:49:13', NULL, ''),
(98, 'Lipstick Standar', 'Viva-LS', 8, NULL, 16000.00, 13800.00, NULL, 'from upload', 1, 'Admin', 0, '2022-08-20 06:49:13', NULL, ''),
(99, 'Lipstick Perfect Matte', 'Viva-LPM', 8, NULL, 31000.00, 25600.00, NULL, 'from upload', 1, 'Admin', 0, '2022-08-20 06:49:13', NULL, ''),
(100, 'Lipstick Perfect Shine', 'Viva-LPS', 8, NULL, 31000.00, 25600.00, NULL, 'from upload', 1, 'Admin', 0, '2022-08-20 06:49:13', NULL, ''),
(101, 'Pidih, Lotho', 'Viva-PL', 8, NULL, 13000.00, 9700.00, NULL, 'from upload', 1, 'Admin', 0, '2022-08-20 06:49:13', NULL, ''),
(102, 'Body Painting', 'Viva-BP', 8, NULL, 31000.00, 27000.00, NULL, 'from upload', 1, 'Admin', 0, '2022-08-20 06:49:13', NULL, ''),
(103, 'Golden Age Essence', 'YOU-GAE', 7, NULL, 159000.00, 128200.00, NULL, 'from upload', 1, 'Admin', 0, '2022-08-20 06:49:13', NULL, ''),
(104, 'Golden Age Day 30 gram', 'YOU-GAD3g', 7, NULL, 115000.00, 86900.00, NULL, 'from upload', 1, 'Admin', 0, '2022-08-20 06:49:13', NULL, ''),
(105, 'Golden Age Day 18 gram', 'YOU-GAD1g', 7, NULL, 55000.00, 41600.00, NULL, 'from upload', 1, 'Admin', 0, '2022-08-20 06:49:13', NULL, ''),
(106, 'Golden Age Night 30 gram', 'YOU-GAN3g', 7, NULL, 125000.00, 94500.00, NULL, 'from upload', 1, 'Admin', 0, '2022-08-20 06:49:13', NULL, ''),
(107, 'Golden Age Night 18 gram', 'YOU-GAN1g', 7, NULL, 59000.00, 44800.00, NULL, 'from upload', 1, 'Admin', 0, '2022-08-20 06:49:13', NULL, ''),
(108, 'Golden Age Serum 20 ml', 'YOU-GAS2m', 7, NULL, 129000.00, 97500.00, NULL, 'from upload', 1, 'Admin', 0, '2022-08-20 06:49:13', NULL, ''),
(109, 'Golden Age Facial Foam', 'YOU-GAFF', 7, NULL, 55000.00, 41600.00, NULL, 'from upload', 1, 'Admin', 0, '2022-08-20 06:49:13', NULL, ''),
(110, 'Golden Age Eye Cream', 'YOU-GAEC', 7, NULL, 115000.00, 86900.00, NULL, 'from upload', 1, 'Admin', 0, '2022-08-20 06:49:13', NULL, ''),
(111, 'The Radiance White Toner', 'YOU-TRWT', 7, NULL, 56000.00, 42300.00, NULL, 'from upload', 1, 'Admin', 0, '2022-08-20 06:49:13', NULL, ''),
(112, 'The Radiance Facial Foam', 'YOU-TRFF', 7, NULL, 52000.00, 39300.00, NULL, 'from upload', 1, 'Admin', 0, '2022-08-20 06:49:13', NULL, ''),
(113, 'The Radiance Day 30 gram', 'YOU-TRD3g', 7, NULL, 68000.00, 51400.00, NULL, 'from upload', 1, 'Admin', 0, '2022-08-20 06:49:13', NULL, ''),
(114, 'The Radiance Night 30 gram', 'YOU-TRN3g', 7, NULL, 68000.00, 51400.00, NULL, 'from upload', 1, 'Admin', 0, '2022-08-20 06:49:13', NULL, ''),
(115, 'The Radiance Serum 20 ml', 'YOU-TRS2m', 7, NULL, 120000.00, 90700.00, NULL, 'from upload', 1, 'Admin', 0, '2022-08-20 06:49:13', NULL, ''),
(116, 'Radiance Up Moist', 'YOU-RUM', 7, NULL, 139000.00, 105100.00, NULL, 'from upload', 1, 'Admin', 0, '2022-08-20 06:49:13', NULL, ''),
(117, 'Radiance Up Essence', 'YOU-RUE', 7, NULL, 139000.00, 105100.00, NULL, 'from upload', 1, 'Admin', 0, '2022-08-20 06:49:13', NULL, ''),
(118, 'Radiance Up Serum', 'YOU-RUS', 7, NULL, 139000.00, 105100.00, NULL, 'from upload', 1, 'Admin', 0, '2022-08-20 06:49:13', NULL, ''),
(119, 'Radiance BB Cream', 'YOU-RBC', 7, NULL, 58000.00, 43800.00, NULL, 'from upload', 1, 'Admin', 0, '2022-08-20 06:49:13', NULL, ''),
(120, 'Advance Booster Serum Biomecera', 'YOU-ABSB', 7, NULL, 159000.00, 120200.00, NULL, 'from upload', 1, 'Admin', 0, '2022-08-20 06:49:13', NULL, ''),
(121, 'Skin Energy Serum', 'YOU-SES', 7, NULL, 74000.00, 55900.00, NULL, 'from upload', 1, 'Admin', 0, '2022-08-20 06:49:13', NULL, ''),
(122, 'Hy Amino', 'YOU-HA', 7, NULL, 38000.00, 28700.00, NULL, 'from upload', 1, 'Admin', 0, '2022-08-20 06:49:13', NULL, ''),
(123, 'Dazzling Body Cream', 'YOU-DBC', 7, NULL, 88000.00, 66500.00, NULL, 'from upload', 1, 'Admin', 0, '2022-08-20 06:49:13', NULL, ''),
(124, 'Dazzling Tone Up', 'YOU-DTU', 7, NULL, 28000.00, 21200.00, NULL, 'from upload', 1, 'Admin', 0, '2022-08-20 06:49:13', NULL, ''),
(125, 'Dazzling Day 40 gram', 'YOU-DD4g', 7, NULL, 60000.00, 45406.00, NULL, 'from upload', 1, 'Admin', 0, '2022-08-20 06:49:13', NULL, ''),
(126, 'Dazzling Day 20 gram', 'YOU-DD2g', 7, NULL, 35000.00, 26500.00, NULL, 'from upload', 1, 'Admin', 0, '2022-08-20 06:49:13', NULL, ''),
(127, 'Dazzling Night 40 gram', 'YOU-DN4g', 7, NULL, 67000.00, 50700.00, NULL, 'from upload', 1, 'Admin', 0, '2022-08-20 06:49:13', NULL, ''),
(128, 'Dazzling Night 20 gram', 'YOU-DN2g', 7, NULL, 38000.00, 28700.00, NULL, 'from upload', 1, 'Admin', 0, '2022-08-20 06:49:13', NULL, ''),
(129, 'Dazzling Toner', 'YOU-DT', 7, NULL, 35000.00, 26500.00, NULL, 'from upload', 1, 'Admin', 0, '2022-08-20 06:49:13', NULL, ''),
(130, 'Dazzling Facial Foam', 'YOU-DFF', 7, NULL, 35000.00, 26500.00, NULL, 'from upload', 1, 'Admin', 0, '2022-08-20 06:49:13', NULL, ''),
(131, 'Sleeping Mask', 'YOU-SM', 7, NULL, 50000.00, 37800.00, NULL, 'from upload', 1, 'Admin', 0, '2022-08-20 06:49:13', NULL, ''),
(132, 'Clay Mask', 'YOU-CM', 7, NULL, 50000.00, 37800.00, NULL, 'from upload', 1, 'Admin', 0, '2022-08-20 06:49:13', NULL, ''),
(133, 'Lashboom Ultra Volume Mascara', 'YOU-LUVM', 7, NULL, 81500.00, 61600.00, NULL, 'from upload', 1, 'Admin', 0, '2022-08-20 06:49:13', NULL, ''),
(134, 'Lashtension Mascara', 'YOU-LM', 7, NULL, 58000.00, 43800.00, NULL, 'from upload', 1, 'Admin', 0, '2022-08-20 06:49:13', NULL, ''),
(135, 'Ink Black Liquid Liner', 'YOU-IBLL', 7, NULL, 46000.00, 34800.00, NULL, 'from upload', 1, 'Admin', 0, '2022-08-20 06:49:13', NULL, ''),
(136, 'Stay All Day Liner', 'YOU-SADL', 7, NULL, 82000.00, 62000.00, NULL, 'from upload', 1, 'Admin', 0, '2022-08-20 06:49:13', NULL, ''),
(137, 'Express Point Liner', 'YOU-EPL', 7, NULL, 53000.00, 40100.00, NULL, 'from upload', 1, 'Admin', 0, '2022-08-20 06:49:13', NULL, ''),
(138, 'Eyeliner Pen', 'YOU-EP', 7, NULL, 89000.00, 67300.00, NULL, 'from upload', 1, 'Admin', 0, '2022-08-20 06:49:13', NULL, ''),
(139, 'Sparkling Face Pallet', 'YOU-SFP', 7, NULL, 128500.00, 97100.00, NULL, 'from upload', 1, 'Admin', 0, '2022-08-20 06:49:13', NULL, ''),
(140, 'Sparkling Face Pallet Iluminating', 'YOU-SFPI', 7, NULL, 59000.00, 44800.00, NULL, 'from upload', 1, 'Admin', 0, '2022-08-20 06:49:13', NULL, ''),
(141, 'Simplicity Eyeliner', 'YOU-SE', 7, NULL, 49000.00, 37000.00, NULL, 'from upload', 1, 'Admin', 0, '2022-08-20 06:49:13', NULL, ''),
(142, 'Simplicity Lip Color', 'YOU-SLC', 7, NULL, 59000.00, 44800.00, NULL, 'from upload', 1, 'Admin', 0, '2022-08-20 06:49:13', NULL, ''),
(143, 'Simplicity Lip Tint', 'YOU-SLT', 7, NULL, 49000.00, 37000.00, NULL, 'from upload', 1, 'Admin', 0, '2022-08-20 06:49:13', NULL, ''),
(144, 'Simplicity Blush On', 'YOU-SBO', 7, NULL, 49000.00, 37000.00, NULL, 'from upload', 1, 'Admin', 0, '2022-08-20 06:49:13', NULL, ''),
(145, 'Simplicity Highlighter', 'YOU-SH', 7, NULL, 49000.00, 37000.00, NULL, 'from upload', 1, 'Admin', 0, '2022-08-20 06:49:13', NULL, ''),
(146, 'Simplicity Cushion', 'YOU-SC', 7, NULL, 115000.00, 86900.00, NULL, 'from upload', 1, 'Admin', 0, '2022-08-20 06:49:13', NULL, ''),
(147, 'Simplicity Styler Brow', 'YOU-SSB', 7, NULL, 45000.00, 34000.00, NULL, 'from upload', 1, 'Admin', 0, '2022-08-20 06:49:13', NULL, ''),
(148, 'Nutriwear Pressed Powder', 'YOU-NPP', 7, NULL, 105000.00, 79400.00, NULL, 'from upload', 1, 'Admin', 0, '2022-08-20 06:49:13', NULL, ''),
(149, 'Nutriwear Velvet Liquid Foundation', 'YOU-NVLF', 7, NULL, 105000.00, 79400.00, NULL, 'from upload', 1, 'Admin', 0, '2022-08-20 06:49:13', NULL, ''),
(150, 'Nutriwear Loose Powder', 'YOU-NLP', 7, NULL, 69500.00, 52500.00, NULL, 'from upload', 1, 'Admin', 0, '2022-08-20 06:49:13', NULL, ''),
(151, 'Nutriwear Complete Cover Concealer', 'YOU-NCCC', 7, NULL, 58000.00, 43800.00, NULL, 'from upload', 1, 'Admin', 0, '2022-08-20 06:49:13', NULL, ''),
(152, 'Nutriwear Stay Look Mist', 'YOU-NSLM', 7, NULL, 58000.00, 43800.00, NULL, 'from upload', 1, 'Admin', 0, '2022-08-20 06:49:13', NULL, ''),
(153, 'Perfect Dual Brow Matic', 'YOU-PDBM', 7, NULL, 79000.00, 59700.00, NULL, 'from upload', 1, 'Admin', 0, '2022-08-20 06:49:13', NULL, ''),
(154, 'Drama Queen Ell Pen', 'YOU-DQEP', 7, NULL, 89000.00, 67300.00, NULL, 'from upload', 1, 'Admin', 0, '2022-08-20 06:49:13', NULL, ''),
(155, 'Crystal Loose Powder', 'YOU-CLP', 7, NULL, 69000.00, 52200.00, NULL, 'from upload', 1, 'Admin', 0, '2022-08-20 06:49:13', NULL, ''),
(156, 'Perfect Eye Shadow', 'YOU-PES', 7, NULL, 79000.00, 59700.00, NULL, 'from upload', 1, 'Admin', 0, '2022-08-20 06:49:13', NULL, ''),
(157, 'Simplicity Facial Wash', 'YOU-SFW', 7, NULL, 29000.00, 21900.00, NULL, 'from upload', 1, 'Admin', 0, '2022-08-20 06:49:13', NULL, ''),
(158, 'Prebiotic Micellar Water 110ML', 'YOU-PMW1', 7, NULL, 35000.00, 26500.00, NULL, 'from upload', 1, 'Admin', 0, '2022-08-20 06:49:13', NULL, ''),
(159, 'Purifying Bubble Sheet Mask', 'YOU-PBSM', 7, NULL, 17000.00, 16000.00, NULL, 'from upload', 1, 'Admin', 0, '2022-08-20 06:49:13', NULL, ''),
(160, 'The Skin Matte Face Mask', 'YOU-TSMFM', 7, NULL, 15000.00, 11300.00, NULL, 'from upload', 1, 'Admin', 0, '2022-08-20 06:49:13', NULL, ''),
(161, 'Acne Facial Foam', 'YOU-AFF', 7, NULL, 52000.00, 39300.00, NULL, 'from upload', 1, 'Admin', 0, '2022-08-20 06:49:13', NULL, ''),
(162, 'Acne Toner', 'YOU-AT', 7, NULL, 40000.00, 30200.00, NULL, 'from upload', 1, 'Admin', 0, '2022-08-20 06:49:13', NULL, ''),
(163, 'Acne Moist', 'YOU-AM', 7, NULL, 40000.00, 20300.00, NULL, 'from upload', 1, 'Admin', 0, '2022-08-20 06:49:13', NULL, ''),
(164, 'Acne Spot Care', 'YOU-ASC', 7, NULL, 45000.00, 39000.00, NULL, 'from upload', 1, 'Admin', 0, '2022-08-20 06:49:13', NULL, ''),
(165, 'Acne Serum', 'YOU-AS', 7, NULL, 85000.00, 64300.00, NULL, 'from upload', 1, 'Admin', 0, '2022-08-20 06:49:13', NULL, ''),
(166, 'Tone Up UV Elixir SPF 50+ PA+++', 'YOU-TUUES5P', 7, NULL, 88000.00, 66500.00, NULL, 'from upload', 1, 'Admin', 0, '2022-08-20 06:49:13', NULL, ''),
(167, 'Triple UV Elixir 50+ PA+++', 'YOU-TUE5P', 7, NULL, 65000.00, 49100.00, NULL, 'from upload', 1, 'Admin', 0, '2022-08-20 06:49:13', NULL, ''),
(168, 'Rouge Velvet Lipstick', 'YOU-RVL', 7, NULL, 85000.00, 64300.00, NULL, 'from upload', 1, 'Admin', 0, '2022-08-20 06:49:13', NULL, ''),
(169, 'Rouge Power', 'YOU-RP', 7, NULL, 93000.00, 70300.00, NULL, 'from upload', 1, 'Admin', 0, '2022-08-20 06:49:13', NULL, ''),
(170, 'Stay Matte Lipstick', 'YOU-SML', 7, NULL, 69000.00, 52200.00, NULL, 'from upload', 1, 'Admin', 0, '2022-08-20 06:49:13', NULL, ''),
(171, 'Supreme Lipstick', 'YOU-SL', 7, NULL, 45000.00, 34000.00, NULL, 'from upload', 1, 'Admin', 0, '2022-08-20 06:49:13', NULL, ''),
(172, 'Lucious Lipstick', 'YOU-LL', 7, NULL, 75000.00, 56700.00, NULL, 'from upload', 1, 'Admin', 0, '2022-08-20 06:49:13', NULL, ''),
(173, 'Colorland Lipstain', 'YOU-CL', 7, NULL, 79000.00, 59700.00, NULL, 'from upload', 1, 'Admin', 0, '2022-08-20 06:49:13', NULL, ''),
(174, 'Colorland Go to the Brow', 'YOU-CGttB', 7, NULL, 50000.00, 37800.00, NULL, 'from upload', 1, 'Admin', 0, '2022-08-20 06:49:13', NULL, ''),
(175, 'Flawless Two Way Cake', 'YOU-FTWC', 7, NULL, 89000.00, 67300.00, NULL, 'from upload', 1, 'Admin', 0, '2022-08-20 06:49:13', NULL, ''),
(176, 'Extra Full Coverage', 'YOU-EFC', 7, NULL, 119000.00, 90000.00, NULL, 'from upload', 1, 'Admin', 0, '2022-08-20 06:49:13', NULL, ''),
(177, 'Dual Eyebrow Styler', 'YOU-DES', 7, NULL, 69000.00, 52200.00, NULL, 'from upload', 1, 'Admin', 0, '2022-08-20 06:49:13', NULL, ''),
(178, 'Powerstay Mate BB Cushion', 'Make-Over-PMBC', 10, NULL, 208000.00, 174700.00, NULL, 'from upload', 1, 'Admin', 0, '2022-08-20 06:49:13', NULL, ''),
(179, 'Powerstay Mate BB Cushion Refill', 'Make-Over-PMBCR', 10, NULL, 140000.00, 117600.00, NULL, 'from upload', 1, 'Admin', 0, '2022-08-20 06:49:13', NULL, ''),
(180, 'Powerstay Matte Powder Foundation (TWC)', 'Make-Over-PMPF(', 10, NULL, 183000.00, 157700.00, NULL, 'from upload', 1, 'Admin', 0, '2022-08-20 06:49:13', NULL, ''),
(181, 'Powerstay Ultra Glow Highlighter', 'Make-Over-PUGH', 10, NULL, 184000.00, 154520.00, NULL, 'from upload', 1, 'Admin', 0, '2022-08-20 06:49:13', NULL, ''),
(182, 'Powerstay Liquid Foundation', 'Make-Over-PLF', 10, NULL, 162000.00, 136100.00, NULL, 'from upload', 1, 'Admin', 0, '2022-08-20 06:49:13', NULL, ''),
(183, 'Powerstay Liquid Concealer', 'Make-Over-PLC', 10, NULL, 96000.00, 80600.00, NULL, 'from upload', 1, 'Admin', 0, '2022-08-20 06:49:13', NULL, ''),
(184, 'Powerstay Transfer Proof Matte Lip Cream', 'Make-Over-PTPMLC', 10, NULL, 115000.00, 96600.00, NULL, 'from upload', 1, 'Admin', 0, '2022-08-20 06:49:13', NULL, ''),
(185, 'TWC Perfect', 'Make-Over-TP', 10, NULL, 153000.00, 128500.00, NULL, 'from upload', 1, 'Admin', 0, '2022-08-20 06:49:13', NULL, ''),
(186, 'TWC Refill', 'Make-Over-TR', 10, NULL, 101000.00, 84300.00, NULL, 'from upload', 1, 'Admin', 0, '2022-08-20 06:49:13', NULL, ''),
(187, 'Bedak Basah', 'Make-Over-BB', 10, NULL, 128000.00, 107500.00, NULL, 'from upload', 1, 'Admin', 0, '2022-08-20 06:49:13', NULL, ''),
(188, 'Bedak Tabur', 'Make-Over-BT', 10, NULL, 118000.00, 99100.00, NULL, 'from upload', 1, 'Admin', 0, '2022-08-20 06:49:13', NULL, ''),
(189, 'Liquid Foundation Ultra Cover', 'Make-Over-LFUC', 10, NULL, 138000.00, 115900.00, NULL, 'from upload', 1, 'Admin', 0, '2022-08-20 06:49:13', NULL, ''),
(190, 'Hydration Serum', 'Make-Over-HS', 10, NULL, 112000.00, 94100.00, NULL, 'from upload', 1, 'Admin', 0, '2022-08-20 06:49:13', NULL, ''),
(191, 'Corrective Base Make Up', 'Make-Over-CBMU', 10, NULL, 81000.00, 68000.00, NULL, 'from upload', 1, 'Admin', 0, '2022-08-20 06:49:13', NULL, ''),
(192, 'Concealer Padat', 'Make-Over-CP', 10, NULL, 138000.00, 115900.00, NULL, 'from upload', 1, 'Admin', 0, '2022-08-20 06:49:13', NULL, ''),
(193, 'Eyebrow Spidol', 'Make-Over-ES', 10, NULL, 122000.00, 102500.00, NULL, 'from upload', 1, 'Admin', 0, '2022-08-20 06:49:13', '2022-08-20 06:49:13', ''),
(194, 'Blush On', 'Make-Over-BO', 10, NULL, 87000.00, 73100.00, NULL, 'from upload', 1, 'Admin', 0, '2022-08-20 06:49:13', NULL, ''),
(195, 'Marbels Cheek', 'Make-Over-MC', 10, NULL, 189000.00, 158800.00, NULL, 'from upload', 1, 'Admin', 0, '2022-08-20 06:49:13', NULL, ''),
(196, 'Contour Kit', 'Make-Over-CK', 10, NULL, 118000.00, 99100.00, NULL, 'from upload', 1, 'Admin', 0, '2022-08-20 06:49:13', NULL, ''),
(197, 'Eyebrow Kit', 'Make-Over-EK', 10, NULL, 113000.00, 94900.00, NULL, 'from upload', 1, 'Admin', 0, '2022-08-20 06:49:13', NULL, ''),
(198, 'Intense Matte Lip Cream', 'Make-Over-IMLC', 10, NULL, 102000.00, 85700.00, NULL, 'from upload', 1, 'Admin', 0, '2022-08-20 06:49:13', NULL, ''),
(199, 'Color Stick Matte Crayon', 'Make-Over-CSMC', 10, NULL, 97000.00, 81500.00, NULL, 'from upload', 1, 'Admin', 0, '2022-08-20 06:49:13', NULL, ''),
(200, 'Eyebrow', 'Make-Over-E', 10, NULL, 60000.00, 50400.00, NULL, 'from upload', 1, 'Admin', 0, '2022-08-20 06:49:13', NULL, ''),
(201, 'Eyebrow Pencil', 'Make-Over-EP', 10, NULL, 82000.00, 68900.00, NULL, 'from upload', 1, 'Admin', 0, '2022-08-20 06:49:13', NULL, ''),
(202, 'Eyebrow Cair', 'Make-Over-EC', 10, NULL, 82000.00, 68900.00, NULL, 'from upload', 1, 'Admin', 0, '2022-08-20 06:49:13', NULL, ''),
(204, 'Mascara', 'Make-Over-M', 10, NULL, 118000.00, 99100.00, NULL, 'from upload', 1, 'Admin', 0, '2022-08-20 06:49:13', NULL, ''),
(205, 'Sparkling Powder', 'Make-Over-SP', 10, NULL, 60000.00, 50400.00, NULL, 'from upload', 1, 'Admin', 0, '2022-08-20 06:49:13', NULL, ''),
(206, 'Velvet Mattifying Primer', 'Make-Over-VMP', 10, NULL, 91000.00, 76400.00, NULL, 'from upload', 1, 'Admin', 0, '2022-08-20 06:49:13', NULL, ''),
(207, 'Highlighter Rick Glow', 'Make-Over-HRG', 10, NULL, 153000.00, 128500.00, NULL, 'from upload', 1, 'Admin', 0, '2022-08-20 06:49:13', NULL, ''),
(208, 'Brow Mascara', 'Make-Over-BM', 10, NULL, 112000.00, 94100.00, NULL, 'from upload', 1, 'Admin', 0, '2022-08-20 06:49:13', NULL, ''),
(209, 'Powerstay Color Correcting Primer', 'Make-Over-PCCP', 10, NULL, 81000.00, 68000.00, NULL, 'from upload', 1, 'Admin', 0, '2022-08-20 06:49:13', NULL, ''),
(210, 'Lip Crayon Glossy', 'Make-Over-LCG', 10, NULL, 97000.00, 81500.00, NULL, 'from upload', 1, 'Admin', 0, '2022-08-20 06:49:13', NULL, ''),
(211, 'Powerstay Glossy Lip Top Coat', 'Make-Over-PGLTC', 10, NULL, 97000.00, 81500.00, NULL, 'from upload', 1, 'Admin', 0, '2022-08-20 06:49:13', NULL, ''),
(212, 'Bright Stuff Moist Cream', 'Emina-BSMC', 11, NULL, 23000.00, 19100.00, NULL, 'from upload', 1, 'Admin', 0, '2022-08-20 06:49:13', NULL, ''),
(213, 'Bright Stuff Tone Up Cream', 'Emina-BSTUC', 11, NULL, 23000.00, 19100.00, NULL, 'from upload', 1, 'Admin', 0, '2022-08-20 06:49:13', NULL, ''),
(214, 'Bright Stuff F/F K', 'Emina-BSFK', 11, NULL, 15500.00, 12900.00, NULL, 'from upload', 1, 'Admin', 0, '2022-08-20 06:49:13', NULL, ''),
(215, 'Bright Stuff F/F B', 'Emina-BSFB', 11, NULL, 26500.00, 22000.00, NULL, 'from upload', 1, 'Admin', 0, '2022-08-20 06:49:13', NULL, ''),
(216, 'Bright Stuff Sheet Mask', 'Emina-BSSM', 11, NULL, 14000.00, 11600.00, NULL, 'from upload', 1, 'Admin', 0, '2022-08-20 06:49:13', NULL, ''),
(217, 'Bright Stuff Face Toner', 'Emina-BSFT', 11, NULL, 26500.00, 22000.00, NULL, 'from upload', 1, 'Admin', 0, '2022-08-20 06:49:13', NULL, ''),
(218, 'Bright Stuff Face Powder', 'Emina-BSFP', 11, NULL, 21500.00, 17900.00, NULL, 'from upload', 1, 'Admin', 0, '2022-08-20 06:49:13', NULL, ''),
(219, 'BB Cream', 'Emina-BC', 11, NULL, 32500.00, 27000.00, NULL, 'from upload', 1, 'Admin', 0, '2022-08-20 06:49:13', NULL, ''),
(220, 'CC Cushion', 'Emina-CC', 11, NULL, 122500.00, 101900.00, NULL, 'from upload', 1, 'Admin', 0, '2022-08-20 06:49:13', '2022-08-20 06:49:13', ''),
(221, 'CC Cake (Bedak)', 'Emina-CC(', 11, NULL, 51000.00, 42400.00, NULL, 'from upload', 1, 'Admin', 0, '2022-08-20 06:49:13', NULL, ''),
(223, 'Bare with Me Loose Powder', 'Emina-BwMLP', 11, NULL, 53000.00, 44100.00, NULL, 'from upload', 1, 'Admin', 0, '2022-08-20 06:49:13', NULL, ''),
(224, 'Diary Matte Loose Powder', 'Emina-DMLP', 11, NULL, 33500.00, 27900.00, NULL, 'from upload', 1, 'Admin', 0, '2022-08-20 06:49:13', NULL, ''),
(225, 'Ms. Pimple Acre Moist', 'Emina-MPAM', 11, NULL, 23500.00, 19500.00, NULL, 'from upload', 1, 'Admin', 0, '2022-08-20 06:49:13', NULL, ''),
(226, 'Ms. Pimple Acre Gel', 'Emina-MPAG', 11, NULL, 33000.00, 27400.00, NULL, 'from upload', 1, 'Admin', 0, '2022-08-20 06:49:13', NULL, ''),
(227, 'Ms. Pimple F/F', 'Emina-MPF', 11, NULL, 18000.00, 15000.00, NULL, 'from upload', 1, 'Admin', 0, '2022-08-20 06:49:13', NULL, ''),
(228, 'Ms. Pimple Dace Toner', 'Emina-MPDT', 11, NULL, 23000.00, 19100.00, NULL, 'from upload', 1, 'Admin', 0, '2022-08-20 06:49:13', NULL, ''),
(229, 'Sun Block', 'Emina-SB', 11, NULL, 28000.00, 23300.00, NULL, 'from upload', 1, 'Admin', 0, '2022-08-20 06:49:13', NULL, ''),
(230, 'Dot Burst F/F', 'Emina-DBF', 11, NULL, 18000.00, 15000.00, NULL, 'from upload', 1, 'Admin', 0, '2022-08-20 06:49:13', '2022-08-20 06:49:13', ''),
(232, 'Apricot Jam Scrub', 'Emina-AJS', 11, NULL, 25500.00, 21200.00, NULL, 'from upload', 1, 'Admin', 0, '2022-08-20 06:49:13', NULL, ''),
(233, 'Green Tea Latte Mask', 'Emina-GTLM', 11, NULL, 30000.00, 25000.00, NULL, 'from upload', 1, 'Admin', 0, '2022-08-20 06:49:13', NULL, ''),
(234, 'Grape Sead Olive Mask', 'Emina-GSOM', 11, NULL, 38000.00, 31600.00, NULL, 'from upload', 1, 'Admin', 0, '2022-08-20 06:49:13', NULL, ''),
(235, 'Aloe Vera', 'Emina-AV', 11, NULL, 27500.00, 22900.00, NULL, 'from upload', 1, 'Admin', 0, '2022-08-20 06:49:13', NULL, ''),
(236, 'Micellar Water AB', 'Emina-MWA', 11, NULL, 31500.00, 26200.00, NULL, 'from upload', 1, 'Admin', 0, '2022-08-20 06:49:13', NULL, ''),
(237, 'Moist Bottle Moisturizer', 'Emina-MBM', 11, NULL, 28000.00, 23300.00, NULL, 'from upload', 1, 'Admin', 0, '2022-08-20 06:49:13', NULL, ''),
(238, 'Bouble the Moist Toner', 'Emina-BtMT', 11, NULL, 26500.00, 22000.00, NULL, 'from upload', 1, 'Admin', 0, '2022-08-20 06:49:13', NULL, ''),
(239, 'Creamy Milk Cleansing Lotion', 'Emina-CMCL', 11, NULL, 22500.00, 18700.00, NULL, 'from upload', 1, 'Admin', 0, '2022-08-20 06:49:13', NULL, ''),
(240, 'Lip Cream', 'Emina-LC', 11, NULL, 46000.00, 38300.00, NULL, 'from upload', 1, 'Admin', 0, '2022-08-20 06:49:13', NULL, ''),
(241, 'Lip Tint', 'Emina-LT', 11, NULL, 45000.00, 37400.00, NULL, 'from upload', 1, 'Admin', 0, '2022-08-20 06:49:13', NULL, ''),
(242, 'Creamy Tint', 'Emina-CT', 11, NULL, 43000.00, 35800.00, NULL, 'from upload', 1, 'Admin', 0, '2022-08-20 06:49:13', NULL, ''),
(243, 'Cheeklit Cream Blush', 'Emina-CCB', 11, NULL, 30500.00, 25400.00, NULL, 'from upload', 1, 'Admin', 0, '2022-08-20 06:49:13', NULL, ''),
(244, 'Glossy Stain', 'Emina-GS', 11, NULL, 46000.00, 38300.00, NULL, 'from upload', 1, 'Admin', 0, '2022-08-20 06:49:13', NULL, ''),
(245, 'EYE SHADOW', 'Emina-ES', 11, NULL, 40000.00, 33300.00, NULL, 'from upload', 1, 'Admin', 0, '2022-08-20 06:49:13', NULL, ''),
(246, 'BLUSH ON', 'Emina-BO', 11, NULL, 36500.00, 30400.00, NULL, 'from upload', 1, 'Admin', 0, '2022-08-20 06:49:13', NULL, ''),
(247, 'Pore Ranger', 'Emina-PR', 11, NULL, 61000.00, 50700.00, NULL, 'from upload', 1, 'Admin', 0, '2022-08-20 06:49:13', NULL, ''),
(248, 'Starlas Aqua Mascara', 'Emina-SAM', 11, NULL, 48500.00, 40300.00, NULL, 'from upload', 1, 'Admin', 0, '2022-08-20 06:49:13', NULL, ''),
(249, 'Chanberry Juice F. Mask', 'Emina-CJFM', 11, NULL, 38000.00, 31600.00, NULL, 'from upload', 1, 'Admin', 0, '2022-08-20 06:49:13', NULL, ''),
(250, 'Oil Face Cleanser', 'Emina-OFC', 11, NULL, 53000.00, 44100.00, NULL, 'from upload', 1, 'Admin', 0, '2022-08-20 06:49:13', NULL, ''),
(251, 'Lip Mask', 'Emina-LM', 11, NULL, 36500.00, 30400.00, NULL, 'from upload', 1, 'Admin', 0, '2022-08-20 06:49:13', NULL, ''),
(252, 'Lip Sugar Scrub', 'Emina-LSS', 11, NULL, 36500.00, 30400.00, NULL, 'from upload', 1, 'Admin', 0, '2022-08-20 06:49:13', NULL, ''),
(253, 'Bright Stuff for Acre F/F K', 'Emina-BSfAFK', 11, NULL, 17000.00, 14100.00, NULL, 'from upload', 1, 'Admin', 0, '2022-08-20 06:49:13', NULL, ''),
(254, 'Bright Stuff Acre Cream', 'Emina-BSAC', 11, NULL, 24000.00, 20000.00, NULL, 'from upload', 1, 'Admin', 0, '2022-08-20 06:49:13', NULL, ''),
(255, 'Bright Stuff Serum 30 ml', 'Emina-BSS3m', 11, NULL, 47500.00, 39500.00, NULL, 'from upload', 1, 'Admin', 0, '2022-08-20 06:49:13', NULL, ''),
(256, 'Bright Stuff Face Scrub', 'Emina-BSFS', 11, NULL, 20500.00, 17100.00, NULL, 'from upload', 1, 'Admin', 0, '2022-08-20 06:49:13', NULL, ''),
(257, '2 in 1 Scrub Mask', 'Emina-2i1SM', 11, NULL, 40500.00, 33700.00, NULL, 'from upload', 1, 'Admin', 0, '2022-08-20 06:49:13', NULL, ''),
(258, 'Sun Battle SPF 45', 'Emina-SBS4', 11, NULL, 48000.00, 39900.00, NULL, 'from upload', 1, 'Admin', 0, '2022-08-20 06:49:13', NULL, ''),
(259, 'Sleeping Mask', 'Emina-SM', 11, NULL, 45000.00, 37400.00, NULL, 'from upload', 1, 'Admin', 0, '2022-08-20 06:49:13', NULL, ''),
(260, 'Bright Stuff for Acne 100 ml', 'Emina-BSfA1m', 11, NULL, 27500.00, 22900.00, NULL, 'from upload', 1, 'Admin', 0, '2022-08-20 06:49:13', NULL, ''),
(261, 'Bright Stuff Serum 7,5 ml', 'Emina-BSS7m', 11, NULL, 16000.00, 13300.00, NULL, 'from upload', 1, 'Admin', 0, '2022-08-20 06:49:13', NULL, ''),
(262, 'Ms. Pimple Acne Serum', 'Emina-MPAS', 11, NULL, 54000.00, 45000.00, NULL, 'from upload', 1, 'Admin', 0, '2022-08-20 06:49:13', NULL, ''),
(263, 'Platinum Step 1 720 ml', 'Puetri-PS17m', 12, NULL, 74500.00, 66500.00, NULL, 'from upload', 1, 'Admin', 0, '2022-08-20 06:49:13', NULL, ''),
(264, 'Platinum Step 2 720 ml', 'Puetri-PS27m', 12, NULL, 42300.00, 37700.00, NULL, 'from upload', 1, 'Admin', 0, '2022-08-20 06:49:13', NULL, ''),
(265, 'Shampoo 200 ml All', 'Puetri-S2mA', 12, NULL, 14400.00, 12900.00, NULL, 'from upload', 1, 'Admin', 0, '2022-08-20 06:49:13', NULL, ''),
(266, 'Conditioner 200 ml All', 'Puetri-C2mA', 12, NULL, 14000.00, 12500.00, NULL, 'from upload', 1, 'Admin', 0, '2022-08-20 06:49:13', NULL, ''),
(267, 'Hair Tonic Ginseng 200 ml', 'Puetri-HTG2m', 12, NULL, 24500.00, 21900.00, NULL, 'from upload', 1, 'Admin', 0, '2022-08-20 06:49:13', NULL, ''),
(268, 'Hair Tonic Anti Dandruff 200 ml', 'Puetri-HTAD2m', 12, NULL, 24500.00, 21900.00, NULL, 'from upload', 1, 'Admin', 0, '2022-08-20 06:49:13', NULL, ''),
(269, 'Hair Tonic Apel Lemon 200 ml', 'Puetri-HTAL2m', 12, NULL, 24500.00, 21900.00, NULL, 'from upload', 1, 'Admin', 0, '2022-08-20 06:49:13', NULL, ''),
(270, 'White Look 100 ml', 'Puetri-WL1m', 12, NULL, 9700.00, 8700.00, NULL, 'from upload', 1, 'Admin', 0, '2022-08-20 06:49:13', NULL, ''),
(271, 'Pro Pustreite Step 1 720 ml', 'Puetri-PPS17m', 12, NULL, 53100.00, 47400.00, NULL, 'from upload', 1, 'Admin', 0, '2022-08-20 06:49:13', NULL, ''),
(272, 'Pro Pustreite Step 2 720 ml', 'Puetri-PPS27m', 12, NULL, 35900.00, 32000.00, NULL, 'from upload', 1, 'Admin', 0, '2022-08-20 06:49:13', NULL, ''),
(273, 'Lip Cream OMG', 'OMG-LCO', 13, NULL, 20000.00, 16600.00, NULL, 'from upload', 1, 'Admin', 0, '2022-08-20 06:49:13', NULL, ''),
(274, 'Glowing Toner', 'OMG-GT', 13, NULL, 7000.00, 5800.00, NULL, 'from upload', 1, 'Admin', 0, '2022-08-20 06:49:13', NULL, ''),
(275, 'Liquid Foundation', 'OMG-LF', 13, NULL, 19000.00, 15800.00, NULL, 'from upload', 1, 'Admin', 0, '2022-08-20 06:49:13', NULL, ''),
(276, 'Lip Tint Serum', 'OMG-LTS', 13, NULL, 18000.00, 14900.00, NULL, 'from upload', 1, 'Admin', 0, '2022-08-20 06:49:13', NULL, ''),
(277, 'Moisturizer Sachet', 'OMG-MS', 13, NULL, 4500.00, 3700.00, NULL, 'from upload', 1, 'Admin', 0, '2022-08-20 06:49:13', NULL, ''),
(278, 'Acne F/F', 'KAHF-AF', 14, NULL, 35500.00, 29500.00, NULL, 'from upload', 1, 'Admin', 0, '2022-08-20 06:49:13', NULL, ''),
(279, 'Brightening F/F', 'KAHF-BF', 14, NULL, 35500.00, 29500.00, NULL, 'from upload', 1, 'Admin', 0, '2022-08-20 06:49:13', NULL, ''),
(280, 'Eau de Toilette', 'KAHF-EdT', 14, NULL, 66000.00, 54900.00, NULL, 'from upload', 1, 'Admin', 0, '2022-08-20 06:49:13', NULL, ''),
(281, 'Deodorant', 'KAHF-D', 14, NULL, 23500.00, 19500.00, NULL, 'from upload', 1, 'Admin', 0, '2022-08-20 06:49:13', NULL, ''),
(282, 'Bodywash Pouch Refill 400 ml', 'IODEF-BPR4m', 15, NULL, 23000.00, 19000.00, NULL, 'from upload', 1, 'Admin', 0, '2022-08-20 06:49:13', NULL, ''),
(283, 'Acne Facial Wash', 'Inez-AFW', 5, NULL, 48000.00, 38900.00, NULL, 'from upload', 1, 'Admin', 0, '2022-08-20 06:49:13', NULL, ''),
(284, 'Acne Face Powder', 'Inez-AFP', 5, NULL, 57000.00, 46200.00, NULL, 'from upload', 1, 'Admin', 0, '2022-08-20 06:49:13', NULL, ''),
(285, 'Facial Foam Oil Free', 'Inez-FFOF', 5, NULL, 40000.00, 32400.00, NULL, 'from upload', 1, 'Admin', 0, '2022-08-20 06:49:13', NULL, ''),
(286, 'Facial Foam Lightweight', 'Inez-FFL', 5, NULL, 40000.00, 32400.00, NULL, 'from upload', 1, 'Admin', 0, '2022-08-20 06:49:13', NULL, ''),
(287, 'Pure Gentle Makeup Remover', 'Inez-PGMR', 5, NULL, 34000.00, 27600.00, NULL, 'from upload', 1, 'Admin', 0, '2022-08-20 06:49:13', NULL, ''),
(288, 'Brush On Peel of Mask', 'Inez-BOPoM', 5, NULL, 40000.00, 32400.00, NULL, 'from upload', 1, 'Admin', 0, '2022-08-20 06:49:13', NULL, ''),
(289, 'Deep Cleansing Clay Made', 'Inez-DCCM', 5, NULL, 40000.00, 32400.00, NULL, 'from upload', 1, 'Admin', 0, '2022-08-20 06:49:13', NULL, ''),
(290, 'Precious Cool Moist Gel', 'Inez-PCMG', 5, NULL, 48000.00, 38900.00, NULL, 'from upload', 1, 'Admin', 0, '2022-08-20 06:49:13', NULL, ''),
(291, 'Creamy Milk Cleanser', 'Inez-CMC', 5, NULL, 40000.00, 32400.00, NULL, 'from upload', 1, 'Admin', 0, '2022-08-20 06:49:13', NULL, ''),
(292, 'Fresh Foamy Cleanser', 'Inez-FFC', 5, NULL, 45000.00, 36500.00, NULL, 'from upload', 1, 'Admin', 0, '2022-08-20 06:49:13', NULL, ''),
(293, 'Balanced Skin Toner', 'Inez-BST', 5, NULL, 40000.00, 32400.00, NULL, 'from upload', 1, 'Admin', 0, '2022-08-20 06:49:13', NULL, ''),
(294, 'Active Skin Toner', 'Inez-AST', 5, NULL, 40000.00, 32400.00, NULL, 'from upload', 1, 'Admin', 0, '2022-08-20 06:49:13', NULL, ''),
(295, 'Skin Active Toner', 'Inez-SAT', 5, NULL, 48000.00, 38900.00, NULL, 'from upload', 1, 'Admin', 0, '2022-08-20 06:49:13', NULL, ''),
(296, 'Skin Active Milk Cleanser', 'Inez-SAMC', 5, NULL, 49000.00, 39700.00, NULL, 'from upload', 1, 'Admin', 0, '2022-08-20 06:49:13', NULL, ''),
(297, 'All Over Body Scrub', 'Inez-AOBS', 5, NULL, 50000.00, 40500.00, NULL, 'from upload', 1, 'Admin', 0, '2022-08-20 06:49:13', NULL, ''),
(298, 'Face Miss', 'Inez-FM', 5, NULL, 50000.00, 40500.00, NULL, 'from upload', 1, 'Admin', 0, '2022-08-20 06:49:13', NULL, ''),
(299, 'Serum Daily Complexion', 'Inez-SDC', 5, NULL, 80000.00, 64900.00, NULL, 'from upload', 1, 'Admin', 0, '2022-08-20 06:49:13', NULL, ''),
(300, 'Mascara', 'Inez-M', 5, NULL, 63000.00, 51100.00, NULL, 'from upload', 1, 'Admin', 0, '2022-08-20 06:49:13', NULL, ''),
(301, 'Eyebrow Dark Brown', 'Inez-EDB', 5, NULL, 50000.00, 40500.00, NULL, 'from upload', 1, 'Admin', 0, '2022-08-20 06:49:13', NULL, ''),
(302, 'Eyebrow Hitam', 'Inez-EH', 5, NULL, 50000.00, 40500.00, NULL, 'from upload', 1, 'Admin', 0, '2022-08-20 06:49:13', NULL, ''),
(303, 'Fin Eyeliner', 'Inez-FE', 5, NULL, 61000.00, 49500.00, NULL, 'from upload', 1, 'Admin', 0, '2022-08-20 06:49:13', NULL, ''),
(304, 'Eyeliner Pen', 'Inez-EP', 5, NULL, 57000.00, 46300.00, NULL, 'from upload', 1, 'Admin', 0, '2022-08-20 06:49:13', '2022-08-20 06:49:13', ''),
(306, 'Luscious Lipstick', 'Inez-LL', 5, NULL, 68000.00, 55100.00, NULL, 'from upload', 1, 'Admin', 0, '2022-08-20 06:49:13', '2022-08-20 06:49:13', ''),
(307, 'Eyebrow Mascara', 'Inez-EM', 5, NULL, 49000.00, 39700.00, NULL, 'from upload', 1, 'Admin', 0, '2022-08-20 06:49:13', NULL, ''),
(308, 'Conseling Stick', 'Inez-CS', 5, NULL, 46000.00, 37300.00, NULL, 'from upload', 1, 'Admin', 0, '2022-08-20 06:49:13', NULL, ''),
(309, 'Face Contour Shading', 'Inez-FCS', 5, NULL, 87000.00, 70500.00, NULL, 'from upload', 1, 'Admin', 0, '2022-08-20 06:49:13', NULL, ''),
(310, 'Eye Shadow', 'Inez-ES', 5, NULL, 56000.00, 45400.00, NULL, 'from upload', 1, 'Admin', 0, '2022-08-20 06:49:13', NULL, ''),
(311, 'Blush On', 'Inez-BO', 5, NULL, 53000.00, 42900.00, NULL, 'from upload', 1, 'Admin', 0, '2022-08-20 06:49:13', NULL, ''),
(312, 'Lip Stick', 'Inez-LS', 5, NULL, 53000.00, 42900.00, NULL, 'from upload', 1, 'Admin', 0, '2022-08-20 06:49:13', NULL, ''),
(313, 'Inez PPC', 'Inez-IP', 5, NULL, 75000.00, 60800.00, NULL, 'from upload', 1, 'Admin', 0, '2022-08-20 06:49:13', NULL, ''),
(314, 'Inez Refill PPC', 'Inez-IRP', 5, NULL, 51000.00, 41300.00, NULL, 'from upload', 1, 'Admin', 0, '2022-08-20 06:49:13', NULL, ''),
(315, 'Lustrous Pressed Powder', 'Inez-LPP', 5, NULL, 105000.00, 85100.00, NULL, 'from upload', 1, 'Admin', 0, '2022-08-20 06:49:13', NULL, ''),
(316, 'Refill Lustrous', 'Inez-RL', 5, NULL, 70000.00, 56800.00, NULL, 'from upload', 1, 'Admin', 0, '2022-08-20 06:49:13', NULL, ''),
(317, 'Lustrous Liquid Foundation', 'Inez-LLF', 5, NULL, 103000.00, 83500.00, NULL, 'from upload', 1, 'Admin', 0, '2022-08-20 06:49:13', NULL, ''),
(318, 'Inez Compact Powder', 'Inez-ICP', 5, NULL, 57000.00, 46200.00, NULL, 'from upload', 1, 'Admin', 0, '2022-08-20 06:49:13', NULL, ''),
(319, 'Inez Compact Refill', 'Inez-ICR', 5, NULL, 41000.00, 33200.00, NULL, 'from upload', 1, 'Admin', 0, '2022-08-20 06:49:13', NULL, ''),
(320, 'Color Contour Plus Face Powder', 'Inez-CCPFP', 5, NULL, 57000.00, 46200.00, NULL, 'from upload', 1, 'Admin', 0, '2022-08-20 06:49:13', NULL, ''),
(321, 'Satin Smooth Face Powder', 'Inez-SSFP', 5, NULL, 72000.00, 58400.00, NULL, 'from upload', 1, 'Admin', 0, '2022-08-20 06:49:13', '2022-08-20 06:49:13', ''),
(322, 'Satin Smooth Liquid Foundation', 'Inez-SSLF', 5, NULL, 68000.00, 55200.00, NULL, 'from upload', 1, 'Admin', 0, '2022-08-20 06:49:13', NULL, ''),
(323, 'Correcting Cream', 'Inez-CC', 5, NULL, 63000.00, 51100.00, NULL, 'from upload', 1, 'Admin', 0, '2022-08-20 06:49:13', NULL, ''),
(325, 'Exclusive All Day', 'Inez-EAD', 5, NULL, 67000.00, 54400.00, NULL, 'from upload', 1, 'Admin', 0, '2022-08-20 06:49:13', NULL, ''),
(326, 'Exclusive All Night', 'Inez-EAN', 5, NULL, 92000.00, 74600.00, NULL, 'from upload', 1, 'Admin', 0, '2022-08-20 06:49:13', NULL, ''),
(327, 'Nourishing Oil Cleanser', 'Inez-NOC', 5, NULL, 72000.00, 58400.00, NULL, 'from upload', 1, 'Admin', 0, '2022-08-20 06:49:13', NULL, ''),
(328, 'Lightening Moisturizing Lotion', 'Inez-LML', 5, NULL, 41000.00, 33200.00, NULL, 'from upload', 1, 'Admin', 0, '2022-08-20 06:49:13', NULL, ''),
(329, 'Lightening Moisturizing Cream', 'Inez-LMC', 5, NULL, 41000.00, 33200.00, NULL, 'from upload', 1, 'Admin', 0, '2022-08-20 06:49:13', NULL, ''),
(330, 'Lightening Moisturizing For Oily', 'Inez-LMFO', 5, NULL, 41000.00, 33200.00, NULL, 'from upload', 1, 'Admin', 0, '2022-08-20 06:49:13', NULL, ''),
(331, 'Sun Care', 'Inez-SC', 5, NULL, 59000.00, 47800.00, NULL, 'from upload', 1, 'Admin', 0, '2022-08-20 06:49:13', NULL, ''),
(332, 'Sun Care for Oily Skin', 'Inez-SCfOS', 5, NULL, 60000.00, 48000.00, NULL, 'from upload', 1, 'Admin', 0, '2022-08-20 06:49:13', NULL, ''),
(333, 'Every Day Cream', 'Inez-EDC', 5, NULL, 61000.00, 49500.00, NULL, 'from upload', 1, 'Admin', 0, '2022-08-20 06:49:13', NULL, ''),
(334, 'Every Night Cream', 'Inez-ENC', 5, NULL, 66000.00, 53500.00, NULL, 'from upload', 1, 'Admin', 0, '2022-08-20 06:49:13', NULL, ''),
(335, 'Serum Anti Aging', 'Inez-SAA', 5, NULL, 100000.00, 81120.00, NULL, 'from upload', 1, 'Admin', 0, '2022-08-20 06:49:13', NULL, ''),
(336, 'Explotina', 'Inez-E', 5, NULL, 75000.00, 60800.00, NULL, 'from upload', 1, 'Admin', 0, '2022-08-20 06:49:13', NULL, ''),
(337, 'Anti Aging Emulsion', 'Inez-AAE', 5, NULL, 117000.00, 94900.00, NULL, 'from upload', 1, 'Admin', 0, '2022-08-20 06:49:13', NULL, ''),
(338, 'Serum Acne', 'Inez-SA', 5, NULL, 75000.00, 60800.00, NULL, 'from upload', 1, 'Admin', 0, '2022-08-20 06:49:13', NULL, ''),
(339, 'Acne Facial Cleanser', 'Inez-AFC', 5, NULL, 47000.00, 38100.00, NULL, 'from upload', 1, 'Admin', 0, '2022-08-20 06:49:13', NULL, ''),
(340, 'Acne Facial Toner', 'Inez-AFT', 5, NULL, 44000.00, 38700.00, NULL, 'from upload', 1, 'Admin', 0, '2022-08-20 06:49:13', NULL, ''),
(341, 'Anti Acne Moisturizing Lotion', 'Inez-AAML', 5, NULL, 49000.00, 39700.00, NULL, 'from upload', 1, 'Admin', 0, '2022-08-20 06:49:13', NULL, ''),
(342, 'Every Day Acne Treatment Cream', 'Inez-EDATC', 5, NULL, 47000.00, 38100.00, NULL, 'from upload', 1, 'Admin', 0, '2022-08-20 06:49:13', NULL, ''),
(343, 'Lip Conditoner', 'Inez-LC', 5, NULL, 50000.00, 40500.00, NULL, 'from upload', 1, 'Admin', 0, '2022-08-20 06:49:13', NULL, ''),
(345, 'Perfect Glow Matter', 'Inez-PGM', 5, NULL, 70000.00, 56900.00, NULL, 'from upload', 1, 'Admin', 0, '2022-08-20 06:49:13', NULL, ''),
(346, 'Sundae Lip Color', 'Inez-SLC', 5, NULL, 95000.00, 77100.00, NULL, 'from upload', 1, 'Admin', 0, '2022-08-20 06:49:13', NULL, ''),
(347, 'Parfume All Day Spring Summer', 'Inez-PADSS', 5, NULL, 39000.00, 31600.00, NULL, 'from upload', 1, 'Admin', 0, '2022-08-20 06:49:13', NULL, ''),
(348, 'spons tabur', 'Inez-st', 5, NULL, 15000.00, 12100.00, NULL, 'from upload', 1, 'Admin', 0, '2022-08-20 06:49:13', NULL, ''),
(349, 'spons bedak', 'Inez-sb', 5, NULL, 18000.00, 14600.00, NULL, 'from upload', 1, 'Admin', 0, '2022-08-20 06:49:13', NULL, ''),
(350, 'Rautan', 'Inez-R', 5, NULL, 25000.00, 20300.00, NULL, 'from upload', 1, 'Admin', 0, '2022-08-20 06:49:13', NULL, ''),
(351, 'Loose eyeshadow Powder', 'Inez-LeP', 5, NULL, 36000.00, 29200.00, NULL, 'from upload', 1, 'Admin', 0, '2022-08-20 06:49:13', NULL, ''),
(352, 'Intense color lipstik', 'Inez-Icl', 5, NULL, 61000.00, 49500.00, NULL, 'from upload', 1, 'Admin', 0, '2022-08-20 06:49:13', NULL, ''),
(353, 'Insta Perfect Blusher Click', 'Wardah-IPBC', 4, NULL, 117500.00, 94600.00, NULL, 'from upload', 1, 'Admin', 0, '2022-08-20 06:49:13', '2022-08-20 06:49:13', ''),
(354, 'Insta Perfect BB Cushion Refill', 'Wardah-IPBCR', 4, NULL, 133000.00, 107100.00, NULL, 'from upload', 1, 'Admin', 0, '2022-08-20 06:49:13', NULL, ''),
(355, 'Insta Perfect TWC', 'Wardah-IPT', 4, NULL, 116500.00, 93800.00, NULL, 'from upload', 1, 'Admin', 0, '2022-08-20 06:49:13', NULL, ''),
(356, 'Insta Perfect TWC Refill', 'Wardah-IPTR', 4, NULL, 82000.00, 66000.00, NULL, 'from upload', 1, 'Admin', 0, '2022-08-20 06:49:13', NULL, ''),
(357, 'Insta Perfect Concealer', 'Wardah-IPC', 4, NULL, 102000.00, 82200.00, NULL, 'from upload', 1, 'Admin', 0, '2022-08-20 06:49:13', NULL, ''),
(358, 'Insta Perfect Eye Shadow Pallet', 'Wardah-IPESP', 4, NULL, 145500.00, 117200.00, NULL, 'from upload', 1, 'Admin', 0, '2022-08-20 06:49:13', NULL, ''),
(360, 'Insta Perfect Skin Primer', 'Wardah-IPSP', 4, NULL, 73000.00, 58800.00, NULL, 'from upload', 1, 'Admin', 0, '2022-08-20 06:49:13', NULL, ''),
(361, 'Insta Perfect (Ell Match) Microsmooth Liner', 'Wardah-IP(MML', 4, NULL, 73000.00, 58800.00, NULL, 'from upload', 1, 'Admin', 0, '2022-08-20 06:49:13', NULL, ''),
(362, 'Insta Perfect Ell Spidol', 'Wardah-IPES', 4, NULL, 85000.00, 68500.00, NULL, 'from upload', 1, 'Admin', 0, '2022-08-20 06:49:13', NULL, ''),
(363, 'Insta Perfect Brow Mascara', 'Wardah-IPBM', 4, NULL, 87000.00, 70100.00, NULL, 'from upload', 1, 'Admin', 0, '2022-08-20 06:49:13', NULL, ''),
(364, 'Insta Perfect Match Brow Brushed', 'Wardah-IPMBB', 4, NULL, 78000.00, 62800.00, NULL, 'from upload', 1, 'Admin', 0, '2022-08-20 06:49:13', NULL, ''),
(365, 'Insta Perfect Gloss Chic Lip Crayon', 'Wardah-IPGCLC', 4, NULL, 87000.00, 70100.00, NULL, 'from upload', 1, 'Admin', 0, '2022-08-20 06:49:13', NULL, ''),
(366, 'Insta Perfect (Lip Cream) Lip Mode Paint', 'Wardah-IP(CLMP', 4, NULL, 86500.00, 69700.00, NULL, 'from upload', 1, 'Admin', 0, '2022-08-20 06:49:13', NULL, ''),
(367, 'Insta Perfect Matetide Mate Stain', 'Wardah-IPMMS', 4, NULL, 73000.00, 58800.00, NULL, 'from upload', 1, 'Admin', 0, '2022-08-20 06:49:13', NULL, ''),
(368, 'Eyexpert Aqualash Mascara', 'Wardah-EAM', 4, NULL, 48000.00, 38700.00, NULL, 'from upload', 1, 'Admin', 0, '2022-08-20 06:49:13', NULL, ''),
(369, 'Eyexpert Perfecurl Mascara', 'Wardah-EPM', 4, NULL, 64500.00, 52000.00, NULL, 'from upload', 1, 'Admin', 0, '2022-08-20 06:49:13', NULL, ''),
(370, 'Eyexpert The Volume Mascara', 'Wardah-ETVM', 4, NULL, 74000.00, 59600.00, NULL, 'from upload', 1, 'Admin', 0, '2022-08-20 06:49:13', NULL, ''),
(371, 'Eyexpert Eyeliner Cair', 'Wardah-EEC', 4, NULL, 40000.00, 32200.00, NULL, 'from upload', 1, 'Admin', 0, '2022-08-20 06:49:13', NULL, '');
INSERT INTO `products` (`id`, `nama`, `product_code`, `brand_id`, `margin`, `price`, `price_dist`, `img_path`, `description`, `is_active`, `user_modified`, `is_deleted`, `created_at`, `updated_at`, `barcode`) VALUES
(372, 'Eyexpert Eyeliner Gel', 'Wardah-EEG', 4, NULL, 48000.00, 38700.00, NULL, 'from upload', 1, 'Admin', 0, '2022-08-20 06:49:13', NULL, ''),
(373, 'Eyexpert EyelinerPencil', 'Wardah-EE', 4, NULL, 41000.00, 33000.00, NULL, 'from upload', 1, 'Admin', 0, '2022-08-20 06:49:13', NULL, ''),
(374, 'Eyexpert Eyeliner Spidol', 'Wardah-EES', 4, NULL, 76500.00, 61600.00, NULL, 'from upload', 1, 'Admin', 0, '2022-08-20 06:49:13', NULL, ''),
(375, 'Eyexpert Eye & Lip Remover 50 ml', 'Wardah-EE&LR5m', 4, NULL, 26500.00, 21300.00, NULL, 'from upload', 1, 'Admin', 0, '2022-08-20 06:49:13', NULL, ''),
(376, 'Eyexpert Eye & Lip Remover 100 ml', 'Wardah-EE&LR1m', 4, NULL, 40000.00, 32200.00, NULL, 'from upload', 1, 'Admin', 0, '2022-08-20 06:49:13', NULL, ''),
(377, 'Eyebrow Pencil', 'Wardah-EP', 4, NULL, 35500.00, 28600.00, NULL, 'from upload', 1, 'Admin', 0, '2022-08-20 06:49:13', NULL, ''),
(378, 'Eyebrow Kit', 'Wardah-EK', 4, NULL, 61000.00, 49100.00, NULL, 'from upload', 1, 'Admin', 0, '2022-08-20 06:49:13', NULL, ''),
(379, 'Double Function Lat (Dfk)', 'Wardah-DFL(', 4, NULL, 51000.00, 41100.00, NULL, 'from upload', 1, 'Admin', 0, '2022-08-20 06:49:13', NULL, ''),
(380, 'Lip Nutrition', 'Wardah-LN', 4, NULL, 26000.00, 20900.00, NULL, 'from upload', 1, 'Admin', 0, '2022-08-20 06:49:13', NULL, ''),
(381, 'Lip Sheer Fruity', 'Wardah-LSF', 4, NULL, 24500.00, 19700.00, NULL, 'from upload', 1, 'Admin', 0, '2022-08-20 06:49:13', NULL, ''),
(382, 'Lip Palet', 'Wardah-LP', 4, NULL, 69500.00, 56000.00, NULL, 'from upload', 1, 'Admin', 0, '2022-08-20 06:49:13', NULL, ''),
(383, 'Lip Velvet', 'Wardah-LV', 4, NULL, 70500.00, 56800.00, NULL, 'from upload', 1, 'Admin', 0, '2022-08-20 06:49:13', NULL, ''),
(384, 'Lip Ultralight', 'Wardah-LU', 4, NULL, 42000.00, 33800.00, NULL, 'from upload', 1, 'Admin', 0, '2022-08-20 06:49:13', NULL, ''),
(385, 'Lip Longlasting', 'Wardah-LL', 4, NULL, 47000.00, 37900.00, NULL, 'from upload', 1, 'Admin', 0, '2022-08-20 06:49:13', NULL, ''),
(386, 'Lip Intense', 'Wardah-LI', 4, NULL, 47000.00, 37900.00, NULL, 'from upload', 1, 'Admin', 0, '2022-08-20 06:49:13', NULL, ''),
(387, 'Check and Liptin', 'Wardah-CaL', 4, NULL, 43000.00, 34600.00, NULL, 'from upload', 1, 'Admin', 0, '2022-08-20 06:49:13', NULL, ''),
(388, 'Body Scrub 150 ml', 'Wardah-BS1m', 4, NULL, 44000.00, 35400.00, NULL, 'from upload', 1, 'Admin', 0, '2022-08-20 06:49:13', NULL, ''),
(389, 'Body Butter 150 ml', 'Wardah-BB1m', 4, NULL, 50000.00, 40300.00, NULL, 'from upload', 1, 'Admin', 0, '2022-08-20 06:49:13', NULL, ''),
(390, 'Body Mist Scentation', 'Wardah-BMS', 4, NULL, 35500.00, 28600.00, NULL, 'from upload', 1, 'Admin', 0, '2022-08-20 06:49:13', NULL, ''),
(391, 'Body EDT', 'Wardah-BE', 4, NULL, 53500.00, 43100.00, NULL, 'from upload', 1, 'Admin', 0, '2022-08-20 06:49:13', NULL, ''),
(392, 'Spons', 'Wardah-S', 4, NULL, 13500.00, 10900.00, NULL, 'from upload', 1, 'Admin', 0, '2022-08-20 06:49:13', '2022-08-20 06:49:13', ''),
(393, 'Conditioner', 'Wardah-C', 4, NULL, 24000.00, 19300.00, NULL, 'from upload', 1, 'Admin', 0, '2022-08-20 06:49:13', NULL, ''),
(394, 'Pure Olive Oil', 'Wardah-POO', 4, NULL, 25500.00, 20500.00, NULL, 'from upload', 1, 'Admin', 0, '2022-08-20 06:49:13', NULL, ''),
(395, 'Olive Oil for Massage', 'Wardah-OOfM', 4, NULL, 45000.00, 36200.00, NULL, 'from upload', 1, 'Admin', 0, '2022-08-20 06:49:13', NULL, ''),
(396, 'Eyeshadow (A-N)', 'Wardah-E(', 4, NULL, 47000.00, 37900.00, NULL, 'from upload', 1, 'Admin', 0, '2022-08-20 06:49:13', NULL, ''),
(397, 'Eyeshadow Xpert', 'Wardah-EX', 4, NULL, 46000.00, 37100.00, NULL, 'from upload', 1, 'Admin', 0, '2022-08-20 06:49:13', NULL, ''),
(398, 'Blor', 'Wardah-B', 4, NULL, 44000.00, 35400.00, NULL, 'from upload', 1, 'Admin', 0, '2022-08-20 06:49:13', NULL, ''),
(399, 'Eyexpert Eye & Lip Remover K', 'Wardah-EE&LRK', 4, NULL, 26500.00, 21300.00, NULL, 'from upload', 1, 'Admin', 0, '2022-08-20 06:49:13', NULL, ''),
(400, 'Eyexpert Eye & Lip Remover B', 'Wardah-EE&LRB', 4, NULL, 40000.00, 32200.00, NULL, 'from upload', 1, 'Admin', 0, '2022-08-20 06:49:13', NULL, ''),
(401, 'Sheet Mask', 'Wardah-SM', 4, NULL, 16000.00, 12900.00, NULL, 'from upload', 1, 'Admin', 0, '2022-08-20 06:49:13', NULL, ''),
(402, 'Natur Daily Capsule Mask', 'Wardah-NDCM', 4, NULL, 20500.00, 16100.00, NULL, 'from upload', 1, 'Admin', 0, '2022-08-20 06:49:13', NULL, ''),
(403, 'Natur Daily Hydromild Hard Gel', 'Wardah-NDHHG', 4, NULL, 19000.00, 15300.00, NULL, 'from upload', 1, 'Admin', 0, '2022-08-20 06:49:13', NULL, ''),
(404, 'Seaweed Hydrating Booster', 'Wardah-SHB', 4, NULL, 33500.00, 27000.00, NULL, 'from upload', 1, 'Admin', 0, '2022-08-20 06:49:13', NULL, ''),
(405, 'Seaweed Balancing Powder', 'Wardah-SBP', 4, NULL, 24500.00, 19700.00, NULL, 'from upload', 1, 'Admin', 0, '2022-08-20 06:49:13', NULL, ''),
(406, 'Seaweed Balancing Cleanser', 'Wardah-SBC', 4, NULL, 23500.00, 18900.00, NULL, 'from upload', 1, 'Admin', 0, '2022-08-20 06:49:13', NULL, ''),
(407, 'Compact Powder', 'Wardah-CP', 4, NULL, 42000.00, 33800.00, NULL, 'from upload', 1, 'Admin', 0, '2022-08-20 06:49:13', NULL, ''),
(408, 'Compact Powder Refill', 'Wardah-CPR', 4, NULL, 31500.00, 25400.00, NULL, 'from upload', 1, 'Admin', 0, '2022-08-20 06:49:13', NULL, ''),
(409, 'Roll on', 'Wardah-Ro', 4, NULL, 22500.00, 18100.00, NULL, 'from upload', 1, 'Admin', 0, '2022-08-20 06:49:13', NULL, ''),
(411, 'Hydra Rose Day B', 'Wardah-HRDB', 4, NULL, 105000.00, 84600.00, NULL, 'from upload', 1, 'Admin', 0, '2022-08-20 06:49:13', NULL, ''),
(412, 'Hydra Rose Day K', 'Wardah-HRDK', 4, NULL, 46000.00, 37000.00, NULL, 'from upload', 1, 'Admin', 0, '2022-08-20 06:49:13', NULL, ''),
(413, 'Hydra Rose Night B', 'Wardah-HRNB', 4, NULL, 108000.00, 87000.00, NULL, 'from upload', 1, 'Admin', 0, '2022-08-20 06:49:13', NULL, ''),
(414, 'Hydra Rose Night K', 'Wardah-HRNK', 4, NULL, 48000.00, 38700.00, NULL, 'from upload', 1, 'Admin', 0, '2022-08-20 06:49:13', NULL, ''),
(415, 'Hydra Rose Serum', 'Wardah-HRS', 4, NULL, 126500.00, 101900.00, NULL, 'from upload', 1, 'Admin', 0, '2022-08-20 06:49:13', NULL, ''),
(416, 'Hydra Rose Toner', 'Wardah-HRT', 4, NULL, 122500.00, 98700.00, NULL, 'from upload', 1, 'Admin', 0, '2022-08-20 06:49:13', NULL, ''),
(417, 'Hydra Rose F/F', 'Wardah-HRF', 4, NULL, 30500.00, 30800.00, NULL, 'from upload', 1, 'Admin', 0, '2022-08-20 06:49:13', NULL, ''),
(418, 'UV Shield SPF 50++ Oranye', 'Wardah-USS5O', 4, NULL, 71500.00, 57600.00, NULL, 'from upload', 1, 'Admin', 0, '2022-08-20 06:49:13', NULL, ''),
(419, 'UV Shield SPF 50++ Biru', 'Wardah-USS5B', 4, NULL, 53000.00, 42700.00, NULL, 'from upload', 1, 'Admin', 0, '2022-08-20 06:49:13', NULL, ''),
(420, 'UV Shield SPF 30', 'Wardah-USS3', 4, NULL, 33500.00, 27000.00, NULL, 'from upload', 1, 'Admin', 0, '2022-08-20 06:49:13', NULL, ''),
(421, 'Purifying Gel with Hazel', 'Wardah-PGwH', 4, NULL, 20500.00, 16500.00, NULL, 'from upload', 1, 'Admin', 0, '2022-08-20 06:49:13', NULL, ''),
(422, 'Purifying Serum with Hazel', 'Wardah-PSwH', 4, NULL, 46000.00, 37000.00, NULL, 'from upload', 1, 'Admin', 0, '2022-08-20 06:49:13', NULL, ''),
(423, 'Paket Haji dan Umrah', 'Wardah-PHdU', 4, NULL, 137500.00, 110800.00, NULL, 'from upload', 1, 'Admin', 0, '2022-08-20 06:49:13', NULL, ''),
(424, 'Lightening Sheet Mask', 'Wardah-LSM', 4, NULL, 19000.00, 15300.00, NULL, 'from upload', 1, 'Admin', 0, '2022-08-20 06:49:13', '2022-08-20 06:49:13', ''),
(425, 'Lightening Oil Infused Micellar Water 50 ml', 'Wardah-LOIMW5m', 4, NULL, 21000.00, 16500.00, NULL, 'from upload', 1, 'Admin', 0, '2022-08-20 06:49:13', NULL, ''),
(426, 'Aloe Hydramild Body Wash', 'Wardah-AHBW', 4, NULL, 30500.00, 24600.00, NULL, 'from upload', 1, 'Admin', 0, '2022-08-20 06:49:13', NULL, ''),
(427, 'C. Defence Energizing Whip Foam 50 ml', 'Wardah-CDEWF5m', 4, NULL, 22000.00, 17700.00, NULL, 'from upload', 1, 'Admin', 0, '2022-08-20 06:49:13', NULL, ''),
(428, 'C. Defence Energizing Whip Foam 100 ml', 'Wardah-CDEWF1m', 4, NULL, 32000.00, 25800.00, NULL, 'from upload', 1, 'Admin', 0, '2022-08-20 06:49:13', NULL, ''),
(429, 'Lightening Face Mask', 'Wardah-LFM', 4, NULL, 19500.00, 15700.00, NULL, 'from upload', 1, 'Admin', 0, '2022-08-20 06:49:13', '2022-08-20 06:49:13', ''),
(431, 'Colorfit Last All Day Lip Paint', 'Wardah-CLADLP', 4, NULL, 63300.00, 51000.00, NULL, 'from upload', 1, 'Admin', 0, '2022-08-20 06:49:13', NULL, ''),
(432, 'Colorfit Ultralight Mate Lips Korea', 'Wardah-CUMLK', 4, NULL, 42000.00, 33800.00, NULL, 'from upload', 1, 'Admin', 0, '2022-08-20 06:49:13', NULL, ''),
(433, 'Lightening Ampoule Serum 30 ml', 'Wardah-LAS3m', 4, NULL, 56500.00, 45500.00, NULL, 'from upload', 1, 'Admin', 0, '2022-08-20 06:49:13', NULL, ''),
(434, 'Lightening Ampoule Serum 8 ml', 'Wardah-LAS8m', 4, NULL, 17500.00, 14100.00, NULL, 'from upload', 1, 'Admin', 0, '2022-08-20 06:49:13', NULL, ''),
(435, 'Lightening Liquid Foundation', 'Wardah-LLF', 4, NULL, 47500.00, 38300.00, NULL, 'from upload', 1, 'Admin', 0, '2022-08-20 06:49:13', '2022-08-20 06:49:13', ''),
(436, 'C. Defence Moisturizer', 'Wardah-CDM', 4, NULL, 53000.00, 42700.00, NULL, 'from upload', 1, 'Admin', 0, '2022-08-20 06:49:13', NULL, ''),
(437, 'Colorfit Velvet Powder Foundation', 'Wardah-CVPF', 4, NULL, 67000.00, 54000.00, NULL, 'from upload', 1, 'Admin', 0, '2022-08-20 06:49:13', NULL, ''),
(438, 'Colorfit Foundation', 'Wardah-CF', 4, NULL, 69000.00, 55600.00, NULL, 'from upload', 1, 'Admin', 0, '2022-08-20 06:49:13', NULL, ''),
(439, 'UV Shield Sun Stick SPF 50++', 'Wardah-USSSS5', 4, NULL, 93500.00, 75300.00, NULL, 'from upload', 1, 'Admin', 0, '2022-08-20 06:49:13', NULL, ''),
(440, 'Lightening Oil Infused Micellar Water 100 ml', 'Wardah-LOIMW1m', 4, NULL, 35000.00, 28200.00, NULL, 'from upload', 1, 'Admin', 0, '2022-08-20 06:49:13', NULL, ''),
(441, 'Colorfit Fresh Mate Lip Ink', 'Wardah-CFMLI', 4, NULL, 60000.00, 48300.00, NULL, 'from upload', 1, 'Admin', 0, '2022-08-20 06:49:13', NULL, ''),
(442, 'Crystal Secret Day Cream 9 ml', 'Wardah-CSDC9m', 4, NULL, 29500.00, 23800.00, NULL, 'from upload', 1, 'Admin', 0, '2022-08-20 06:49:13', NULL, ''),
(443, 'Crystal Secret Pure Treatment Agent 30 ml', 'Wardah-CSPTA3m', 4, NULL, 48000.00, 38700.00, NULL, 'from upload', 1, 'Admin', 0, '2022-08-20 06:49:13', NULL, ''),
(444, 'Crystal Secret Radiant Skin Starter Kit', 'Wardah-CSRSSK', 4, NULL, 73000.00, 58800.00, NULL, 'from upload', 1, 'Admin', 0, '2022-08-20 06:49:13', NULL, ''),
(445, 'Lightening Liquid Concealer', 'Wardah-LLC', 4, NULL, 39000.00, 31400.00, NULL, 'from upload', 1, 'Admin', 0, '2022-08-20 06:49:13', '2022-08-20 06:49:13', ''),
(446, 'Instaperfect Overlast Intense Mate Lipstick', 'Wardah-IOIML', 4, NULL, 91000.00, 73300.00, NULL, 'from upload', 1, 'Admin', 0, '2022-08-20 06:49:13', NULL, ''),
(447, 'Colorfit Cream Blush', 'Wardah-CCB', 4, NULL, 48000.00, 38700.00, NULL, 'from upload', 1, 'Admin', 0, '2022-08-20 06:49:13', NULL, ''),
(448, 'Aloe Serum', 'Wardah-AS', 4, NULL, 46000.00, 37100.00, NULL, 'from upload', 1, 'Admin', 0, '2022-08-20 06:49:13', '2022-08-20 06:49:13', ''),
(449, 'Everyday Lip Shot', 'Wardah-ELS', 4, NULL, 43000.00, 34600.00, NULL, 'from upload', 1, 'Admin', 0, '2022-08-20 06:49:13', NULL, ''),
(450, 'Instaperfect Elbrow Matic', 'Wardah-IEM', 4, NULL, 92000.00, 74100.00, NULL, 'from upload', 1, 'Admin', 0, '2022-08-20 06:49:13', NULL, ''),
(451, 'Eyexpert Precision Liner', 'Wardah-EPL', 4, NULL, 52000.00, 41900.00, NULL, 'from upload', 1, 'Admin', 0, '2022-08-20 06:49:13', NULL, ''),
(452, 'Eyexpert UFT Last Mascara', 'Wardah-EULM', 4, NULL, 58000.00, 46700.00, NULL, 'from upload', 1, 'Admin', 0, '2022-08-20 06:49:13', NULL, ''),
(453, 'Eyexpert Matic Brow Definer', 'Wardah-EMBD', 4, NULL, 47000.00, 37900.00, NULL, 'from upload', 1, 'Admin', 0, '2022-08-20 06:49:13', NULL, ''),
(454, 'Colorfit Glow Chusion', 'Wardah-CGC', 4, NULL, 101500.00, 81800.00, NULL, 'from upload', 1, 'Admin', 0, '2022-08-20 06:49:13', NULL, ''),
(455, 'Colorfit Mattifying Powder', 'Wardah-CMP', 4, NULL, 81000.00, 65200.00, NULL, 'from upload', 1, 'Admin', 0, '2022-08-20 06:49:13', NULL, ''),
(456, 'Colorfit Glow Chusion Refill', 'Wardah-CGCR', 4, NULL, 78500.00, 63200.00, NULL, 'from upload', 1, 'Admin', 0, '2022-08-20 06:49:13', NULL, ''),
(457, 'Colorfit Velvet Powder Foundation Refill', 'Wardah-CVPFR', 4, NULL, 46000.00, 37100.00, NULL, 'from upload', 1, 'Admin', 0, '2022-08-20 06:49:13', NULL, ''),
(458, 'RenewYou Day 30 gram', 'Wardah-RD3g', 4, NULL, 99000.00, 79700.00, NULL, 'from upload', 1, 'Admin', 0, '2022-08-20 06:49:13', NULL, ''),
(459, 'RenewYou Day 17 ml', 'Wardah-RD1m', 4, NULL, 46000.00, 37100.00, NULL, 'from upload', 1, 'Admin', 0, '2022-08-20 06:49:13', NULL, ''),
(460, 'RenewYou Night 30 gram', 'Wardah-RN3g', 4, NULL, 102000.00, 82200.00, NULL, 'from upload', 1, 'Admin', 0, '2022-08-20 06:49:13', NULL, ''),
(461, 'RenewYou Night 17 ml', 'Wardah-RN1m', 4, NULL, 46000.00, 37100.00, NULL, 'from upload', 1, 'Admin', 0, '2022-08-20 06:49:13', NULL, ''),
(462, 'RenewYou Treatment Essence  100 ml', 'Wardah-RTE1m', 4, NULL, 148000.00, 119200.00, NULL, 'from upload', 1, 'Admin', 0, '2022-08-20 06:49:13', NULL, ''),
(463, 'RenewYou Treatment Essence  50 ml', 'Wardah-RTE5m', 4, NULL, 87500.00, 70500.00, NULL, 'from upload', 1, 'Admin', 0, '2022-08-20 06:49:13', NULL, ''),
(464, 'RenewYou Serum', 'Wardah-RS', 4, NULL, 78500.00, 63200.00, NULL, 'from upload', 1, 'Admin', 0, '2022-08-20 06:49:13', NULL, ''),
(465, 'RenewYou Facial Wash', 'Wardah-RFW', 4, NULL, 32500.00, 26200.00, NULL, 'from upload', 1, 'Admin', 0, '2022-08-20 06:49:13', NULL, ''),
(466, 'RenewYou Mask', 'Wardah-RM', 4, NULL, 106000.00, 85400.00, NULL, 'from upload', 1, 'Admin', 0, '2022-08-20 06:49:13', NULL, ''),
(467, 'RenewYou Eye Cream', 'Wardah-REC', 4, NULL, 82500.00, 66500.00, NULL, 'from upload', 1, 'Admin', 0, '2022-08-20 06:49:13', NULL, ''),
(468, 'C. Defense DD Cream', 'Wardah-CDDC', 4, NULL, 30500.00, 24600.00, NULL, 'from upload', 1, 'Admin', 0, '2022-08-20 06:49:13', NULL, ''),
(469, 'C. Defense Serum', 'Wardah-CDS', 4, NULL, 80000.00, 64400.00, NULL, 'from upload', 1, 'Admin', 0, '2022-08-20 06:49:13', NULL, ''),
(470, 'C. Defense F/F 60 ml', 'Wardah-CDF6m', 4, NULL, 20000.00, 16100.00, NULL, 'from upload', 1, 'Admin', 0, '2022-08-20 06:49:13', NULL, ''),
(471, 'C. Defense F/F 100 ml', 'Wardah-CDF1m', 4, NULL, 30000.00, 24200.00, NULL, 'from upload', 1, 'Admin', 0, '2022-08-20 06:49:13', NULL, ''),
(472, 'C. Defense Face Mist', 'Wardah-CDFM', 4, NULL, 37000.00, 29800.00, NULL, 'from upload', 1, 'Admin', 0, '2022-08-20 06:49:13', NULL, ''),
(473, 'C. Defense Sleeping Mask', 'Wardah-CDSM', 4, NULL, 44000.00, 35400.00, NULL, 'from upload', 1, 'Admin', 0, '2022-08-20 06:49:13', NULL, ''),
(474, 'C. Defense Clay Mask', 'Wardah-CDCM', 4, NULL, 41000.00, 33000.00, NULL, 'from upload', 1, 'Admin', 0, '2022-08-20 06:49:13', NULL, ''),
(475, 'Everyday BB Cream 30 ml', 'Wardah-EBC3m', 4, NULL, 48000.00, 38700.00, NULL, 'from upload', 1, 'Admin', 0, '2022-08-20 06:49:13', NULL, ''),
(476, 'Everyday BB Cream 15 ml', 'Wardah-EBC1m', 4, NULL, 27500.00, 22200.00, NULL, 'from upload', 1, 'Admin', 0, '2022-08-20 06:49:13', NULL, ''),
(477, 'Everyday Lumious TWC', 'Wardah-ELT', 4, NULL, 48000.00, 38700.00, NULL, 'from upload', 1, 'Admin', 0, '2022-08-20 06:49:13', NULL, ''),
(478, 'Everyday Lumious Refill', 'Wardah-ELR', 4, NULL, 33500.00, 27000.00, NULL, 'from upload', 1, 'Admin', 0, '2022-08-20 06:49:13', NULL, ''),
(479, 'Everyday Lumious Powder', 'Wardah-ELP', 4, NULL, 41000.00, 33000.00, NULL, 'from upload', 1, 'Admin', 0, '2022-08-20 06:49:13', NULL, ''),
(480, 'Everyday Lumious Liquid Fourd', 'Wardah-ELLF', 4, NULL, 38000.00, 30600.00, NULL, 'from upload', 1, 'Admin', 0, '2022-08-20 06:49:13', NULL, ''),
(481, 'Everyday Lumious Creamy Fourd', 'Wardah-ELCF', 4, NULL, 35500.00, 28600.00, NULL, 'from upload', 1, 'Admin', 0, '2022-08-20 06:49:13', NULL, ''),
(482, 'Exclusive Lip Cream', 'Wardah-ELC', 4, NULL, 60000.00, 48300.00, NULL, 'from upload', 1, 'Admin', 0, '2022-08-20 06:49:13', '2022-08-20 06:49:13', ''),
(483, 'Everyday Lumious Compact Refill', 'Wardah-ELCR', 4, NULL, 31500.00, 25400.00, NULL, 'from upload', 1, 'Admin', 0, '2022-08-20 06:49:13', NULL, ''),
(484, 'Everyday BB Shine Loose Powder', 'Wardah-EBSLP', 4, NULL, 56000.00, 45100.00, NULL, 'from upload', 1, 'Admin', 0, '2022-08-20 06:49:13', NULL, ''),
(485, 'Aloe Hydramild F/F 60 ml', 'Wardah-AHF6m', 4, NULL, 16500.00, 13300.00, NULL, 'from upload', 1, 'Admin', 0, '2022-08-20 06:49:13', NULL, ''),
(486, 'Aloe Hydramild F/F 100 ml', 'Wardah-AHF1m', 4, NULL, 27500.00, 22100.00, NULL, 'from upload', 1, 'Admin', 0, '2022-08-20 06:49:13', NULL, ''),
(487, 'Aloe Multifunction Gel', 'Wardah-AMG', 4, NULL, 37000.00, 29800.00, NULL, 'from upload', 1, 'Admin', 0, '2022-08-20 06:49:13', NULL, ''),
(488, 'Aloe Moisturizer Cream', 'Wardah-AMC', 4, NULL, 20500.00, 16500.00, NULL, 'from upload', 1, 'Admin', 0, '2022-08-20 06:49:13', NULL, ''),
(490, 'Seaweed Balancing Micellar Water 100', 'Wardah-SBMW1', 4, NULL, 27500.00, 22200.00, NULL, 'from upload', 1, 'Admin', 0, '2022-08-20 06:49:13', NULL, ''),
(491, 'Seaweed Balancing Micellar Water 240', 'Wardah-SBMW2', 4, NULL, 50000.00, 40300.00, NULL, 'from upload', 1, 'Admin', 0, '2022-08-20 06:49:13', NULL, ''),
(492, 'Seaweed Balancing F/F 60 ml', 'Wardah-SBF6m', 4, NULL, 15500.00, 12500.00, NULL, 'from upload', 1, 'Admin', 0, '2022-08-20 06:49:13', NULL, ''),
(493, 'Seaweed Balancing F/F 100 ml', 'Wardah-SBF1m', 4, NULL, 26500.00, 21300.00, NULL, 'from upload', 1, 'Admin', 0, '2022-08-20 06:49:13', NULL, ''),
(494, 'Seaweed Balancing Facial Scrub', 'Wardah-SBFS', 4, NULL, 15500.00, 12500.00, NULL, 'from upload', 1, 'Admin', 0, '2022-08-20 06:49:13', NULL, ''),
(495, 'Seaweed Balancing Facial Mask', 'Wardah-SBFM', 4, NULL, 18500.00, 14900.00, NULL, 'from upload', 1, 'Admin', 0, '2022-08-20 06:49:13', NULL, ''),
(496, 'Seaweed Balancing Insentive Night CR', 'Wardah-SBINC', 4, NULL, 37000.00, 29800.00, NULL, 'from upload', 1, 'Admin', 0, '2022-08-20 06:49:13', NULL, ''),
(497, 'Exclusive TWC', 'Wardah-ET', 4, NULL, 88000.00, 70900.00, NULL, 'from upload', 1, 'Admin', 0, '2022-08-20 06:49:13', NULL, ''),
(498, 'Exclusive Refill', 'Wardah-ER', 4, NULL, 51000.00, 41100.00, NULL, 'from upload', 1, 'Admin', 0, '2022-08-20 06:49:13', NULL, ''),
(499, 'Exclusive BB Cushion', 'Wardah-EBC', 4, NULL, 134000.00, 107900.00, NULL, 'from upload', 1, 'Admin', 0, '2022-08-20 06:49:13', NULL, ''),
(500, 'Exclusive BB Cushion Refill', 'Wardah-EBCR', 4, NULL, 95000.00, 76500.00, NULL, 'from upload', 1, 'Admin', 0, '2022-08-20 06:49:13', NULL, ''),
(501, 'Exclusive Liquid Foundation', 'Wardah-ELF', 4, NULL, 79500.00, 64000.00, NULL, 'from upload', 1, 'Admin', 0, '2022-08-20 06:49:13', NULL, ''),
(502, 'Exclusive Creamy Foundation', 'Wardah-ECF', 4, NULL, 92000.00, 74100.00, NULL, 'from upload', 1, 'Admin', 0, '2022-08-20 06:49:13', NULL, ''),
(503, 'Exclusive Els Palet', 'Wardah-EEP', 4, NULL, 96500.00, 77700.00, NULL, 'from upload', 1, 'Admin', 0, '2022-08-20 06:49:13', NULL, ''),
(504, 'Exclusive Blor', 'Wardah-EB', 4, NULL, 59000.00, 47500.00, NULL, 'from upload', 1, 'Admin', 0, '2022-08-20 06:49:13', NULL, ''),
(505, 'Exclusive Lipstick Matte', 'Wardah-ELM', 4, NULL, 41000.00, 33000.00, NULL, 'from upload', 1, 'Admin', 0, '2022-08-20 06:49:13', '2022-08-20 06:49:13', ''),
(508, 'Exclusive Highlighter', 'Wardah-EH', 4, NULL, 66500.00, 53600.00, NULL, 'from upload', 1, 'Admin', 0, '2022-08-20 06:49:13', NULL, ''),
(509, 'Mineral + Clarifying F/F 60 ml', 'Wardah-M+CF6m', 4, NULL, 17000.00, 13700.00, NULL, 'from upload', 1, 'Admin', 0, '2022-08-20 06:49:13', NULL, ''),
(510, 'Mineral + Clarifying F/F 100 ml', 'Wardah-M+CF1m', 4, NULL, 25500.00, 20500.00, NULL, 'from upload', 1, 'Admin', 0, '2022-08-20 06:49:13', NULL, ''),
(511, 'Mineral + Clarifying Clay Mask', 'Wardah-M+CCM', 4, NULL, 18500.00, 14900.00, NULL, 'from upload', 1, 'Admin', 0, '2022-08-20 06:49:13', NULL, ''),
(512, 'Acnederm Pure Fooming Cleanser', 'Wardah-APFC', 4, NULL, 23500.00, 18900.00, NULL, 'from upload', 1, 'Admin', 0, '2022-08-20 06:49:13', NULL, ''),
(513, 'Acnederm Face Powder', 'Wardah-AFP', 4, NULL, 44000.00, 35400.00, NULL, 'from upload', 1, 'Admin', 0, '2022-08-20 06:49:13', NULL, ''),
(514, 'Acnederm Day Moisturizer', 'Wardah-ADM', 4, NULL, 32500.00, 26200.00, NULL, 'from upload', 1, 'Admin', 0, '2022-08-20 06:49:13', NULL, ''),
(515, 'Acnederm Night Moisturizer', 'Wardah-ANM', 4, NULL, 32500.00, 26200.00, NULL, 'from upload', 1, 'Admin', 0, '2022-08-20 06:49:13', NULL, ''),
(516, 'Acnederm Tightening Gel', 'Wardah-ATG', 4, NULL, 30500.00, 24600.00, NULL, 'from upload', 1, 'Admin', 0, '2022-08-20 06:49:13', '2022-08-20 06:49:13', ''),
(518, 'Acnederm Pore Blackhead', 'Wardah-APB', 4, NULL, 38500.00, 31000.00, NULL, 'from upload', 1, 'Admin', 0, '2022-08-20 06:49:13', NULL, ''),
(519, 'Lightening BB Cream 30 ml', 'Wardah-LBC3m', 4, NULL, 61000.00, 49100.00, NULL, 'from upload', 1, 'Admin', 0, '2022-08-20 06:49:13', NULL, ''),
(520, 'Lightening BB Cream 15 ml', 'Wardah-LBC1m', 4, NULL, 32000.00, 25800.00, NULL, 'from upload', 1, 'Admin', 0, '2022-08-20 06:49:13', NULL, ''),
(521, 'Lightening Day Cream 30 gram', 'Wardah-LDC3g', 4, NULL, 44000.00, 35400.00, NULL, 'from upload', 1, 'Admin', 0, '2022-08-20 06:49:13', NULL, ''),
(522, 'Lightening Day Cream 30 ml', 'Wardah-LDC3m', 4, NULL, 28500.00, 23000.00, NULL, 'from upload', 1, 'Admin', 0, '2022-08-20 06:49:13', NULL, ''),
(523, 'Lightening Night Cream 30 gram', 'Wardah-LNC3g', 4, NULL, 45000.00, 36200.00, NULL, 'from upload', 1, 'Admin', 0, '2022-08-20 06:49:13', NULL, ''),
(524, 'Lightening Night Cream 30 ml', 'Wardah-LNC3m', 4, NULL, 29000.00, 23400.00, NULL, 'from upload', 1, 'Admin', 0, '2022-08-20 06:49:13', NULL, ''),
(525, 'Lightening Face Toner', 'Wardah-LFT', 4, NULL, 23500.00, 18900.00, NULL, 'from upload', 1, 'Admin', 0, '2022-08-20 06:49:13', NULL, ''),
(526, 'Lightening Cleansing Milk', 'Wardah-LCM', 4, NULL, 19500.00, 15700.00, NULL, 'from upload', 1, 'Admin', 0, '2022-08-20 06:49:13', NULL, ''),
(527, 'Lightening Micellar Gentle Wash 100', 'Wardah-LMGW1', 4, NULL, 27000.00, 21790.00, NULL, 'from upload', 1, 'Admin', 0, '2022-08-20 06:49:13', NULL, ''),
(528, 'Lightening Micellar Gentle Wash 50', 'Wardah-LMGW5', 4, NULL, 18500.00, 14900.00, NULL, 'from upload', 1, 'Admin', 0, '2022-08-20 06:49:13', NULL, ''),
(529, 'Lightening Whip F/F 100', 'Wardah-LWF1', 4, NULL, 29500.00, 23800.00, NULL, 'from upload', 1, 'Admin', 0, '2022-08-20 06:49:13', NULL, ''),
(530, 'Lightening Whip F/F 50', 'Wardah-LWF5', 4, NULL, 20000.00, 16100.00, NULL, 'from upload', 1, 'Admin', 0, '2022-08-20 06:49:13', NULL, ''),
(531, 'Lightening Day Gel 30 gram', 'Wardah-LDG3g', 4, NULL, 44000.00, 35400.00, NULL, 'from upload', 1, 'Admin', 0, '2022-08-20 06:49:13', NULL, ''),
(532, 'Lightening Day Gel 20 ml', 'Wardah-LDG2m', 4, NULL, 28500.00, 23000.00, NULL, 'from upload', 1, 'Admin', 0, '2022-08-20 06:49:13', NULL, ''),
(533, 'Lightening Gentle Exfoliator 50 ml', 'Wardah-LGE5m', 4, NULL, 16500.00, 13300.00, NULL, 'from upload', 1, 'Admin', 0, '2022-08-20 06:49:13', NULL, ''),
(535, 'Lightening TWC', 'Wardah-LT', 4, NULL, 51500.00, 41500.00, NULL, 'from upload', 1, 'Admin', 0, '2022-08-20 06:49:13', NULL, ''),
(536, 'Lightening Refill', 'Wardah-LR', 4, NULL, 35000.00, 28200.00, NULL, 'from upload', 1, 'Admin', 0, '2022-08-20 06:49:13', NULL, ''),
(537, 'Lightening Matte Powder', 'Wardah-LMP', 4, NULL, 33000.00, 26600.00, NULL, 'from upload', 1, 'Admin', 0, '2022-08-20 06:49:13', '2022-08-20 06:49:13', ''),
(538, 'Lightening BB Cake', 'Wardah-LBC', 4, NULL, 56500.00, 45500.00, NULL, 'from upload', 1, 'Admin', 0, '2022-08-20 06:49:13', NULL, ''),
(539, 'Lightening BB Cake Refill', 'Wardah-LBCR', 4, NULL, 39000.00, 31400.00, NULL, 'from upload', 1, 'Admin', 0, '2022-08-20 06:49:13', NULL, ''),
(542, 'Perfect Bright Creamy Foam 50', 'Wardah-PBCF5', 4, NULL, 17500.00, 14100.00, NULL, 'from upload', 1, 'Admin', 0, '2022-08-20 06:49:13', NULL, ''),
(543, 'Perfect Bright Creamy Foam 100', 'Wardah-PBCF1', 4, NULL, 25500.00, 20500.00, NULL, 'from upload', 1, 'Admin', 0, '2022-08-20 06:49:13', NULL, ''),
(544, 'Perfect Moisturizer Normal Skin', 'Wardah-PMNS', 4, NULL, 25000.00, 20100.00, NULL, 'from upload', 1, 'Admin', 0, '2022-08-20 06:49:13', NULL, ''),
(545, 'Perfect Moisturizer SPF 78', 'Wardah-PMS7', 4, NULL, 25000.00, 20100.00, NULL, 'from upload', 1, 'Admin', 0, '2022-08-20 06:49:13', NULL, ''),
(546, 'Perfect Tore Up Cream', 'Wardah-PTUC', 4, NULL, 26000.00, 20900.00, NULL, 'from upload', 1, 'Admin', 0, '2022-08-20 06:49:13', NULL, ''),
(547, 'Perfect Peel Of Mask', 'Wardah-PPOM', 4, NULL, 32500.00, 26200.00, NULL, 'from upload', 1, 'Admin', 0, '2022-08-20 06:49:13', NULL, ''),
(548, 'Perfect Micellar Water 700 ml', 'Wardah-PMW7m', 4, NULL, 28000.00, 22500.00, NULL, 'from upload', 1, 'Admin', 0, '2022-08-20 06:49:13', NULL, ''),
(549, 'Perfect BB Powder', 'Wardah-PBP', 4, NULL, 23000.00, 18500.00, NULL, 'from upload', 1, 'Admin', 0, '2022-08-20 06:49:13', NULL, ''),
(550, 'White Secret Day 30 gram', 'Wardah-WSD3g', 4, NULL, 97000.00, 78100.00, NULL, 'from upload', 1, 'Admin', 0, '2022-08-20 06:49:13', NULL, ''),
(551, 'White Secret Day 17 ml', 'Wardah-WSD1m', 4, NULL, 46000.00, 37100.00, NULL, 'from upload', 1, 'Admin', 0, '2022-08-20 06:49:13', NULL, ''),
(552, 'White Secret Night 30 gram', 'Wardah-WSN3g', 4, NULL, 100000.00, 80600.00, NULL, 'from upload', 1, 'Admin', 0, '2022-08-20 06:49:13', NULL, ''),
(553, 'White Secret Night 17 ml', 'Wardah-WSN1m', 4, NULL, 46000.00, 37100.00, NULL, 'from upload', 1, 'Admin', 0, '2022-08-20 06:49:13', NULL, ''),
(554, 'White Secret Treatment Essence 50 ml', 'Wardah-WSTE5m', 4, NULL, 77500.00, 62400.00, NULL, 'from upload', 1, 'Admin', 0, '2022-08-20 06:49:13', NULL, ''),
(555, 'White Secret Treatment Essence 100 ml', 'Wardah-WSTE1m', 4, NULL, 137500.00, 110800.00, NULL, 'from upload', 1, 'Admin', 0, '2022-08-20 06:49:13', NULL, ''),
(556, 'White Secret Serum', 'Wardah-WSS', 4, NULL, 80500.00, 64850.00, NULL, 'from upload', 1, 'Admin', 0, '2022-08-20 06:49:13', NULL, ''),
(557, 'White Secret Facial Wash', 'Wardah-WSFW', 4, NULL, 30500.00, 24600.00, NULL, 'from upload', 1, 'Admin', 0, '2022-08-20 06:49:13', NULL, ''),
(558, 'White Secret Masker', 'Wardah-WSM', 4, NULL, 104000.00, 83800.00, NULL, 'from upload', 1, 'Admin', 0, '2022-08-20 06:49:13', NULL, ''),
(559, 'White Secret Facial Scrub', 'Wardah-WSFS', 4, NULL, 25500.00, 20500.00, NULL, 'from upload', 1, 'Admin', 0, '2022-08-20 06:49:13', NULL, ''),
(560, 'White Secret Milk Cleanser', 'Wardah-WSMC', 4, NULL, 30500.00, 24600.00, NULL, 'from upload', 1, 'Admin', 0, '2022-08-20 06:49:13', NULL, ''),
(561, 'White Secret Eye Lotion', 'Wardah-WSEL', 4, NULL, 73500.00, 59200.00, NULL, 'from upload', 1, 'Admin', 0, '2022-08-20 06:49:13', NULL, ''),
(562, 'White Secret Eye Cream', 'Wardah-WSEC', 4, NULL, 80500.00, 64800.00, NULL, 'from upload', 1, 'Admin', 0, '2022-08-20 06:49:13', NULL, '');

-- --------------------------------------------------------

--
-- Table structure for table `product_packing_unit`
--

DROP TABLE IF EXISTS `product_packing_unit`;
CREATE TABLE IF NOT EXISTS `product_packing_unit` (
  `id` int(11) NOT NULL AUTO_INCREMENT,
  `product_id` int(11) NOT NULL,
  `packing_id` int(11) NOT NULL,
  `sort_order` int(11) NOT NULL,
  PRIMARY KEY (`id`)
) ENGINE=InnoDB AUTO_INCREMENT=610 DEFAULT CHARSET=utf8mb4;

--
-- Dumping data for table `product_packing_unit`
--

INSERT INTO `product_packing_unit` (`id`, `product_id`, `packing_id`, `sort_order`) VALUES
(1, 1, 5, 1),
(2, 2, 5, 1),
(3, 3, 5, 1),
(4, 4, 5, 1),
(5, 5, 5, 1),
(6, 6, 5, 1),
(7, 7, 5, 1),
(8, 8, 5, 1),
(9, 9, 5, 1),
(10, 10, 5, 1),
(11, 11, 5, 1),
(12, 12, 5, 1),
(13, 13, 5, 1),
(14, 14, 5, 1),
(15, 15, 5, 1),
(16, 16, 5, 1),
(17, 17, 5, 1),
(18, 18, 5, 1),
(19, 19, 5, 1),
(20, 20, 5, 1),
(21, 21, 5, 1),
(22, 22, 5, 1),
(23, 23, 5, 1),
(24, 24, 5, 1),
(25, 25, 5, 1),
(26, 26, 5, 1),
(27, 27, 5, 1),
(28, 28, 5, 1),
(29, 29, 5, 1),
(30, 30, 5, 1),
(31, 31, 5, 1),
(32, 32, 5, 1),
(33, 16, 5, 1),
(34, 34, 5, 1),
(35, 35, 5, 1),
(36, 36, 5, 1),
(37, 22, 5, 1),
(38, 38, 5, 1),
(39, 39, 5, 1),
(40, 40, 5, 1),
(41, 41, 5, 1),
(42, 42, 5, 1),
(43, 43, 5, 1),
(44, 43, 5, 1),
(45, 45, 5, 1),
(46, 45, 5, 1),
(47, 47, 5, 1),
(48, 40, 5, 1),
(49, 49, 5, 1),
(50, 50, 5, 1),
(51, 51, 5, 1),
(52, 52, 5, 1),
(53, 53, 5, 1),
(54, 54, 5, 1),
(55, 55, 5, 1),
(56, 56, 5, 1),
(57, 57, 5, 1),
(58, 58, 5, 1),
(59, 59, 5, 1),
(60, 60, 5, 1),
(61, 61, 5, 1),
(62, 62, 5, 1),
(63, 63, 5, 1),
(64, 64, 5, 1),
(65, 65, 5, 1),
(66, 66, 5, 1),
(67, 67, 5, 1),
(68, 68, 5, 1),
(69, 69, 5, 1),
(70, 70, 5, 1),
(71, 71, 5, 1),
(72, 72, 5, 1),
(73, 73, 5, 1),
(74, 74, 5, 1),
(75, 75, 5, 1),
(76, 76, 5, 1),
(77, 77, 5, 1),
(78, 78, 5, 1),
(79, 79, 5, 1),
(80, 80, 5, 1),
(81, 81, 5, 1),
(82, 82, 5, 1),
(83, 83, 5, 1),
(84, 84, 5, 1),
(85, 85, 5, 1),
(86, 86, 5, 1),
(87, 87, 5, 1),
(88, 88, 5, 1),
(89, 83, 5, 1),
(90, 90, 5, 1),
(91, 17, 5, 1),
(92, 92, 5, 1),
(94, 94, 5, 1),
(95, 95, 5, 1),
(96, 96, 5, 1),
(97, 97, 5, 1),
(98, 98, 5, 1),
(99, 99, 5, 1),
(100, 100, 5, 1),
(101, 101, 5, 1),
(102, 102, 5, 1),
(103, 103, 5, 1),
(104, 104, 5, 1),
(105, 105, 5, 1),
(106, 106, 5, 1),
(107, 107, 5, 1),
(108, 108, 5, 1),
(109, 109, 5, 1),
(110, 110, 5, 1),
(111, 111, 5, 1),
(112, 112, 5, 1),
(113, 113, 5, 1),
(114, 114, 5, 1),
(115, 115, 5, 1),
(116, 116, 5, 1),
(117, 117, 5, 1),
(118, 118, 5, 1),
(119, 119, 5, 1),
(120, 120, 5, 1),
(121, 121, 5, 1),
(122, 122, 5, 1),
(123, 123, 5, 1),
(124, 124, 5, 1),
(125, 125, 5, 1),
(126, 126, 5, 1),
(127, 127, 5, 1),
(128, 128, 5, 1),
(129, 129, 5, 1),
(130, 130, 5, 1),
(131, 131, 5, 1),
(132, 132, 5, 1),
(133, 133, 5, 1),
(134, 134, 5, 1),
(135, 135, 5, 1),
(136, 136, 5, 1),
(137, 137, 5, 1),
(138, 138, 5, 1),
(139, 139, 5, 1),
(140, 140, 5, 1),
(141, 141, 5, 1),
(142, 142, 5, 1),
(143, 143, 5, 1),
(144, 144, 5, 1),
(145, 145, 5, 1),
(146, 146, 5, 1),
(147, 147, 5, 1),
(148, 148, 5, 1),
(149, 149, 5, 1),
(150, 150, 5, 1),
(151, 151, 5, 1),
(152, 152, 5, 1),
(153, 153, 5, 1),
(154, 154, 5, 1),
(155, 155, 5, 1),
(156, 156, 5, 1),
(157, 157, 5, 1),
(158, 158, 5, 1),
(159, 159, 5, 1),
(160, 160, 5, 1),
(161, 161, 5, 1),
(162, 162, 5, 1),
(163, 163, 5, 1),
(164, 164, 5, 1),
(165, 165, 5, 1),
(166, 166, 5, 1),
(167, 167, 5, 1),
(168, 168, 5, 1),
(169, 169, 5, 1),
(170, 170, 5, 1),
(171, 171, 5, 1),
(172, 172, 5, 1),
(173, 173, 5, 1),
(174, 174, 5, 1),
(175, 175, 5, 1),
(176, 176, 5, 1),
(177, 177, 5, 1),
(178, 178, 5, 1),
(179, 179, 5, 1),
(180, 180, 5, 1),
(181, 181, 5, 1),
(182, 182, 5, 1),
(183, 183, 5, 1),
(184, 184, 5, 1),
(185, 185, 5, 1),
(186, 186, 5, 1),
(187, 187, 5, 1),
(188, 188, 5, 1),
(189, 189, 5, 1),
(190, 190, 5, 1),
(191, 191, 5, 1),
(192, 192, 5, 1),
(193, 193, 5, 1),
(194, 194, 5, 1),
(195, 195, 5, 1),
(196, 196, 5, 1),
(197, 197, 5, 1),
(198, 198, 5, 1),
(199, 199, 5, 1),
(200, 200, 5, 1),
(201, 201, 5, 1),
(202, 202, 5, 1),
(203, 193, 5, 1),
(204, 204, 5, 1),
(205, 205, 5, 1),
(206, 206, 5, 1),
(207, 207, 5, 1),
(208, 208, 5, 1),
(209, 209, 5, 1),
(210, 210, 5, 1),
(211, 211, 5, 1),
(212, 212, 5, 1),
(213, 213, 5, 1),
(214, 214, 5, 1),
(215, 215, 5, 1),
(216, 216, 5, 1),
(217, 217, 5, 1),
(218, 218, 5, 1),
(219, 219, 5, 1),
(220, 220, 5, 1),
(221, 221, 5, 1),
(222, 220, 5, 1),
(223, 223, 5, 1),
(224, 224, 5, 1),
(225, 225, 5, 1),
(226, 226, 5, 1),
(227, 227, 5, 1),
(228, 228, 5, 1),
(229, 229, 5, 1),
(230, 230, 5, 1),
(231, 230, 5, 1),
(232, 232, 5, 1),
(233, 233, 5, 1),
(234, 234, 5, 1),
(235, 235, 5, 1),
(236, 236, 5, 1),
(237, 237, 5, 1),
(238, 238, 5, 1),
(239, 239, 5, 1),
(240, 240, 5, 1),
(241, 241, 5, 1),
(242, 242, 5, 1),
(243, 243, 5, 1),
(244, 244, 5, 1),
(245, 245, 5, 1),
(246, 246, 5, 1),
(247, 247, 5, 1),
(248, 248, 5, 1),
(249, 249, 5, 1),
(250, 250, 5, 1),
(251, 251, 5, 1),
(252, 252, 5, 1),
(253, 253, 5, 1),
(254, 254, 5, 1),
(255, 255, 5, 1),
(256, 256, 5, 1),
(257, 257, 5, 1),
(258, 258, 5, 1),
(259, 259, 5, 1),
(260, 260, 5, 1),
(261, 261, 5, 1),
(262, 262, 5, 1),
(263, 263, 5, 1),
(264, 264, 5, 1),
(265, 265, 5, 1),
(266, 266, 5, 1),
(267, 267, 5, 1),
(268, 268, 5, 1),
(269, 269, 5, 1),
(270, 270, 5, 1),
(271, 271, 5, 1),
(272, 272, 5, 1),
(273, 273, 5, 1),
(274, 274, 5, 1),
(275, 275, 5, 1),
(276, 276, 5, 1),
(277, 277, 5, 1),
(278, 278, 5, 1),
(279, 279, 5, 1),
(280, 280, 5, 1),
(281, 281, 5, 1),
(282, 282, 5, 1),
(283, 283, 5, 1),
(284, 284, 5, 1),
(285, 285, 5, 1),
(286, 286, 5, 1),
(287, 287, 5, 1),
(288, 288, 5, 1),
(289, 289, 5, 1),
(290, 290, 5, 1),
(291, 291, 5, 1),
(292, 292, 5, 1),
(293, 293, 5, 1),
(294, 294, 5, 1),
(295, 295, 5, 1),
(296, 296, 5, 1),
(297, 297, 5, 1),
(298, 298, 5, 1),
(299, 299, 5, 1),
(300, 300, 5, 1),
(301, 301, 5, 1),
(302, 302, 5, 1),
(303, 303, 5, 1),
(304, 304, 5, 1),
(305, 304, 5, 1),
(306, 306, 5, 1),
(307, 307, 5, 1),
(308, 308, 5, 1),
(309, 309, 5, 1),
(310, 310, 5, 1),
(311, 311, 5, 1),
(312, 312, 5, 1),
(313, 313, 5, 1),
(314, 314, 5, 1),
(315, 315, 5, 1),
(316, 316, 5, 1),
(317, 317, 5, 1),
(318, 318, 5, 1),
(319, 319, 5, 1),
(320, 320, 5, 1),
(321, 321, 5, 1),
(322, 322, 5, 1),
(323, 323, 5, 1),
(324, 321, 5, 1),
(325, 325, 5, 1),
(326, 326, 5, 1),
(327, 327, 5, 1),
(328, 328, 5, 1),
(329, 329, 5, 1),
(330, 330, 5, 1),
(331, 331, 5, 1),
(332, 332, 5, 1),
(333, 333, 5, 1),
(334, 334, 5, 1),
(335, 335, 5, 1),
(336, 336, 5, 1),
(337, 337, 5, 1),
(338, 338, 5, 1),
(339, 339, 5, 1),
(340, 340, 5, 1),
(341, 341, 5, 1),
(342, 342, 5, 1),
(343, 343, 5, 1),
(344, 306, 5, 1),
(345, 345, 5, 1),
(346, 346, 5, 1),
(347, 347, 5, 1),
(348, 348, 5, 1),
(349, 349, 5, 1),
(350, 350, 5, 1),
(351, 351, 5, 1),
(352, 352, 5, 1),
(353, 353, 5, 1),
(354, 354, 5, 1),
(355, 355, 5, 1),
(356, 356, 5, 1),
(357, 357, 5, 1),
(358, 358, 5, 1),
(359, 353, 5, 1),
(360, 360, 5, 1),
(361, 361, 5, 1),
(362, 362, 5, 1),
(363, 363, 5, 1),
(364, 364, 5, 1),
(365, 365, 5, 1),
(366, 366, 5, 1),
(367, 367, 5, 1),
(368, 368, 5, 1),
(369, 369, 5, 1),
(370, 370, 5, 1),
(371, 371, 5, 1),
(372, 372, 5, 1),
(373, 373, 5, 1),
(374, 374, 5, 1),
(375, 375, 5, 1),
(376, 376, 5, 1),
(377, 377, 5, 1),
(378, 378, 5, 1),
(379, 379, 5, 1),
(380, 380, 5, 1),
(381, 381, 5, 1),
(382, 382, 5, 1),
(383, 383, 5, 1),
(384, 384, 5, 1),
(385, 385, 5, 1),
(386, 386, 5, 1),
(387, 387, 5, 1),
(388, 388, 5, 1),
(389, 389, 5, 1),
(390, 390, 5, 1),
(391, 391, 5, 1),
(392, 392, 5, 1),
(393, 393, 5, 1),
(394, 394, 5, 1),
(395, 395, 5, 1),
(396, 396, 5, 1),
(397, 397, 5, 1),
(398, 398, 5, 1),
(399, 399, 5, 1),
(400, 400, 5, 1),
(401, 401, 5, 1),
(402, 402, 5, 1),
(403, 403, 5, 1),
(404, 404, 5, 1),
(405, 405, 5, 1),
(406, 406, 5, 1),
(407, 407, 5, 1),
(408, 408, 5, 1),
(409, 409, 5, 1),
(410, 392, 5, 1),
(411, 411, 5, 1),
(412, 412, 5, 1),
(413, 413, 5, 1),
(414, 414, 5, 1),
(415, 415, 5, 1),
(416, 416, 5, 1),
(417, 417, 5, 1),
(418, 418, 5, 1),
(419, 419, 5, 1),
(420, 420, 5, 1),
(421, 421, 5, 1),
(422, 422, 5, 1),
(423, 423, 5, 1),
(424, 424, 5, 1),
(425, 425, 5, 1),
(426, 426, 5, 1),
(427, 427, 5, 1),
(428, 428, 5, 1),
(429, 429, 5, 1),
(430, 424, 5, 1),
(431, 431, 5, 1),
(432, 432, 5, 1),
(433, 433, 5, 1),
(434, 434, 5, 1),
(435, 435, 5, 1),
(436, 436, 5, 1),
(437, 437, 5, 1),
(438, 438, 5, 1),
(439, 439, 5, 1),
(440, 440, 5, 1),
(441, 441, 5, 1),
(442, 442, 5, 1),
(443, 443, 5, 1),
(444, 444, 5, 1),
(445, 445, 5, 1),
(446, 446, 5, 1),
(447, 447, 5, 1),
(448, 448, 5, 1),
(449, 449, 5, 1),
(450, 450, 5, 1),
(451, 451, 5, 1),
(452, 452, 5, 1),
(453, 453, 5, 1),
(454, 454, 5, 1),
(455, 455, 5, 1),
(456, 456, 5, 1),
(457, 457, 5, 1),
(458, 458, 5, 1),
(459, 459, 5, 1),
(460, 460, 5, 1),
(461, 461, 5, 1),
(462, 462, 5, 1),
(463, 463, 5, 1),
(464, 464, 5, 1),
(465, 465, 5, 1),
(466, 466, 5, 1),
(467, 467, 5, 1),
(468, 468, 5, 1),
(469, 469, 5, 1),
(470, 470, 5, 1),
(471, 471, 5, 1),
(472, 472, 5, 1),
(473, 473, 5, 1),
(474, 474, 5, 1),
(475, 475, 5, 1),
(476, 476, 5, 1),
(477, 477, 5, 1),
(478, 478, 5, 1),
(479, 479, 5, 1),
(480, 480, 5, 1),
(481, 481, 5, 1),
(482, 482, 5, 1),
(483, 483, 5, 1),
(484, 484, 5, 1),
(485, 485, 5, 1),
(486, 486, 5, 1),
(487, 487, 5, 1),
(488, 488, 5, 1),
(489, 448, 5, 1),
(490, 490, 5, 1),
(491, 491, 5, 1),
(492, 492, 5, 1),
(493, 493, 5, 1),
(494, 494, 5, 1),
(495, 495, 5, 1),
(496, 496, 5, 1),
(497, 497, 5, 1),
(498, 498, 5, 1),
(499, 499, 5, 1),
(500, 500, 5, 1),
(501, 501, 5, 1),
(502, 502, 5, 1),
(503, 503, 5, 1),
(504, 504, 5, 1),
(505, 505, 5, 1),
(506, 505, 5, 1),
(507, 482, 5, 1),
(508, 508, 5, 1),
(509, 509, 5, 1),
(510, 510, 5, 1),
(511, 511, 5, 1),
(512, 512, 5, 1),
(513, 513, 5, 1),
(514, 514, 5, 1),
(515, 515, 5, 1),
(516, 516, 5, 1),
(517, 516, 5, 1),
(518, 518, 5, 1),
(519, 519, 5, 1),
(520, 520, 5, 1),
(521, 521, 5, 1),
(522, 522, 5, 1),
(523, 523, 5, 1),
(524, 524, 5, 1),
(525, 525, 5, 1),
(526, 526, 5, 1),
(527, 527, 5, 1),
(528, 528, 5, 1),
(529, 529, 5, 1),
(530, 530, 5, 1),
(531, 531, 5, 1),
(532, 532, 5, 1),
(533, 533, 5, 1),
(534, 429, 5, 1),
(535, 535, 5, 1),
(536, 536, 5, 1),
(537, 537, 5, 1),
(538, 538, 5, 1),
(539, 539, 5, 1),
(540, 435, 5, 1),
(541, 445, 5, 1),
(542, 542, 5, 1),
(543, 543, 5, 1),
(544, 544, 5, 1),
(545, 545, 5, 1),
(546, 546, 5, 1),
(547, 547, 5, 1),
(548, 548, 5, 1),
(549, 549, 5, 1),
(550, 550, 5, 1),
(551, 551, 5, 1),
(552, 552, 5, 1),
(553, 553, 5, 1),
(554, 554, 5, 1),
(555, 555, 5, 1),
(556, 556, 5, 1),
(557, 557, 5, 1),
(558, 558, 5, 1),
(559, 559, 5, 1),
(560, 560, 5, 1),
(561, 561, 5, 1),
(562, 562, 5, 1),
(563, 537, 5, 1),
(564, 93, 5, 1);

-- --------------------------------------------------------

--
-- Table structure for table `product_stocks`
--

DROP TABLE IF EXISTS `product_stocks`;
CREATE TABLE IF NOT EXISTS `product_stocks` (
  `id` int(11) NOT NULL AUTO_INCREMENT,
  `product_variant_id` int(11) NOT NULL,
  `total_stock` int(11) NOT NULL,
  `buy_price` decimal(15,2) NOT NULL,
  `expired_date` date DEFAULT '2100-12-31',
  PRIMARY KEY (`id`),
  KEY `product_variant_id` (`product_variant_id`)
) ENGINE=InnoDB AUTO_INCREMENT=1490 DEFAULT CHARSET=utf8mb4;

--
-- Dumping data for table `product_stocks`
--

INSERT INTO `product_stocks` (`id`, `product_variant_id`, `total_stock`, `buy_price`, `expired_date`) VALUES
(1, 53, 530, '14002.00', '2022-01-01'),
(2, 91, 440, '14002.00', '2022-01-01'),
(3, 54, 548, '32034.00', '2022-01-01'),
(4, 220, 558, '32034.00', '2022-01-01'),
(5, 102, 1028, '6795.00', '2022-01-01'),
(6, 123, 1038, '6795.00', '2022-01-01'),
(7, 192, 1928, '19954.00', '2022-01-01'),
(8, 215, 1960, '19954.00', '2022-01-01'),
(9, 339, 3398, '35280.00', '2022-01-01'),
(10, 340, 3410, '35280.00', '2022-01-01'),
(11, 587, 5880, '14400.00', '2022-01-01'),
(12, 588, 5890, '14400.00', '2022-01-01'),
(13, 863, 8710, '67080.00', '2022-01-01'),
(14, 864, 8720, '67080.00', '2022-01-01'),
(15, 865, 8730, '67080.00', '2022-01-01'),
(16, 874, 8740, '67080.00', '2022-01-01'),
(17, 875, 8750, '67080.00', '2022-01-01'),
(18, 876, 8760, '67080.00', '2022-01-01'),
(19, 1151, 11520, '14859.00', '2022-01-01'),
(20, 1157, 11530, '14859.00', '2022-01-01'),
(21, 1156, 11580, '15250.00', '2022-01-01'),
(22, 1437, 11590, '15250.00', '2022-01-01'),
(23, 1217, 12230, '30501.00', '2022-01-01'),
(24, 1218, 12240, '30501.00', '2022-01-01'),
(25, 1460, 12250, '30501.00', '2022-01-01'),
(26, 1461, 12260, '30501.00', '2022-01-01'),
(27, 1231, 12390, '35976.00', '2022-01-01'),
(28, 1331, 12400, '35976.00', '2022-01-01'),
(29, 1318, 13270, '46946.00', '2022-01-01'),
(30, 1319, 13280, '46946.00', '2022-01-01'),
(31, 1320, 13290, '46946.00', '2022-01-01'),
(32, 1321, 13300, '46946.00', '2022-01-01'),
(33, 1391, 13310, '46946.00', '2022-01-01'),
(34, 1392, 13320, '46946.00', '2022-01-01'),
(35, 1393, 13330, '46946.00', '2022-01-01'),
(36, 1394, 13340, '46946.00', '2022-01-01'),
(37, 1417, 14250, '23854.00', '2022-01-01'),
(38, 1418, 14260, '23854.00', '2022-01-01'),
(39, 1446, 14530, '25809.00', '2022-01-01'),
(40, 1447, 14540, '25809.00', '2022-01-01'),
(41, 1448, 14550, '25809.00', '2022-01-01'),
(42, 1449, 14560, '25809.00', '2022-01-01'),
(43, 1483, 14570, '25809.00', '2022-01-01'),
(44, 1484, 14580, '25809.00', '2022-01-01'),
(45, 1485, 14590, '25809.00', '2022-01-01'),
(46, 1486, 14600, '25809.00', '2022-01-01'),
(47, 1, 5, '11156.00', '2022-01-01'),
(48, 2, 20, '11156.00', '2022-01-01'),
(49, 3, 30, '11156.00', '2022-01-01'),
(50, 4, 40, '11156.00', '2022-01-01'),
(51, 5, 50, '11156.00', '2022-01-01'),
(52, 6, 60, '20081.00', '2022-01-01'),
(53, 7, 70, '20081.00', '2022-01-01'),
(54, 8, 80, '20081.00', '2022-01-01'),
(55, 9, 90, '12941.00', '2022-01-01'),
(56, 10, 100, '26328.00', '2022-01-01'),
(57, 11, 110, '26328.00', '2022-01-01'),
(58, 12, 120, '26328.00', '2022-01-01'),
(59, 13, 130, '26328.00', '2022-01-01'),
(60, 14, 140, '26328.00', '2022-01-01'),
(61, 15, 150, '26328.00', '2022-01-01'),
(62, 16, 160, '41501.00', '2022-01-01'),
(63, 17, 170, '41501.00', '2022-01-01'),
(64, 18, 180, '41501.00', '2022-01-01'),
(65, 19, 190, '41501.00', '2022-01-01'),
(66, 20, 200, '41501.00', '2022-01-01'),
(67, 21, 210, '30791.00', '2022-01-01'),
(68, 22, 220, '30791.00', '2022-01-01'),
(69, 23, 230, '30791.00', '2022-01-01'),
(70, 24, 240, '30791.00', '2022-01-01'),
(71, 25, 250, '30791.00', '2022-01-01'),
(72, 26, 260, '30791.00', '2022-01-01'),
(73, 27, 270, '19188.00', '2022-01-01'),
(74, 28, 280, '19188.00', '2022-01-01'),
(75, 29, 290, '19188.00', '2022-01-01'),
(76, 30, 300, '19188.00', '2022-01-01'),
(77, 31, 310, '19188.00', '2022-01-01'),
(78, 32, 320, '19188.00', '2022-01-01'),
(79, 33, 330, '19188.00', '2022-01-01'),
(80, 34, 340, '19188.00', '2022-01-01'),
(81, 35, 350, '20081.00', '2022-01-01'),
(82, 36, 360, '20081.00', '2022-01-01'),
(83, 37, 370, '20081.00', '2022-01-01'),
(84, 38, 380, '20081.00', '2022-01-01'),
(85, 39, 390, '20081.00', '2022-01-01'),
(86, 40, 400, '20081.00', '2022-01-01'),
(87, 41, 410, '11156.00', '2022-01-01'),
(88, 42, 420, '11156.00', '2022-01-01'),
(89, 43, 430, '11156.00', '2022-01-01'),
(90, 44, 440, '22758.00', '2022-01-01'),
(91, 45, 450, '28113.00', '2022-01-01'),
(92, 46, 460, '28113.00', '2022-01-01'),
(93, 47, 470, '10400.00', '2022-01-01'),
(94, 48, 480, '35809.00', '2022-01-01'),
(95, 49, 490, '35809.00', '2022-01-01'),
(96, 50, 500, '35809.00', '2022-01-01'),
(97, 51, 510, '35809.00', '2022-01-01'),
(98, 52, 520, '7338.00', '2022-01-01'),
(99, 55, 570, '90703.00', '2022-01-01'),
(100, 56, 580, '90703.00', '2022-01-01'),
(101, 57, 590, '90703.00', '2022-01-01'),
(102, 58, 600, '9894.00', '2022-01-01'),
(103, 59, 610, '9894.00', '2022-01-01'),
(104, 60, 620, '9894.00', '2022-01-01'),
(105, 61, 630, '9986.00', '2022-01-01'),
(106, 62, 640, '12265.00', '2022-01-01'),
(107, 63, 650, '12265.00', '2022-01-01'),
(108, 64, 660, '12265.00', '2022-01-01'),
(109, 65, 670, '10406.00', '2022-01-01'),
(110, 66, 680, '10406.00', '2022-01-01'),
(111, 67, 690, '10406.00', '2022-01-01'),
(112, 97, 700, '10406.00', '2022-01-01'),
(113, 68, 710, '11708.00', '2022-01-01'),
(114, 69, 720, '11708.00', '2022-01-01'),
(115, 70, 730, '11708.00', '2022-01-01'),
(116, 71, 740, '10760.00', '2022-01-01'),
(117, 72, 750, '10760.00', '2022-01-01'),
(118, 73, 760, '10760.00', '2022-01-01'),
(119, 74, 770, '10760.00', '2022-01-01'),
(120, 75, 780, '28200.00', '2022-01-01'),
(121, 76, 790, '28200.00', '2022-01-01'),
(122, 77, 800, '28200.00', '2022-01-01'),
(123, 78, 810, '21685.00', '2022-01-01'),
(124, 79, 820, '15584.00', '2022-01-01'),
(125, 80, 830, '4328.00', '2022-01-01'),
(126, 81, 840, '5194.00', '2022-01-01'),
(127, 82, 850, '15584.00', '2022-01-01'),
(128, 83, 860, '15584.00', '2022-01-01'),
(129, 84, 870, '15584.00', '2022-01-01'),
(130, 85, 880, '21109.00', '2022-01-01'),
(131, 86, 890, '21109.00', '2022-01-01'),
(132, 87, 900, '21109.00', '2022-01-01'),
(133, 88, 910, '13670.00', '2022-01-01'),
(134, 89, 920, '13670.00', '2022-01-01'),
(135, 90, 930, '13670.00', '2022-01-01'),
(136, 92, 940, '6809.00', '2022-01-01'),
(137, 93, 950, '11324.00', '2022-01-01'),
(138, 94, 960, '11324.00', '2022-01-01'),
(139, 95, 970, '11324.00', '2022-01-01'),
(140, 96, 980, '11630.00', '2022-01-01'),
(141, 98, 990, '19052.00', '2022-01-01'),
(142, 99, 1000, '19052.00', '2022-01-01'),
(143, 100, 1010, '19052.00', '2022-01-01'),
(144, 101, 1020, '31168.00', '2022-01-01'),
(145, 103, 1050, '3822.00', '2022-01-01'),
(146, 104, 1060, '3822.00', '2022-01-01'),
(147, 105, 1070, '3822.00', '2022-01-01'),
(148, 106, 1080, '3822.00', '2022-01-01'),
(149, 107, 1090, '3822.00', '2022-01-01'),
(150, 108, 1100, '3822.00', '2022-01-01'),
(151, 109, 1110, '1614.00', '2022-01-01'),
(152, 110, 1120, '5133.00', '2022-01-01'),
(153, 111, 1130, '5133.00', '2022-01-01'),
(154, 112, 1140, '5133.00', '2022-01-01'),
(155, 113, 1150, '5133.00', '2022-01-01'),
(156, 114, 1160, '5133.00', '2022-01-01'),
(157, 115, 1170, '5133.00', '2022-01-01'),
(158, 116, 1180, '5765.00', '2022-01-01'),
(159, 117, 1190, '5765.00', '2022-01-01'),
(160, 118, 1200, '5765.00', '2022-01-01'),
(161, 119, 1210, '5765.00', '2022-01-01'),
(162, 120, 1220, '5765.00', '2022-01-01'),
(163, 121, 1230, '5765.00', '2022-01-01'),
(164, 122, 1240, '4370.00', '2022-01-01'),
(165, 124, 1250, '14347.00', '2022-01-01'),
(166, 125, 1260, '6143.00', '2022-01-01'),
(167, 126, 1270, '7070.00', '2022-01-01'),
(168, 127, 1280, '9069.00', '2022-01-01'),
(169, 128, 1290, '8162.00', '2022-01-01'),
(170, 129, 1300, '57924.00', '2022-01-01'),
(171, 130, 1310, '9069.00', '2022-01-01'),
(172, 131, 1320, '3875.00', '2022-01-01'),
(173, 132, 1330, '7585.00', '2022-01-01'),
(174, 133, 1340, '6262.00', '2022-01-01'),
(175, 134, 1350, '6262.00', '2022-01-01'),
(176, 135, 1360, '6262.00', '2022-01-01'),
(177, 136, 1370, '6312.00', '2022-01-01'),
(178, 137, 1380, '5477.00', '2022-01-01'),
(179, 138, 1390, '5477.00', '2022-01-01'),
(180, 139, 1400, '5477.00', '2022-01-01'),
(181, 140, 1410, '29556.00', '2022-01-01'),
(182, 141, 1420, '42011.00', '2022-01-01'),
(183, 142, 1430, '42011.00', '2022-01-01'),
(184, 143, 1440, '42011.00', '2022-01-01'),
(185, 144, 1450, '38919.00', '2022-01-01'),
(186, 145, 1460, '38919.00', '2022-01-01'),
(187, 146, 1470, '38919.00', '2022-01-01'),
(188, 147, 1480, '38919.00', '2022-01-01'),
(189, 148, 1490, '8327.00', '2022-01-01'),
(190, 149, 1500, '8327.00', '2022-01-01'),
(191, 150, 1510, '8327.00', '2022-01-01'),
(192, 151, 1520, '8327.00', '2022-01-01'),
(193, 152, 1530, '30561.00', '2022-01-01'),
(194, 153, 1540, '30561.00', '2022-01-01'),
(195, 154, 1550, '30561.00', '2022-01-01'),
(196, 155, 1560, '43157.00', '2022-01-01'),
(197, 156, 1570, '43157.00', '2022-01-01'),
(198, 157, 1580, '43157.00', '2022-01-01'),
(199, 158, 1590, '52184.00', '2022-01-01'),
(200, 159, 1600, '52184.00', '2022-01-01'),
(201, 160, 1610, '52184.00', '2022-01-01'),
(202, 161, 1620, '30321.00', '2022-01-01'),
(203, 162, 1630, '43157.00', '2022-01-01'),
(204, 163, 1640, '43157.00', '2022-01-01'),
(205, 164, 1650, '8327.00', '2022-01-01'),
(206, 165, 1660, '8327.00', '2022-01-01'),
(207, 166, 1670, '5771.00', '2022-01-01'),
(208, 167, 1680, '4926.00', '2022-01-01'),
(209, 168, 1690, '1071.00', '2022-01-01'),
(210, 169, 1700, '923.00', '2022-01-01'),
(211, 170, 1710, '1665.00', '2022-01-01'),
(212, 171, 1720, '11000.00', '2022-01-01'),
(213, 172, 1730, '11000.00', '2022-01-01'),
(214, 173, 1740, '11000.00', '2022-01-01'),
(215, 174, 1750, '11320.00', '2022-01-01'),
(216, 175, 1760, '11320.00', '2022-01-01'),
(217, 176, 1770, '11320.00', '2022-01-01'),
(218, 177, 1780, '25250.00', '2022-01-01'),
(219, 178, 1790, '25250.00', '2022-01-01'),
(220, 179, 1800, '25250.00', '2022-01-01'),
(221, 180, 1810, '16665.00', '2022-01-01'),
(222, 181, 1820, '16665.00', '2022-01-01'),
(223, 182, 1830, '16665.00', '2022-01-01'),
(224, 183, 1840, '35714.00', '2022-01-01'),
(225, 184, 1850, '35714.00', '2022-01-01'),
(226, 185, 1860, '35714.00', '2022-01-01'),
(227, 186, 1870, '35714.00', '2022-01-01'),
(228, 187, 1880, '32405.00', '2022-01-01'),
(229, 188, 1890, '32405.00', '2022-01-01'),
(230, 189, 1900, '31663.00', '2022-01-01'),
(231, 190, 1910, '31663.00', '2022-01-01'),
(232, 191, 1920, '31663.00', '2022-01-01'),
(233, 193, 1940, '19954.00', '2022-01-01'),
(234, 194, 1950, '19954.00', '2022-01-01'),
(235, 216, 1970, '19954.00', '2022-01-01'),
(236, 217, 1980, '19954.00', '2022-01-01'),
(237, 195, 1990, '29381.00', '2022-01-01'),
(238, 196, 2000, '29381.00', '2022-01-01'),
(239, 197, 2010, '29381.00', '2022-01-01'),
(240, 198, 2020, '12574.00', '2022-01-01'),
(241, 199, 2030, '12574.00', '2022-01-01'),
(242, 200, 2040, '12574.00', '2022-01-01'),
(243, 201, 2050, '7544.00', '2022-01-01'),
(244, 202, 2060, '20331.00', '2022-01-01'),
(245, 203, 2070, '20331.00', '2022-01-01'),
(246, 204, 2080, '20331.00', '2022-01-01'),
(247, 205, 2090, '20331.00', '2022-01-01'),
(248, 206, 2100, '20331.00', '2022-01-01'),
(249, 207, 2110, '20331.00', '2022-01-01'),
(250, 208, 2120, '20331.00', '2022-01-01'),
(251, 209, 2130, '20331.00', '2022-01-01'),
(252, 210, 2140, '27728.00', '2022-01-01'),
(253, 211, 2150, '27728.00', '2022-01-01'),
(254, 212, 2160, '27728.00', '2022-01-01'),
(255, 213, 2170, '27728.00', '2022-01-01'),
(256, 214, 2180, '27728.00', '2022-01-01'),
(257, 218, 2190, '34219.00', '2022-01-01'),
(258, 219, 2200, '34219.00', '2022-01-01'),
(259, 221, 2210, '46822.00', '2022-01-01'),
(260, 222, 2220, '5260.00', '2022-01-01'),
(261, 223, 2230, '5260.00', '2022-01-01'),
(262, 224, 2240, '5260.00', '2022-01-01'),
(263, 1487, 2250, '5260.00', '2022-01-01'),
(264, 225, 2260, '21150.00', '2022-01-01'),
(265, 226, 2270, '21150.00', '2022-01-01'),
(266, 227, 2280, '21150.00', '2022-01-01'),
(267, 228, 2290, '21150.00', '2022-01-01'),
(268, 229, 2300, '21150.00', '2022-01-01'),
(269, 230, 2310, '21150.00', '2022-01-01'),
(270, 231, 2320, '15996.00', '2022-01-01'),
(271, 232, 2330, '9894.00', '2022-01-01'),
(272, 233, 2340, '13110.00', '2022-01-01'),
(273, 234, 2350, '13110.00', '2022-01-01'),
(274, 235, 2360, '13110.00', '2022-01-01'),
(275, 236, 2370, '13110.00', '2022-01-01'),
(276, 237, 2380, '13110.00', '2022-01-01'),
(277, 238, 2390, '13110.00', '2022-01-01'),
(278, 239, 2400, '13110.00', '2022-01-01'),
(279, 240, 2410, '13110.00', '2022-01-01'),
(280, 241, 2420, '13110.00', '2022-01-01'),
(281, 242, 2430, '13110.00', '2022-01-01'),
(282, 243, 2440, '13110.00', '2022-01-01'),
(283, 244, 2450, '13110.00', '2022-01-01'),
(284, 245, 2460, '24300.00', '2022-01-01'),
(285, 246, 2470, '24300.00', '2022-01-01'),
(286, 247, 2480, '24300.00', '2022-01-01'),
(287, 248, 2490, '24300.00', '2022-01-01'),
(288, 249, 2500, '24300.00', '2022-01-01'),
(289, 250, 2510, '24300.00', '2022-01-01'),
(290, 251, 2520, '24300.00', '2022-01-01'),
(291, 252, 2530, '24300.00', '2022-01-01'),
(292, 253, 2540, '24300.00', '2022-01-01'),
(293, 254, 2550, '24300.00', '2022-01-01'),
(294, 255, 2560, '24300.00', '2022-01-01'),
(295, 256, 2570, '24300.00', '2022-01-01'),
(296, 257, 2580, '24300.00', '2022-01-01'),
(297, 258, 2590, '24300.00', '2022-01-01'),
(298, 259, 2600, '24300.00', '2022-01-01'),
(299, 260, 2610, '24300.00', '2022-01-01'),
(300, 261, 2620, '24300.00', '2022-01-01'),
(301, 262, 2630, '24300.00', '2022-01-01'),
(302, 263, 2640, '24300.00', '2022-01-01'),
(303, 264, 2650, '9234.00', '2022-01-01'),
(304, 265, 2660, '25734.00', '2022-01-01'),
(305, 266, 2670, '25734.00', '2022-01-01'),
(306, 267, 2680, '25734.00', '2022-01-01'),
(307, 268, 2690, '25734.00', '2022-01-01'),
(308, 269, 2700, '25734.00', '2022-01-01'),
(309, 270, 2710, '114480.00', '2022-01-01'),
(310, 271, 2720, '82800.00', '2022-01-01'),
(311, 272, 2730, '39600.00', '2022-01-01'),
(312, 273, 2740, '90000.00', '2022-01-01'),
(313, 274, 2750, '42980.00', '2022-01-01'),
(314, 275, 2760, '92880.00', '2022-01-01'),
(315, 276, 2770, '39600.00', '2022-01-01'),
(316, 277, 2780, '82800.00', '2022-01-01'),
(317, 278, 2790, '40320.00', '2022-01-01'),
(318, 279, 2800, '37440.00', '2022-01-01'),
(319, 280, 2810, '48960.00', '2022-01-01'),
(320, 281, 2820, '48960.00', '2022-01-01'),
(321, 282, 2830, '86900.00', '2022-01-01'),
(322, 283, 2840, '100080.00', '2022-01-01'),
(323, 284, 2850, '100080.00', '2022-01-01'),
(324, 285, 2860, '100080.00', '2022-01-01'),
(325, 286, 2870, '41760.00', '2022-01-01'),
(326, 287, 2880, '41760.00', '2022-01-01'),
(327, 288, 2890, '41760.00', '2022-01-01'),
(328, 289, 2900, '119980.00', '2022-01-01'),
(329, 290, 2910, '53280.00', '2022-01-01'),
(330, 291, 2920, '53280.00', '2022-01-01'),
(331, 292, 2930, '53280.00', '2022-01-01'),
(332, 293, 2940, '53280.00', '2022-01-01'),
(333, 294, 2950, '53280.00', '2022-01-01'),
(334, 295, 2960, '27360.00', '2022-01-01'),
(335, 296, 2970, '27360.00', '2022-01-01'),
(336, 297, 2980, '27360.00', '2022-01-01'),
(337, 298, 2990, '27360.00', '2022-01-01'),
(338, 299, 3000, '63360.00', '2022-01-01'),
(339, 300, 3010, '20160.00', '2022-01-01'),
(340, 301, 3020, '43200.00', '2022-01-01'),
(341, 302, 3030, '25200.00', '2022-01-01'),
(342, 303, 3040, '48240.00', '2022-01-01'),
(343, 304, 3050, '27360.00', '2022-01-01'),
(344, 305, 3060, '25200.00', '2022-01-01'),
(345, 306, 3070, '25200.00', '2022-01-01'),
(346, 307, 3080, '36000.00', '2022-01-01'),
(347, 308, 3090, '36000.00', '2022-01-01'),
(348, 309, 3100, '36000.00', '2022-01-01'),
(349, 310, 3110, '36000.00', '2022-01-01'),
(350, 311, 3120, '58680.00', '2022-01-01'),
(351, 312, 3130, '41760.00', '2022-01-01'),
(352, 313, 3140, '33100.00', '2022-01-01'),
(353, 314, 3150, '59040.00', '2022-01-01'),
(354, 315, 3160, '38160.00', '2022-01-01'),
(355, 316, 3170, '64080.00', '2022-01-01'),
(356, 317, 3180, '92520.00', '2022-01-01'),
(357, 318, 3190, '92520.00', '2022-01-01'),
(358, 319, 3200, '92520.00', '2022-01-01'),
(359, 320, 3210, '42480.00', '2022-01-01'),
(360, 321, 3220, '42480.00', '2022-01-01'),
(361, 322, 3230, '42480.00', '2022-01-01'),
(362, 323, 3240, '35280.00', '2022-01-01'),
(363, 324, 3250, '42480.00', '2022-01-01'),
(364, 325, 3260, '42480.00', '2022-01-01'),
(365, 326, 3270, '42480.00', '2022-01-01'),
(366, 327, 3280, '42480.00', '2022-01-01'),
(367, 328, 3290, '42480.00', '2022-01-01'),
(368, 329, 3300, '35280.00', '2022-01-01'),
(369, 330, 3310, '35280.00', '2022-01-01'),
(370, 331, 3320, '35280.00', '2022-01-01'),
(371, 332, 3330, '35280.00', '2022-01-01'),
(372, 333, 3340, '35280.00', '2022-01-01'),
(373, 334, 3350, '35280.00', '2022-01-01'),
(374, 335, 3360, '35280.00', '2022-01-01'),
(375, 336, 3370, '35280.00', '2022-01-01'),
(376, 337, 3380, '35280.00', '2022-01-01'),
(377, 338, 3390, '35280.00', '2022-01-01'),
(378, 341, 3420, '82800.00', '2022-01-01'),
(379, 342, 3430, '82800.00', '2022-01-01'),
(380, 343, 3440, '82800.00', '2022-01-01'),
(381, 344, 3450, '32400.00', '2022-01-01'),
(382, 345, 3460, '32400.00', '2022-01-01'),
(383, 346, 3470, '75600.00', '2022-01-01'),
(384, 347, 3480, '75600.00', '2022-01-01'),
(385, 348, 3490, '75600.00', '2022-01-01'),
(386, 349, 3500, '75600.00', '2022-01-01'),
(387, 350, 3510, '75600.00', '2022-01-01'),
(388, 351, 3520, '75600.00', '2022-01-01'),
(389, 352, 3530, '75600.00', '2022-01-01'),
(390, 353, 3540, '75600.00', '2022-01-01'),
(391, 354, 3550, '50040.00', '2022-01-01'),
(392, 355, 3560, '50040.00', '2022-01-01'),
(393, 356, 3570, '50040.00', '2022-01-01'),
(394, 357, 3580, '41760.00', '2022-01-01'),
(395, 358, 3590, '41760.00', '2022-01-01'),
(396, 359, 3600, '41760.00', '2022-01-01'),
(397, 360, 3610, '41760.00', '2022-01-01'),
(398, 361, 3620, '59700.00', '2022-01-01'),
(399, 362, 3630, '59700.00', '2022-01-01'),
(400, 363, 3640, '64080.00', '2022-01-01'),
(401, 364, 3650, '49680.00', '2022-01-01'),
(402, 365, 3660, '49680.00', '2022-01-01'),
(403, 366, 3670, '52184.00', '2022-01-01'),
(404, 367, 3680, '52184.00', '2022-01-01'),
(405, 368, 3690, '52184.00', '2022-01-01'),
(406, 369, 3700, '52184.00', '2022-01-01'),
(407, 370, 3710, '20880.00', '2022-01-01'),
(408, 371, 3720, '20880.00', '2022-01-01'),
(409, 372, 3730, '25200.00', '2022-01-01'),
(410, 373, 3740, '15280.00', '2022-01-01'),
(411, 374, 3750, '15280.00', '2022-01-01'),
(412, 375, 3760, '15280.00', '2022-01-01'),
(413, 376, 3770, '15280.00', '2022-01-01'),
(414, 377, 3780, '15280.00', '2022-01-01'),
(415, 378, 3790, '15280.00', '2022-01-01'),
(416, 379, 3800, '15280.00', '2022-01-01'),
(417, 380, 3810, '10800.00', '2022-01-01'),
(418, 381, 3820, '37440.00', '2022-01-01'),
(419, 382, 3830, '28800.00', '2022-01-01'),
(420, 383, 3840, '28800.00', '2022-01-01'),
(421, 384, 3850, '32400.00', '2022-01-01'),
(422, 385, 3860, '61200.00', '2022-01-01'),
(423, 386, 3870, '63360.00', '2022-01-01'),
(424, 387, 3880, '46800.00', '2022-01-01'),
(425, 388, 3890, '61200.00', '2022-01-01'),
(426, 389, 3900, '61200.00', '2022-01-01'),
(427, 390, 3910, '61200.00', '2022-01-01'),
(428, 391, 3920, '61200.00', '2022-01-01'),
(429, 392, 3930, '61200.00', '2022-01-01'),
(430, 393, 3940, '61200.00', '2022-01-01'),
(431, 394, 3950, '61200.00', '2022-01-01'),
(432, 395, 3960, '61200.00', '2022-01-01'),
(433, 396, 3970, '61200.00', '2022-01-01'),
(434, 397, 3980, '61200.00', '2022-01-01'),
(435, 398, 3990, '61200.00', '2022-01-01'),
(436, 399, 4000, '66960.00', '2022-01-01'),
(437, 400, 4010, '66960.00', '2022-01-01'),
(438, 401, 4020, '66960.00', '2022-01-01'),
(439, 402, 4030, '66960.00', '2022-01-01'),
(440, 403, 4040, '66960.00', '2022-01-01'),
(441, 404, 4050, '49680.00', '2022-01-01'),
(442, 405, 4060, '49680.00', '2022-01-01'),
(443, 406, 4070, '49680.00', '2022-01-01'),
(444, 407, 4080, '49680.00', '2022-01-01'),
(445, 408, 4090, '49680.00', '2022-01-01'),
(446, 409, 4100, '49680.00', '2022-01-01'),
(447, 410, 4110, '49680.00', '2022-01-01'),
(448, 411, 4120, '49680.00', '2022-01-01'),
(449, 412, 4130, '49680.00', '2022-01-01'),
(450, 413, 4140, '49680.00', '2022-01-01'),
(451, 414, 4150, '32400.00', '2022-01-01'),
(452, 415, 4160, '32400.00', '2022-01-01'),
(453, 416, 4170, '32400.00', '2022-01-01'),
(454, 417, 4180, '32400.00', '2022-01-01'),
(455, 418, 4190, '32400.00', '2022-01-01'),
(456, 419, 4200, '54000.00', '2022-01-01'),
(457, 420, 4210, '54000.00', '2022-01-01'),
(458, 421, 4220, '54000.00', '2022-01-01'),
(459, 422, 4230, '56880.00', '2022-01-01'),
(460, 423, 4240, '56880.00', '2022-01-01'),
(461, 424, 4250, '56880.00', '2022-01-01'),
(462, 425, 4260, '56880.00', '2022-01-01'),
(463, 426, 4270, '36000.00', '2022-01-01'),
(464, 427, 4280, '36000.00', '2022-01-01'),
(465, 428, 4290, '64080.00', '2022-01-01'),
(466, 429, 4300, '64080.00', '2022-01-01'),
(467, 430, 4310, '64080.00', '2022-01-01'),
(468, 431, 4320, '85680.00', '2022-01-01'),
(469, 432, 4330, '85680.00', '2022-01-01'),
(470, 433, 4340, '85680.00', '2022-01-01'),
(471, 434, 4350, '49680.00', '2022-01-01'),
(472, 435, 4360, '49680.00', '2022-01-01'),
(473, 436, 4370, '166400.00', '2022-01-01'),
(474, 437, 4380, '166400.00', '2022-01-01'),
(475, 438, 4390, '166400.00', '2022-01-01'),
(476, 439, 4400, '166400.00', '2022-01-01'),
(477, 440, 4410, '166400.00', '2022-01-01'),
(478, 441, 4420, '112000.00', '2022-01-01'),
(479, 442, 4430, '112000.00', '2022-01-01'),
(480, 443, 4440, '112000.00', '2022-01-01'),
(481, 444, 4450, '112000.00', '2022-01-01'),
(482, 445, 4460, '112000.00', '2022-01-01'),
(483, 446, 4470, '146420.00', '2022-01-01'),
(484, 447, 4480, '146420.00', '2022-01-01'),
(485, 448, 4490, '146420.00', '2022-01-01'),
(486, 449, 4500, '146420.00', '2022-01-01'),
(487, 450, 4510, '146420.00', '2022-01-01'),
(488, 451, 4520, '147200.00', '2022-01-01'),
(489, 452, 4530, '129600.00', '2022-01-01'),
(490, 453, 4540, '129600.00', '2022-01-01'),
(491, 454, 4550, '129600.00', '2022-01-01'),
(492, 455, 4560, '129600.00', '2022-01-01'),
(493, 456, 4570, '76800.00', '2022-01-01'),
(494, 457, 4580, '92020.00', '2022-01-01'),
(495, 458, 4590, '92020.00', '2022-01-01'),
(496, 459, 4600, '92020.00', '2022-01-01'),
(497, 460, 4610, '92020.00', '2022-01-01'),
(498, 461, 4620, '92020.00', '2022-01-01'),
(499, 462, 4630, '92020.00', '2022-01-01'),
(500, 463, 4640, '92020.00', '2022-01-01'),
(501, 464, 4650, '92020.00', '2022-01-01'),
(502, 465, 4660, '122400.00', '2022-01-01'),
(503, 466, 4670, '122400.00', '2022-01-01'),
(504, 467, 4680, '122400.00', '2022-01-01'),
(505, 468, 4690, '122400.00', '2022-01-01'),
(506, 469, 4700, '80800.00', '2022-01-01'),
(507, 470, 4710, '80800.00', '2022-01-01'),
(508, 471, 4720, '80800.00', '2022-01-01'),
(509, 472, 4730, '80800.00', '2022-01-01'),
(510, 473, 4740, '102400.00', '2022-01-01'),
(511, 474, 4750, '102400.00', '2022-01-01'),
(512, 475, 4760, '102400.00', '2022-01-01'),
(513, 476, 4770, '102400.00', '2022-01-01'),
(514, 477, 4780, '94400.00', '2022-01-01'),
(515, 478, 4790, '94400.00', '2022-01-01'),
(516, 479, 4800, '94400.00', '2022-01-01'),
(517, 480, 4810, '94400.00', '2022-01-01'),
(518, 481, 4820, '110400.00', '2022-01-01'),
(519, 482, 4830, '110400.00', '2022-01-01'),
(520, 483, 4840, '110400.00', '2022-01-01'),
(521, 484, 4850, '110400.00', '2022-01-01'),
(522, 485, 4860, '89600.00', '2022-01-01'),
(523, 486, 4870, '64800.00', '2022-01-01'),
(524, 487, 4880, '64800.00', '2022-01-01'),
(525, 488, 4890, '110400.00', '2022-01-01'),
(526, 489, 4900, '97600.00', '2022-01-01'),
(527, 490, 4910, '97600.00', '2022-01-01'),
(528, 491, 4920, '97600.00', '2022-01-01'),
(529, 492, 4930, '97600.00', '2022-01-01'),
(530, 540, 4940, '97600.00', '2022-01-01'),
(531, 493, 4950, '20081.00', '2022-01-01'),
(532, 494, 4960, '20081.00', '2022-01-01'),
(533, 495, 4970, '20081.00', '2022-01-01'),
(534, 496, 4980, '20081.00', '2022-01-01'),
(535, 497, 4990, '20081.00', '2022-01-01'),
(536, 498, 5000, '20081.00', '2022-01-01'),
(537, 499, 5010, '20081.00', '2022-01-01'),
(538, 500, 5020, '20081.00', '2022-01-01'),
(539, 501, 5030, '20081.00', '2022-01-01'),
(540, 502, 5040, '20081.00', '2022-01-01'),
(541, 503, 5050, '151200.00', '2022-01-01'),
(542, 504, 5060, '94400.00', '2022-01-01'),
(543, 505, 5070, '90400.00', '2022-01-01'),
(544, 506, 5080, '90400.00', '2022-01-01'),
(545, 507, 5090, '90400.00', '2022-01-01'),
(546, 508, 5100, '81600.00', '2022-01-01'),
(547, 509, 5110, '81600.00', '2022-01-01'),
(548, 510, 5120, '81600.00', '2022-01-01'),
(549, 511, 5130, '81600.00', '2022-01-01'),
(550, 512, 5140, '81600.00', '2022-01-01'),
(551, 513, 5150, '81600.00', '2022-01-01'),
(552, 514, 5160, '81600.00', '2022-01-01'),
(553, 515, 5170, '81600.00', '2022-01-01'),
(554, 516, 5180, '81600.00', '2022-01-01'),
(555, 517, 5190, '81600.00', '2022-01-01'),
(556, 518, 5200, '81600.00', '2022-01-01'),
(557, 519, 5210, '81600.00', '2022-01-01'),
(558, 520, 5220, '81600.00', '2022-01-01'),
(559, 521, 5230, '81600.00', '2022-01-01'),
(560, 522, 5240, '81600.00', '2022-01-01'),
(561, 523, 5250, '81600.00', '2022-01-01'),
(562, 524, 5260, '81600.00', '2022-01-01'),
(563, 525, 5270, '81600.00', '2022-01-01'),
(564, 526, 5280, '81600.00', '2022-01-01'),
(565, 527, 5290, '81600.00', '2022-01-01'),
(566, 528, 5300, '77600.00', '2022-01-01'),
(567, 529, 5310, '77600.00', '2022-01-01'),
(568, 530, 5320, '77600.00', '2022-01-01'),
(569, 531, 5330, '77600.00', '2022-01-01'),
(570, 532, 5340, '77600.00', '2022-01-01'),
(571, 533, 5350, '48000.00', '2022-01-01'),
(572, 534, 5360, '48000.00', '2022-01-01'),
(573, 535, 5370, '28785.00', '2022-01-01'),
(574, 536, 5380, '28785.00', '2022-01-01'),
(575, 537, 5390, '28785.00', '2022-01-01'),
(576, 538, 5400, '28785.00', '2022-01-01'),
(577, 539, 5410, '65600.00', '2022-01-01'),
(578, 541, 5420, '94400.00', '2022-01-01'),
(579, 542, 5430, '48000.00', '2022-01-01'),
(580, 543, 5440, '72800.00', '2022-01-01'),
(581, 544, 5450, '122400.00', '2022-01-01'),
(582, 545, 5460, '89600.00', '2022-01-01'),
(583, 546, 5470, '89600.00', '2022-01-01'),
(584, 547, 5480, '89600.00', '2022-01-01'),
(585, 548, 5490, '64800.00', '2022-01-01'),
(586, 549, 5500, '77600.00', '2022-01-01'),
(587, 550, 5510, '77600.00', '2022-01-01'),
(588, 551, 5520, '77600.00', '2022-01-01'),
(589, 552, 5530, '77600.00', '2022-01-01'),
(590, 553, 5540, '77600.00', '2022-01-01'),
(591, 554, 5550, '77600.00', '2022-01-01'),
(592, 555, 5560, '18400.00', '2022-01-01'),
(593, 556, 5570, '18400.00', '2022-01-01'),
(594, 557, 5580, '12400.00', '2022-01-01'),
(595, 558, 5590, '21200.00', '2022-01-01'),
(596, 559, 5600, '11200.00', '2022-01-01'),
(597, 560, 5610, '21200.00', '2022-01-01'),
(598, 561, 5620, '17200.00', '2022-01-01'),
(599, 562, 5630, '26000.00', '2022-01-01'),
(600, 563, 5640, '26000.00', '2022-01-01'),
(601, 564, 5650, '98000.00', '2022-01-01'),
(602, 565, 5660, '98000.00', '2022-01-01'),
(603, 570, 5670, '98000.00', '2022-01-01'),
(604, 571, 5680, '98000.00', '2022-01-01'),
(605, 572, 5690, '98000.00', '2022-01-01'),
(606, 573, 5700, '98000.00', '2022-01-01'),
(607, 566, 5710, '40800.00', '2022-01-01'),
(608, 567, 5720, '40800.00', '2022-01-01'),
(609, 568, 5730, '40800.00', '2022-01-01'),
(610, 569, 5740, '40800.00', '2022-01-01'),
(611, 574, 5750, '42400.00', '2022-01-01'),
(612, 575, 5760, '42400.00', '2022-01-01'),
(613, 576, 5770, '42400.00', '2022-01-01'),
(614, 577, 5780, '42400.00', '2022-01-01'),
(615, 578, 5790, '26800.00', '2022-01-01'),
(616, 579, 5800, '26800.00', '2022-01-01'),
(617, 580, 5810, '26800.00', '2022-01-01'),
(618, 581, 5820, '26800.00', '2022-01-01'),
(619, 582, 5830, '18800.00', '2022-01-01'),
(620, 583, 5840, '26400.00', '2022-01-01'),
(621, 584, 5850, '14400.00', '2022-01-01'),
(622, 585, 5860, '18400.00', '2022-01-01'),
(623, 586, 5870, '22400.00', '2022-01-01'),
(624, 589, 5900, '20400.00', '2022-01-01'),
(625, 590, 5910, '24000.00', '2022-01-01'),
(626, 591, 5920, '30400.00', '2022-01-01'),
(627, 592, 5930, '22000.00', '2022-01-01'),
(628, 593, 5940, '25200.00', '2022-01-01'),
(629, 594, 5950, '25200.00', '2022-01-01'),
(630, 595, 5960, '22400.00', '2022-01-01'),
(631, 596, 5970, '21200.00', '2022-01-01'),
(632, 597, 5980, '18000.00', '2022-01-01'),
(633, 598, 5990, '30791.00', '2022-01-01'),
(634, 599, 6000, '30791.00', '2022-01-01'),
(635, 600, 6010, '30791.00', '2022-01-01'),
(636, 601, 6020, '30791.00', '2022-01-01'),
(637, 602, 6030, '30791.00', '2022-01-01'),
(638, 603, 6040, '30791.00', '2022-01-01'),
(639, 604, 6050, '30791.00', '2022-01-01'),
(640, 605, 6060, '30791.00', '2022-01-01'),
(641, 606, 6070, '30791.00', '2022-01-01'),
(642, 607, 6080, '30791.00', '2022-01-01'),
(643, 608, 6090, '30791.00', '2022-01-01'),
(644, 609, 6100, '30791.00', '2022-01-01'),
(645, 610, 6110, '30791.00', '2022-01-01'),
(646, 611, 6120, '30791.00', '2022-01-01'),
(647, 612, 6130, '30791.00', '2022-01-01'),
(648, 613, 6140, '36000.00', '2022-01-01'),
(649, 614, 6150, '36000.00', '2022-01-01'),
(650, 615, 6160, '36000.00', '2022-01-01'),
(651, 616, 6170, '36000.00', '2022-01-01'),
(652, 617, 6180, '36000.00', '2022-01-01'),
(653, 618, 6190, '36000.00', '2022-01-01'),
(654, 619, 6200, '34400.00', '2022-01-01'),
(655, 620, 6210, '34400.00', '2022-01-01'),
(656, 621, 6220, '34400.00', '2022-01-01'),
(657, 622, 6230, '34400.00', '2022-01-01'),
(658, 623, 6240, '34400.00', '2022-01-01'),
(659, 624, 6250, '24400.00', '2022-01-01'),
(660, 625, 6260, '24400.00', '2022-01-01'),
(661, 626, 6270, '24400.00', '2022-01-01'),
(662, 627, 6280, '36800.00', '2022-01-01'),
(663, 628, 6290, '36800.00', '2022-01-01'),
(664, 629, 6300, '36800.00', '2022-01-01'),
(665, 630, 6310, '36800.00', '2022-01-01'),
(666, 631, 6320, '36800.00', '2022-01-01'),
(667, 632, 6330, '19188.00', '2022-01-01'),
(668, 633, 6340, '19188.00', '2022-01-01'),
(669, 634, 6350, '19188.00', '2022-01-01'),
(670, 635, 6360, '19188.00', '2022-01-01'),
(671, 636, 6370, '19188.00', '2022-01-01'),
(672, 637, 6380, '19188.00', '2022-01-01'),
(673, 638, 6390, '19188.00', '2022-01-01'),
(674, 639, 6400, '19188.00', '2022-01-01'),
(675, 640, 6410, '19188.00', '2022-01-01'),
(676, 641, 6420, '20081.00', '2022-01-01'),
(677, 642, 6430, '20081.00', '2022-01-01'),
(678, 643, 6440, '20081.00', '2022-01-01'),
(679, 644, 6450, '20081.00', '2022-01-01'),
(680, 645, 6460, '20081.00', '2022-01-01'),
(681, 646, 6470, '20081.00', '2022-01-01'),
(682, 647, 6480, '48800.00', '2022-01-01'),
(683, 648, 6490, '38800.00', '2022-01-01'),
(684, 649, 6500, '30400.00', '2022-01-01'),
(685, 650, 6510, '42400.00', '2022-01-01'),
(686, 651, 6520, '29200.00', '2022-01-01'),
(687, 652, 6530, '29200.00', '2022-01-01'),
(688, 653, 6540, '13600.00', '2022-01-01'),
(689, 654, 6550, '19200.00', '2022-01-01'),
(690, 655, 6560, '38000.00', '2022-01-01'),
(691, 656, 6570, '16400.00', '2022-01-01'),
(692, 657, 6580, '32400.00', '2022-01-01'),
(693, 658, 6590, '38400.00', '2022-01-01'),
(694, 659, 6600, '36000.00', '2022-01-01'),
(695, 660, 6610, '22000.00', '2022-01-01'),
(696, 661, 6620, '12800.00', '2022-01-01'),
(697, 662, 6630, '43200.00', '2022-01-01'),
(698, 663, 6640, '63325.00', '2022-01-01'),
(699, 664, 6650, '35959.00', '2022-01-01'),
(700, 665, 6660, '12240.00', '2022-01-01'),
(701, 666, 6670, '12240.00', '2022-01-01'),
(702, 667, 6680, '11900.00', '2022-01-01'),
(703, 668, 6690, '11900.00', '2022-01-01'),
(704, 669, 6700, '20825.00', '2022-01-01'),
(705, 670, 6710, '20825.00', '2022-01-01'),
(706, 671, 6720, '20825.00', '2022-01-01'),
(707, 672, 6730, '20825.00', '2022-01-01'),
(708, 673, 6740, '8245.00', '2022-01-01'),
(709, 674, 6750, '45175.00', '2022-01-01'),
(710, 675, 6760, '30515.00', '2022-01-01'),
(711, 676, 6770, '15810.00', '2022-01-01'),
(712, 677, 6780, '15810.00', '2022-01-01'),
(713, 678, 6790, '15810.00', '2022-01-01'),
(714, 679, 6800, '15810.00', '2022-01-01'),
(715, 680, 6810, '15810.00', '2022-01-01'),
(716, 681, 6820, '15810.00', '2022-01-01'),
(717, 682, 6830, '15810.00', '2022-01-01'),
(718, 683, 6840, '15810.00', '2022-01-01'),
(719, 684, 6850, '15810.00', '2022-01-01'),
(720, 685, 6860, '15810.00', '2022-01-01'),
(721, 686, 6870, '15810.00', '2022-01-01'),
(722, 687, 6880, '15810.00', '2022-01-01'),
(723, 688, 6890, '15810.00', '2022-01-01'),
(724, 689, 6900, '15810.00', '2022-01-01'),
(725, 690, 6910, '15810.00', '2022-01-01'),
(726, 691, 6920, '5533.00', '2022-01-01'),
(727, 692, 6930, '5477.00', '2022-01-01'),
(728, 693, 6940, '5477.00', '2022-01-01'),
(729, 694, 6950, '5477.00', '2022-01-01'),
(730, 695, 6960, '5477.00', '2022-01-01'),
(731, 696, 6970, '5477.00', '2022-01-01'),
(732, 697, 6980, '14229.00', '2022-01-01'),
(733, 698, 6990, '14229.00', '2022-01-01'),
(734, 699, 7000, '14229.00', '2022-01-01'),
(735, 700, 7010, '14229.00', '2022-01-01'),
(736, 701, 7020, '3557.00', '2022-01-01'),
(737, 702, 7030, '28400.00', '2022-01-01'),
(738, 703, 7040, '28400.00', '2022-01-01'),
(739, 704, 7050, '52800.00', '2022-01-01'),
(740, 705, 7060, '52800.00', '2022-01-01'),
(741, 706, 7070, '52800.00', '2022-01-01'),
(742, 707, 7080, '52800.00', '2022-01-01'),
(743, 708, 7090, '18800.00', '2022-01-01'),
(744, 709, 7100, '18400.00', '2022-01-01'),
(745, 710, 7110, '18400.00', '2022-01-01'),
(746, 711, 7120, '18400.00', '2022-01-01'),
(747, 712, 7130, '37440.00', '2022-01-01'),
(748, 713, 7140, '44460.00', '2022-01-01'),
(749, 714, 7150, '31200.00', '2022-01-01'),
(750, 715, 7160, '31200.00', '2022-01-01'),
(751, 716, 7170, '26520.00', '2022-01-01'),
(752, 717, 7180, '31200.00', '2022-01-01'),
(753, 718, 7190, '31200.00', '2022-01-01'),
(754, 719, 7200, '37440.00', '2022-01-01'),
(755, 720, 7210, '31200.00', '2022-01-01'),
(756, 721, 7220, '35100.00', '2022-01-01'),
(757, 722, 7230, '31200.00', '2022-01-01'),
(758, 723, 7240, '31200.00', '2022-01-01'),
(759, 724, 7250, '37440.00', '2022-01-01'),
(760, 725, 7260, '38220.00', '2022-01-01'),
(761, 726, 7270, '39000.00', '2022-01-01'),
(762, 727, 7280, '39000.00', '2022-01-01'),
(763, 728, 7290, '62400.00', '2022-01-01'),
(764, 729, 7257, '94400.00', '2022-01-01'),
(765, 730, 7310, '39000.00', '2022-01-01'),
(766, 731, 7320, '39000.00', '2022-01-01'),
(767, 732, 7330, '47580.00', '2022-01-01'),
(768, 733, 7340, '64080.00', '2022-01-01'),
(769, 734, 7350, '64080.00', '2022-01-01'),
(770, 735, 7360, '64080.00', '2022-01-01'),
(771, 736, 7370, '64080.00', '2022-01-01'),
(772, 737, 7380, '53040.00', '2022-01-01'),
(773, 896, 7390, '53040.00', '2022-01-01'),
(774, 897, 7400, '53040.00', '2022-01-01'),
(775, 898, 7410, '53040.00', '2022-01-01'),
(776, 899, 7420, '53040.00', '2022-01-01'),
(777, 900, 7430, '53040.00', '2022-01-01'),
(778, 901, 7440, '53040.00', '2022-01-01'),
(779, 902, 7450, '53040.00', '2022-01-01'),
(780, 738, 7460, '38220.00', '2022-01-01'),
(781, 739, 7470, '35880.00', '2022-01-01'),
(782, 740, 7480, '35880.00', '2022-01-01'),
(783, 741, 7490, '35880.00', '2022-01-01'),
(784, 742, 7500, '35880.00', '2022-01-01'),
(785, 743, 7510, '35880.00', '2022-01-01'),
(786, 744, 7520, '67800.00', '2022-01-01'),
(787, 745, 7530, '19188.00', '2022-01-01'),
(788, 746, 7540, '19188.00', '2022-01-01'),
(789, 747, 7550, '19188.00', '2022-01-01'),
(790, 748, 7560, '19188.00', '2022-01-01'),
(791, 749, 7570, '19188.00', '2022-01-01'),
(792, 750, 7580, '19188.00', '2022-01-01'),
(793, 751, 7590, '19188.00', '2022-01-01'),
(794, 752, 7600, '19188.00', '2022-01-01'),
(795, 753, 7610, '20081.00', '2022-01-01'),
(796, 754, 7620, '20081.00', '2022-01-01'),
(797, 755, 7630, '20081.00', '2022-01-01'),
(798, 756, 7640, '20081.00', '2022-01-01'),
(799, 757, 7650, '20081.00', '2022-01-01'),
(800, 758, 7660, '20081.00', '2022-01-01'),
(801, 759, 7670, '20081.00', '2022-01-01'),
(802, 760, 7680, '20081.00', '2022-01-01'),
(803, 761, 30, '41800.00', '2022-01-01'),
(804, 762, 7700, '41800.00', '2022-01-01'),
(805, 763, 7710, '41800.00', '2022-01-01'),
(806, 764, 7720, '41800.00', '2022-01-01'),
(807, 765, 7730, '41800.00', '2022-01-01'),
(808, 766, 7740, '41800.00', '2022-01-01'),
(809, 767, 7750, '41800.00', '2022-01-01'),
(810, 768, 7760, '41800.00', '2022-01-01'),
(811, 769, 7770, '41800.00', '2022-01-01'),
(812, 770, 7780, '41800.00', '2022-01-01'),
(813, 771, 7790, '41800.00', '2022-01-01'),
(814, 772, 7800, '41800.00', '2022-01-01'),
(815, 773, 7810, '41800.00', '2022-01-01'),
(816, 774, 7820, '41800.00', '2022-01-01'),
(817, 775, 7830, '41800.00', '2022-01-01'),
(818, 776, 7840, '41800.00', '2022-01-01'),
(819, 777, 7850, '41800.00', '2022-01-01'),
(820, 778, 7860, '41800.00', '2022-01-01'),
(821, 779, 7870, '41800.00', '2022-01-01'),
(822, 780, 7880, '41800.00', '2022-01-01'),
(823, 781, 7890, '41800.00', '2022-01-01'),
(824, 782, 7900, '41800.00', '2022-01-01'),
(825, 783, 7910, '41800.00', '2022-01-01'),
(826, 784, 7920, '41800.00', '2022-01-01'),
(827, 785, 7930, '41800.00', '2022-01-01'),
(828, 786, 7940, '41800.00', '2022-01-01'),
(829, 787, 7950, '41800.00', '2022-01-01'),
(830, 788, 7960, '41800.00', '2022-01-01'),
(831, 789, 7970, '41800.00', '2022-01-01'),
(832, 790, 7980, '41800.00', '2022-01-01'),
(833, 791, 7990, '41800.00', '2022-01-01'),
(834, 792, 8000, '41800.00', '2022-01-01'),
(835, 793, 8010, '41800.00', '2022-01-01'),
(836, 794, 8020, '41800.00', '2022-01-01'),
(837, 795, 8030, '41800.00', '2022-01-01'),
(838, 796, 8040, '41800.00', '2022-01-01'),
(839, 797, 8050, '41800.00', '2022-01-01'),
(840, 798, 8060, '41800.00', '2022-01-01'),
(841, 799, 8070, '41800.00', '2022-01-01'),
(842, 800, 8080, '41800.00', '2022-01-01'),
(843, 801, 8090, '41800.00', '2022-01-01'),
(844, 802, 8100, '41800.00', '2022-01-01'),
(845, 803, 8110, '41800.00', '2022-01-01'),
(846, 804, 8120, '41800.00', '2022-01-01'),
(847, 805, 8130, '41800.00', '2022-01-01'),
(848, 806, 8140, '41800.00', '2022-01-01'),
(849, 807, 8150, '41800.00', '2022-01-01'),
(850, 808, 8160, '41800.00', '2022-01-01'),
(851, 809, 8170, '41800.00', '2022-01-01'),
(852, 810, 8180, '41800.00', '2022-01-01'),
(853, 811, 8190, '41800.00', '2022-01-01'),
(854, 812, 8200, '41800.00', '2022-01-01'),
(855, 813, 8210, '41800.00', '2022-01-01'),
(856, 814, 8220, '41800.00', '2022-01-01'),
(857, 815, 8230, '41800.00', '2022-01-01'),
(858, 816, 8240, '41800.00', '2022-01-01'),
(859, 817, 8250, '41800.00', '2022-01-01'),
(860, 818, 8260, '41800.00', '2022-01-01'),
(861, 819, 8270, '41800.00', '2022-01-01'),
(862, 820, 8280, '41800.00', '2022-01-01'),
(863, 821, 8290, '41800.00', '2022-01-01'),
(864, 822, 8300, '58500.00', '2022-01-01'),
(865, 823, 8310, '58500.00', '2022-01-01'),
(866, 824, 8320, '58500.00', '2022-01-01'),
(867, 825, 8330, '58500.00', '2022-01-01'),
(868, 826, 8340, '58500.00', '2022-01-01'),
(869, 827, 8350, '58500.00', '2022-01-01'),
(870, 828, 8360, '58500.00', '2022-01-01'),
(871, 829, 8370, '59780.00', '2022-01-01'),
(872, 830, 8380, '59780.00', '2022-01-01'),
(873, 831, 8390, '59780.00', '2022-01-01'),
(874, 832, 8400, '59780.00', '2022-01-01'),
(875, 833, 8410, '59780.00', '2022-01-01'),
(876, 834, 8420, '59780.00', '2022-01-01'),
(877, 835, 8430, '59780.00', '2022-01-01'),
(878, 836, 8440, '81900.00', '2022-01-01'),
(879, 837, 8450, '81900.00', '2022-01-01'),
(880, 838, 8460, '81900.00', '2022-01-01'),
(881, 839, 8470, '81900.00', '2022-01-01'),
(882, 840, 8480, '81900.00', '2022-01-01'),
(883, 841, 8490, '81900.00', '2022-01-01'),
(884, 842, 8500, '54600.00', '2022-01-01'),
(885, 843, 8510, '54600.00', '2022-01-01'),
(886, 844, 8520, '54600.00', '2022-01-01'),
(887, 845, 8530, '54600.00', '2022-01-01'),
(888, 846, 8540, '54600.00', '2022-01-01'),
(889, 847, 8550, '54600.00', '2022-01-01'),
(890, 848, 8560, '80340.00', '2022-01-01'),
(891, 849, 8570, '80340.00', '2022-01-01'),
(892, 850, 8580, '80340.00', '2022-01-01'),
(893, 851, 8590, '80340.00', '2022-01-01'),
(894, 852, 8600, '44460.00', '2022-01-01'),
(895, 853, 8610, '44460.00', '2022-01-01'),
(896, 854, 8620, '44460.00', '2022-01-01'),
(897, 855, 8630, '44460.00', '2022-01-01'),
(898, 856, 8640, '31980.00', '2022-01-01'),
(899, 857, 8650, '31980.00', '2022-01-01'),
(900, 858, 8660, '31980.00', '2022-01-01'),
(901, 859, 8670, '31980.00', '2022-01-01'),
(902, 860, 8680, '44460.00', '2022-01-01'),
(903, 861, 8690, '44460.00', '2022-01-01'),
(904, 862, 8700, '44460.00', '2022-01-01'),
(905, 866, 8770, '53040.00', '2022-01-01'),
(906, 867, 8780, '53040.00', '2022-01-01'),
(907, 868, 8790, '53040.00', '2022-01-01'),
(908, 869, 8800, '49140.00', '2022-01-01'),
(909, 870, 8810, '49140.00', '2022-01-01'),
(910, 871, 8820, '49140.00', '2022-01-01'),
(911, 872, 8830, '49140.00', '2022-01-01'),
(912, 873, 8840, '49140.00', '2022-01-01'),
(913, 877, 8850, '52260.00', '2022-01-01'),
(914, 878, 8860, '71760.00', '2022-01-01'),
(915, 879, 8870, '56160.00', '2022-01-01'),
(916, 880, 8880, '31980.00', '2022-01-01'),
(917, 881, 8890, '31980.00', '2022-01-01'),
(918, 882, 8900, '31980.00', '2022-01-01'),
(919, 883, 8910, '46020.00', '2022-01-01'),
(920, 884, 8920, '46800.00', '2022-01-01'),
(921, 885, 8930, '47580.00', '2022-01-01'),
(922, 886, 8940, '51480.00', '2022-01-01'),
(923, 887, 8950, '78000.00', '2022-01-01'),
(924, 888, 8960, '58500.00', '2022-01-01'),
(925, 889, 8970, '91260.00', '2022-01-01'),
(926, 890, 8980, '58500.00', '2022-01-01'),
(927, 891, 8990, '36660.00', '2022-01-01'),
(928, 892, 9000, '34320.00', '2022-01-01'),
(929, 893, 9010, '38220.00', '2022-01-01'),
(930, 894, 9020, '36660.00', '2022-01-01'),
(931, 895, 9030, '39000.00', '2022-01-01'),
(932, 903, 9040, '54600.00', '2022-01-01'),
(933, 904, 9050, '54600.00', '2022-01-01'),
(934, 905, 9060, '54600.00', '2022-01-01'),
(935, 906, 9070, '54600.00', '2022-01-01'),
(936, 907, 9080, '54600.00', '2022-01-01'),
(937, 908, 9090, '54600.00', '2022-01-01'),
(938, 909, 9100, '54600.00', '2022-01-01'),
(939, 910, 9110, '54600.00', '2022-01-01'),
(940, 911, 9120, '54600.00', '2022-01-01'),
(941, 912, 9130, '54600.00', '2022-01-01'),
(942, 913, 9140, '54600.00', '2022-01-01'),
(943, 914, 9150, '74100.00', '2022-01-01'),
(944, 915, 9160, '74100.00', '2022-01-01'),
(945, 916, 9170, '74100.00', '2022-01-01'),
(946, 917, 9180, '74100.00', '2022-01-01'),
(947, 918, 9190, '74100.00', '2022-01-01'),
(948, 919, 9200, '74100.00', '2022-01-01'),
(949, 920, 9210, '74100.00', '2022-01-01'),
(950, 921, 9220, '74100.00', '2022-01-01'),
(951, 922, 9230, '74100.00', '2022-01-01'),
(952, 923, 9240, '74100.00', '2022-01-01'),
(953, 924, 9250, '74100.00', '2022-01-01'),
(954, 925, 9260, '74100.00', '2022-01-01'),
(955, 926, 9270, '74100.00', '2022-01-01'),
(956, 927, 9280, '30420.00', '2022-01-01'),
(957, 928, 9290, '30420.00', '2022-01-01'),
(958, 929, 9300, '30420.00', '2022-01-01'),
(959, 930, 9310, '11700.00', '2022-01-01'),
(960, 931, 9320, '4328.00', '2022-01-01'),
(961, 932, 9330, '19500.00', '2022-01-01'),
(962, 933, 9340, '28080.00', '2022-01-01'),
(963, 934, 9250, '47500.00', '2022-01-01'),
(964, 935, 9360, '91896.00', '2022-01-01'),
(965, 936, 9370, '91896.00', '2022-01-01'),
(966, 937, 9380, '91896.00', '2022-01-01'),
(967, 938, 9390, '91896.00', '2022-01-01'),
(968, 954, 9400, '91896.00', '2022-01-01'),
(969, 955, 9410, '91896.00', '2022-01-01'),
(970, 939, 9420, '104019.00', '2022-01-01'),
(971, 940, 9430, '104019.00', '2022-01-01'),
(972, 941, 9440, '104019.00', '2022-01-01'),
(973, 942, 9450, '104019.00', '2022-01-01'),
(974, 943, 9460, '91114.00', '2022-01-01'),
(975, 944, 9470, '91114.00', '2022-01-01'),
(976, 945, 9480, '91114.00', '2022-01-01'),
(977, 946, 9490, '91114.00', '2022-01-01'),
(978, 947, 9500, '64132.00', '2022-01-01'),
(979, 948, 9510, '64132.00', '2022-01-01'),
(980, 949, 9520, '64132.00', '2022-01-01'),
(981, 950, 9530, '64132.00', '2022-01-01'),
(982, 951, 9540, '79774.00', '2022-01-01'),
(983, 952, 9550, '79774.00', '2022-01-01'),
(984, 953, 9560, '113800.00', '2022-01-01'),
(985, 956, 9570, '57093.00', '2022-01-01'),
(986, 957, 9580, '57093.00', '2022-01-01'),
(987, 958, 9590, '66478.00', '2022-01-01'),
(988, 959, 9600, '68042.00', '2022-01-01'),
(989, 960, 9610, '68042.00', '2022-01-01'),
(990, 961, 9620, '61003.00', '2022-01-01'),
(991, 962, 9630, '61003.00', '2022-01-01'),
(992, 963, 9640, '68042.00', '2022-01-01'),
(993, 964, 9650, '68042.00', '2022-01-01'),
(994, 965, 9660, '68042.00', '2022-01-01'),
(995, 966, 9670, '67651.00', '2022-01-01'),
(996, 967, 9680, '67651.00', '2022-01-01'),
(997, 968, 9690, '67651.00', '2022-01-01'),
(998, 969, 9700, '67651.00', '2022-01-01'),
(999, 970, 9710, '67651.00', '2022-01-01'),
(1000, 971, 9720, '67651.00', '2022-01-01'),
(1001, 972, 9730, '67651.00', '2022-01-01'),
(1002, 973, 9740, '67651.00', '2022-01-01'),
(1003, 974, 9750, '67651.00', '2022-01-01'),
(1004, 975, 9760, '57093.00', '2022-01-01'),
(1005, 976, 9770, '57093.00', '2022-01-01'),
(1006, 977, 9780, '57093.00', '2022-01-01'),
(1007, 978, 9790, '57093.00', '2022-01-01'),
(1008, 979, 9800, '57093.00', '2022-01-01'),
(1009, 980, 9810, '37500.00', '2022-01-01'),
(1010, 981, 9820, '50445.00', '2022-01-01'),
(1011, 982, 9830, '57875.00', '2022-01-01'),
(1012, 983, 9840, '31284.00', '2022-01-01'),
(1013, 984, 9850, '37540.00', '2022-01-01'),
(1014, 985, 9860, '32066.00', '2022-01-01'),
(1015, 986, 9870, '32066.00', '2022-01-01'),
(1016, 987, 9880, '32066.00', '2022-01-01'),
(1017, 988, 9890, '59830.00', '2022-01-01'),
(1018, 989, 9900, '20725.00', '2022-01-01'),
(1019, 990, 9910, '31284.00', '2022-01-01'),
(1020, 991, 9920, '28785.00', '2022-01-01'),
(1021, 992, 9930, '28785.00', '2022-01-01'),
(1022, 993, 9940, '90400.00', '2022-01-01'),
(1023, 994, 9950, '39887.00', '2022-01-01'),
(1024, 995, 9960, '20334.00', '2022-01-01'),
(1025, 996, 9970, '20334.00', '2022-01-01'),
(1026, 997, 9980, '19161.00', '2022-01-01'),
(1027, 998, 9990, '19161.00', '2022-01-01'),
(1028, 999, 10000, '54355.00', '2022-01-01'),
(1029, 1000, 10010, '54355.00', '2022-01-01'),
(1030, 1001, 10020, '54355.00', '2022-01-01'),
(1031, 1002, 10030, '55138.00', '2022-01-01'),
(1032, 1003, 10040, '55138.00', '2022-01-01'),
(1033, 1004, 10050, '55138.00', '2022-01-01'),
(1034, 1005, 10060, '55138.00', '2022-01-01'),
(1035, 1006, 10070, '55138.00', '2022-01-01'),
(1036, 1007, 10080, '55138.00', '2022-01-01'),
(1037, 1008, 10090, '55138.00', '2022-01-01'),
(1038, 1009, 10100, '55138.00', '2022-01-01'),
(1039, 1010, 10110, '55138.00', '2022-01-01'),
(1040, 1011, 10120, '55138.00', '2022-01-01'),
(1041, 1012, 10130, '55138.00', '2022-01-01'),
(1042, 1013, 10140, '55138.00', '2022-01-01'),
(1043, 1014, 10150, '55138.00', '2022-01-01'),
(1044, 1015, 10160, '55138.00', '2022-01-01'),
(1045, 1016, 10170, '32848.00', '2022-01-01'),
(1046, 1017, 10180, '32848.00', '2022-01-01'),
(1047, 1018, 10190, '32848.00', '2022-01-01'),
(1048, 1019, 10200, '32848.00', '2022-01-01'),
(1049, 1020, 10210, '32848.00', '2022-01-01'),
(1050, 1021, 10220, '32848.00', '2022-01-01'),
(1051, 1022, 10230, '32848.00', '2022-01-01'),
(1052, 1023, 10240, '32848.00', '2022-01-01'),
(1053, 1024, 10250, '32848.00', '2022-01-01'),
(1054, 1025, 10260, '32848.00', '2022-01-01'),
(1055, 1026, 10270, '32848.00', '2022-01-01'),
(1056, 1027, 10280, '32848.00', '2022-01-01'),
(1057, 1028, 10290, '32848.00', '2022-01-01'),
(1058, 1029, 10300, '36758.00', '2022-01-01'),
(1059, 1030, 10310, '36758.00', '2022-01-01'),
(1060, 1031, 10320, '36758.00', '2022-01-01'),
(1061, 1032, 10330, '36758.00', '2022-01-01'),
(1062, 1033, 10340, '36758.00', '2022-01-01'),
(1063, 1034, 10350, '36758.00', '2022-01-01'),
(1064, 1035, 10360, '36758.00', '2022-01-01'),
(1065, 1036, 10370, '36758.00', '2022-01-01'),
(1066, 1037, 10380, '36758.00', '2022-01-01'),
(1067, 1038, 10390, '36758.00', '2022-01-01'),
(1068, 1039, 10400, '36758.00', '2022-01-01'),
(1069, 1040, 10410, '36758.00', '2022-01-01'),
(1070, 1041, 10420, '36758.00', '2022-01-01'),
(1071, 1042, 10430, '36758.00', '2022-01-01'),
(1072, 1043, 10440, '36758.00', '2022-01-01'),
(1073, 1044, 10450, '36758.00', '2022-01-01'),
(1074, 1045, 10460, '36758.00', '2022-01-01'),
(1075, 1046, 10470, '36758.00', '2022-01-01'),
(1076, 1047, 10480, '36758.00', '2022-01-01'),
(1077, 1048, 10490, '36758.00', '2022-01-01'),
(1078, 1049, 10500, '36758.00', '2022-01-01'),
(1079, 1050, 10510, '36758.00', '2022-01-01'),
(1080, 1051, 10520, '36758.00', '2022-01-01'),
(1081, 1052, 10530, '36758.00', '2022-01-01'),
(1082, 1053, 10540, '36758.00', '2022-01-01'),
(1083, 1054, 10550, '36758.00', '2022-01-01'),
(1084, 1055, 10560, '36758.00', '2022-01-01'),
(1085, 1056, 10570, '36758.00', '2022-01-01'),
(1086, 1057, 10580, '36758.00', '2022-01-01'),
(1087, 1058, 10590, '36758.00', '2022-01-01'),
(1088, 1059, 10600, '36758.00', '2022-01-01'),
(1089, 1060, 10610, '36758.00', '2022-01-01'),
(1090, 1061, 10620, '36758.00', '2022-01-01'),
(1091, 1062, 10630, '36758.00', '2022-01-01'),
(1092, 1063, 10640, '36758.00', '2022-01-01'),
(1093, 1064, 10650, '33630.00', '2022-01-01'),
(1094, 1065, 10660, '33630.00', '2022-01-01'),
(1095, 1066, 10670, '33630.00', '2022-01-01'),
(1096, 1067, 10680, '34412.00', '2022-01-01'),
(1097, 1068, 10690, '34412.00', '2022-01-01'),
(1098, 1069, 10700, '39105.00', '2022-01-01'),
(1099, 1070, 10710, '39105.00', '2022-01-01'),
(1100, 1071, 10720, '39105.00', '2022-01-01'),
(1101, 1072, 10730, '39105.00', '2022-01-01'),
(1102, 1073, 10740, '39105.00', '2022-01-01'),
(1103, 1074, 10750, '27764.00', '2022-01-01'),
(1104, 1075, 10760, '27764.00', '2022-01-01'),
(1105, 1076, 10770, '27764.00', '2022-01-01'),
(1106, 1077, 10780, '27764.00', '2022-01-01'),
(1107, 1078, 10790, '27764.00', '2022-01-01'),
(1108, 1079, 10800, '41842.00', '2022-01-01'),
(1109, 1080, 10810, '41842.00', '2022-01-01'),
(1110, 1081, 10820, '41842.00', '2022-01-01'),
(1111, 1082, 10830, '41842.00', '2022-01-01'),
(1112, 1083, 10840, '41842.00', '2022-01-01'),
(1113, 1084, 10850, '10558.00', '2022-01-01'),
(1114, 1085, 10860, '10558.00', '2022-01-01'),
(1115, 1086, 10870, '10558.00', '2022-01-01'),
(1116, 1087, 10880, '10558.00', '2022-01-01'),
(1117, 1137, 10890, '10558.00', '2022-01-01'),
(1118, 1088, 10900, '18770.00', '2022-01-01'),
(1119, 1089, 10910, '18770.00', '2022-01-01'),
(1120, 1090, 10920, '19943.00', '2022-01-01'),
(1121, 1091, 10930, '35194.00', '2022-01-01'),
(1122, 1092, 10940, '36758.00', '2022-01-01'),
(1123, 1093, 10950, '36758.00', '2022-01-01'),
(1124, 1094, 10960, '36758.00', '2022-01-01'),
(1125, 1095, 10970, '36758.00', '2022-01-01'),
(1126, 1096, 10980, '36758.00', '2022-01-01'),
(1127, 1097, 10990, '36758.00', '2022-01-01'),
(1128, 1098, 11000, '36758.00', '2022-01-01'),
(1129, 1099, 11010, '36758.00', '2022-01-01'),
(1130, 1100, 11020, '36758.00', '2022-01-01'),
(1131, 1101, 11030, '36758.00', '2022-01-01'),
(1132, 1102, 11040, '36758.00', '2022-01-01'),
(1133, 1103, 11050, '36758.00', '2022-01-01'),
(1134, 1104, 11060, '36758.00', '2022-01-01'),
(1135, 1105, 11070, '36758.00', '2022-01-01'),
(1136, 1106, 11080, '35976.00', '2022-01-01'),
(1137, 1107, 11090, '35976.00', '2022-01-01'),
(1138, 1108, 11100, '34412.00', '2022-01-01'),
(1139, 1109, 11110, '34412.00', '2022-01-01'),
(1140, 1110, 11120, '34412.00', '2022-01-01'),
(1141, 1111, 11130, '34412.00', '2022-01-01'),
(1142, 1112, 11140, '20725.00', '2022-01-01'),
(1143, 1113, 11150, '31284.00', '2022-01-01'),
(1144, 1114, 11160, '12513.00', '2022-01-01'),
(1145, 1115, 11170, '12513.00', '2022-01-01'),
(1146, 1116, 11180, '12513.00', '2022-01-01'),
(1147, 1117, 11190, '12513.00', '2022-01-01'),
(1148, 1118, 11200, '12513.00', '2022-01-01'),
(1149, 1119, 11210, '15642.00', '2022-01-01'),
(1150, 1120, 11220, '15642.00', '2022-01-01'),
(1151, 1121, 11230, '15642.00', '2022-01-01'),
(1152, 1122, 11240, '15642.00', '2022-01-01'),
(1153, 1123, 11250, '15642.00', '2022-01-01'),
(1154, 1124, 11260, '14859.00', '2022-01-01'),
(1155, 1125, 11270, '26200.00', '2022-01-01'),
(1156, 1126, 11280, '19161.00', '2022-01-01'),
(1157, 1127, 11290, '18379.00', '2022-01-01'),
(1158, 1128, 11300, '20081.00', '2022-01-01'),
(1159, 1129, 11310, '20081.00', '2022-01-01'),
(1160, 1130, 11320, '20081.00', '2022-01-01'),
(1161, 1131, 11330, '20081.00', '2022-01-01'),
(1162, 1132, 11340, '24636.00', '2022-01-01'),
(1163, 1133, 11350, '24636.00', '2022-01-01'),
(1164, 1134, 11360, '24636.00', '2022-01-01'),
(1165, 1135, 11370, '24636.00', '2022-01-01'),
(1166, 1136, 11380, '17597.00', '2022-01-01'),
(1167, 1138, 11390, '82120.00', '2022-01-01'),
(1168, 1139, 11400, '35976.00', '2022-01-01'),
(1169, 1140, 11410, '84466.00', '2022-01-01'),
(1170, 1141, 11420, '37540.00', '2022-01-01'),
(1171, 1142, 11430, '98935.00', '2022-01-01'),
(1172, 1143, 11440, '95807.00', '2022-01-01'),
(1173, 1144, 11450, '29893.00', '2022-01-01'),
(1174, 1145, 11460, '55920.00', '2022-01-01'),
(1175, 1146, 11470, '41451.00', '2022-01-01'),
(1176, 1147, 11480, '26200.00', '2022-01-01'),
(1177, 1148, 11490, '16033.00', '2022-01-01'),
(1178, 1149, 11500, '35976.00', '2022-01-01'),
(1179, 1150, 11510, '107538.00', '2022-01-01'),
(1180, 1152, 11540, '16424.00', '2022-01-01'),
(1181, 1153, 11550, '23854.00', '2022-01-01'),
(1182, 1154, 11560, '17206.00', '2022-01-01'),
(1183, 1155, 11570, '25027.00', '2022-01-01');
INSERT INTO `product_stocks` (`id`, `product_variant_id`, `total_stock`, `buy_price`, `expired_date`) VALUES
(1184, 1158, 11600, '49506.00', '2022-01-01'),
(1185, 1159, 11610, '49506.00', '2022-01-01'),
(1186, 1160, 11620, '49506.00', '2022-01-01'),
(1187, 1161, 11630, '49506.00', '2022-01-01'),
(1188, 1162, 11640, '49506.00', '2022-01-01'),
(1189, 1163, 11650, '49506.00', '2022-01-01'),
(1190, 1164, 11660, '49506.00', '2022-01-01'),
(1191, 1165, 11670, '49506.00', '2022-01-01'),
(1192, 1166, 11680, '49506.00', '2022-01-01'),
(1193, 1167, 11690, '49506.00', '2022-01-01'),
(1194, 1168, 11700, '49506.00', '2022-01-01'),
(1195, 1169, 11710, '49506.00', '2022-01-01'),
(1196, 1170, 11720, '49506.00', '2022-01-01'),
(1197, 1171, 11730, '49506.00', '2022-01-01'),
(1198, 1172, 11740, '49506.00', '2022-01-01'),
(1199, 1173, 11750, '49506.00', '2022-01-01'),
(1200, 1174, 11760, '49506.00', '2022-01-01'),
(1201, 1175, 11770, '49506.00', '2022-01-01'),
(1202, 1176, 11780, '32848.00', '2022-01-01'),
(1203, 1177, 11790, '32848.00', '2022-01-01'),
(1204, 1178, 11800, '32848.00', '2022-01-01'),
(1205, 1179, 11810, '32848.00', '2022-01-01'),
(1206, 1180, 11820, '32848.00', '2022-01-01'),
(1207, 1181, 11830, '44188.00', '2022-01-01'),
(1208, 1182, 11840, '13686.00', '2022-01-01'),
(1209, 1183, 11850, '13686.00', '2022-01-01'),
(1210, 1184, 11860, '13686.00', '2022-01-01'),
(1211, 1185, 11870, '13686.00', '2022-01-01'),
(1212, 1186, 11880, '37149.00', '2022-01-01'),
(1213, 1456, 11890, '37149.00', '2022-01-01'),
(1214, 1457, 11900, '37149.00', '2022-01-01'),
(1215, 1458, 11910, '37149.00', '2022-01-01'),
(1216, 1459, 11920, '37149.00', '2022-01-01'),
(1217, 1187, 11930, '41451.00', '2022-01-01'),
(1218, 1188, 11940, '52400.00', '2022-01-01'),
(1219, 1189, 11950, '52400.00', '2022-01-01'),
(1220, 1190, 11960, '52400.00', '2022-01-01'),
(1221, 1191, 11970, '52400.00', '2022-01-01'),
(1222, 1192, 11980, '52400.00', '2022-01-01'),
(1223, 1193, 11990, '52400.00', '2022-01-01'),
(1224, 1194, 12000, '52400.00', '2022-01-01'),
(1225, 1195, 12010, '52400.00', '2022-01-01'),
(1226, 1196, 12020, '53964.00', '2022-01-01'),
(1227, 1197, 12030, '53964.00', '2022-01-01'),
(1228, 1198, 12040, '53964.00', '2022-01-01'),
(1229, 1199, 12050, '53964.00', '2022-01-01'),
(1230, 1200, 12060, '53964.00', '2022-01-01'),
(1231, 1201, 12070, '53964.00', '2022-01-01'),
(1232, 1202, 12080, '53964.00', '2022-01-01'),
(1233, 1203, 12090, '53964.00', '2022-01-01'),
(1234, 1204, 12100, '73126.00', '2022-01-01'),
(1235, 1205, 12110, '27373.00', '2022-01-01'),
(1236, 1206, 12120, '46926.00', '2022-01-01'),
(1237, 1207, 12130, '46926.00', '2022-01-01'),
(1238, 1208, 12140, '46926.00', '2022-01-01'),
(1239, 1209, 12150, '46926.00', '2022-01-01'),
(1240, 1210, 12160, '46926.00', '2022-01-01'),
(1241, 1211, 12170, '46926.00', '2022-01-01'),
(1242, 1212, 12180, '46926.00', '2022-01-01'),
(1243, 1213, 12190, '46926.00', '2022-01-01'),
(1244, 1214, 12200, '23071.00', '2022-01-01'),
(1245, 1215, 12210, '37540.00', '2022-01-01'),
(1246, 1216, 12220, '57093.00', '2022-01-01'),
(1247, 1219, 12270, '71171.00', '2022-01-01'),
(1248, 1220, 12280, '71171.00', '2022-01-01'),
(1249, 1221, 12290, '71171.00', '2022-01-01'),
(1250, 1222, 12300, '71171.00', '2022-01-01'),
(1251, 1223, 12310, '71171.00', '2022-01-01'),
(1252, 1224, 12320, '71171.00', '2022-01-01'),
(1253, 1225, 12330, '71171.00', '2022-01-01'),
(1254, 1226, 12340, '71171.00', '2022-01-01'),
(1255, 1227, 12350, '71171.00', '2022-01-01'),
(1256, 1228, 12360, '37540.00', '2022-01-01'),
(1257, 1229, 12370, '37540.00', '2022-01-01'),
(1258, 1230, 12380, '37540.00', '2022-01-01'),
(1259, 1232, 12410, '33630.00', '2022-01-01'),
(1260, 1233, 12420, '33630.00', '2022-01-01'),
(1261, 1234, 12430, '33630.00', '2022-01-01'),
(1262, 1235, 12440, '33630.00', '2022-01-01'),
(1263, 1236, 12450, '33630.00', '2022-01-01'),
(1264, 1237, 12460, '71953.00', '2022-01-01'),
(1265, 1238, 12470, '71953.00', '2022-01-01'),
(1266, 1239, 12480, '40669.00', '2022-01-01'),
(1267, 1240, 12490, '45361.00', '2022-01-01'),
(1268, 1241, 12500, '36758.00', '2022-01-01'),
(1269, 1242, 12510, '36758.00', '2022-01-01'),
(1270, 1243, 12520, '36758.00', '2022-01-01'),
(1271, 1244, 12530, '79383.00', '2022-01-01'),
(1272, 1245, 12540, '79383.00', '2022-01-01'),
(1273, 1246, 12550, '79383.00', '2022-01-01'),
(1274, 1247, 12560, '79383.00', '2022-01-01'),
(1275, 1248, 12570, '79383.00', '2022-01-01'),
(1276, 1249, 12580, '79383.00', '2022-01-01'),
(1277, 1250, 12590, '79383.00', '2022-01-01'),
(1278, 1251, 12600, '79383.00', '2022-01-01'),
(1279, 1252, 12610, '63350.00', '2022-01-01'),
(1280, 1253, 12620, '63350.00', '2022-01-01'),
(1281, 1254, 12630, '63350.00', '2022-01-01'),
(1282, 1255, 12640, '63350.00', '2022-01-01'),
(1283, 1256, 12650, '63350.00', '2022-01-01'),
(1284, 1257, 12660, '63350.00', '2022-01-01'),
(1285, 1258, 12670, '63350.00', '2022-01-01'),
(1286, 1259, 12680, '63350.00', '2022-01-01'),
(1287, 1260, 12690, '61394.00', '2022-01-01'),
(1288, 1261, 12700, '61394.00', '2022-01-01'),
(1289, 1262, 12710, '61394.00', '2022-01-01'),
(1290, 1263, 12720, '61394.00', '2022-01-01'),
(1291, 1264, 12730, '61394.00', '2022-01-01'),
(1292, 1265, 12740, '61394.00', '2022-01-01'),
(1293, 1266, 12750, '61394.00', '2022-01-01'),
(1294, 1267, 12760, '61394.00', '2022-01-01'),
(1295, 1268, 12770, '35976.00', '2022-01-01'),
(1296, 1269, 12780, '35976.00', '2022-01-01'),
(1297, 1270, 12790, '35976.00', '2022-01-01'),
(1298, 1271, 12800, '35976.00', '2022-01-01'),
(1299, 1272, 12810, '35976.00', '2022-01-01'),
(1300, 1273, 12820, '35976.00', '2022-01-01'),
(1301, 1274, 12830, '35976.00', '2022-01-01'),
(1302, 1275, 12840, '35976.00', '2022-01-01'),
(1303, 1276, 12850, '77427.00', '2022-01-01'),
(1304, 1277, 12860, '35976.00', '2022-01-01'),
(1305, 1278, 12870, '79774.00', '2022-01-01'),
(1306, 1279, 12880, '35976.00', '2022-01-01'),
(1307, 1280, 12890, '115750.00', '2022-01-01'),
(1308, 1281, 12900, '68433.00', '2022-01-01'),
(1309, 1282, 12910, '61394.00', '2022-01-01'),
(1310, 1283, 12920, '25418.00', '2022-01-01'),
(1311, 1284, 12930, '82902.00', '2022-01-01'),
(1312, 1285, 12940, '64523.00', '2022-01-01'),
(1313, 1286, 12950, '23854.00', '2022-01-01'),
(1314, 1287, 12960, '23854.00', '2022-01-01'),
(1315, 1288, 12970, '62568.00', '2022-01-01'),
(1316, 1289, 12980, '15642.00', '2022-01-01'),
(1317, 1290, 12990, '23463.00', '2022-01-01'),
(1318, 1291, 13000, '28937.00', '2022-01-01'),
(1319, 1292, 13010, '34412.00', '2022-01-01'),
(1320, 1293, 13020, '32066.00', '2022-01-01'),
(1321, 1294, 13030, '37540.00', '2022-01-01'),
(1322, 1295, 13040, '37540.00', '2022-01-01'),
(1323, 1296, 13050, '21507.00', '2022-01-01'),
(1324, 1297, 13060, '21507.00', '2022-01-01'),
(1325, 1298, 13070, '37540.00', '2022-01-01'),
(1326, 1299, 13080, '37540.00', '2022-01-01'),
(1327, 1300, 13090, '37540.00', '2022-01-01'),
(1328, 1301, 13100, '37540.00', '2022-01-01'),
(1329, 1302, 13110, '26200.00', '2022-01-01'),
(1330, 1303, 13120, '26200.00', '2022-01-01'),
(1331, 1304, 13130, '26200.00', '2022-01-01'),
(1332, 1305, 13140, '26200.00', '2022-01-01'),
(1333, 1306, 13150, '32066.00', '2022-01-01'),
(1334, 1307, 13160, '32066.00', '2022-01-01'),
(1335, 1308, 13170, '32066.00', '2022-01-01'),
(1336, 1309, 13180, '32066.00', '2022-01-01'),
(1337, 1310, 13190, '29719.00', '2022-01-01'),
(1338, 1311, 13200, '29719.00', '2022-01-01'),
(1339, 1312, 13210, '29719.00', '2022-01-01'),
(1340, 1313, 13220, '29719.00', '2022-01-01'),
(1341, 1314, 13230, '27764.00', '2022-01-01'),
(1342, 1315, 13240, '27764.00', '2022-01-01'),
(1343, 1316, 13250, '27764.00', '2022-01-01'),
(1344, 1317, 13260, '27764.00', '2022-01-01'),
(1345, 1395, 13350, '46946.00', '2022-01-01'),
(1346, 1396, 13360, '46946.00', '2022-01-01'),
(1347, 1397, 13370, '46946.00', '2022-01-01'),
(1348, 1398, 13380, '46946.00', '2022-01-01'),
(1349, 1399, 13390, '46946.00', '2022-01-01'),
(1350, 1400, 13400, '46946.00', '2022-01-01'),
(1351, 1401, 13410, '46946.00', '2022-01-01'),
(1352, 1402, 13420, '46946.00', '2022-01-01'),
(1353, 1403, 13430, '46946.00', '2022-01-01'),
(1354, 1404, 13440, '46946.00', '2022-01-01'),
(1355, 1405, 13450, '46946.00', '2022-01-01'),
(1356, 1406, 13460, '46946.00', '2022-01-01'),
(1357, 1407, 13470, '46946.00', '2022-01-01'),
(1358, 1408, 13480, '46946.00', '2022-01-01'),
(1359, 1322, 13490, '24636.00', '2022-01-01'),
(1360, 1323, 13500, '24636.00', '2022-01-01'),
(1361, 1324, 13510, '24636.00', '2022-01-01'),
(1362, 1325, 13520, '24636.00', '2022-01-01'),
(1363, 1326, 13530, '43797.00', '2022-01-01'),
(1364, 1327, 13540, '12904.00', '2022-01-01'),
(1365, 1328, 13550, '21507.00', '2022-01-01'),
(1366, 1329, 13560, '28937.00', '2022-01-01'),
(1367, 1330, 13570, '16033.00', '2022-01-01'),
(1368, 1332, 13580, '21507.00', '2022-01-01'),
(1369, 1333, 13590, '39105.00', '2022-01-01'),
(1370, 1334, 13600, '12122.00', '2022-01-01'),
(1371, 1335, 13610, '20725.00', '2022-01-01'),
(1372, 1336, 13620, '12122.00', '2022-01-01'),
(1373, 1337, 13630, '14468.00', '2022-01-01'),
(1374, 1338, 13640, '28937.00', '2022-01-01'),
(1375, 1339, 13650, '68824.00', '2022-01-01'),
(1376, 1340, 13660, '68824.00', '2022-01-01'),
(1377, 1341, 13670, '68824.00', '2022-01-01'),
(1378, 1342, 13680, '68824.00', '2022-01-01'),
(1379, 1343, 13690, '39887.00', '2022-01-01'),
(1380, 1344, 13700, '39887.00', '2022-01-01'),
(1381, 1345, 13710, '39887.00', '2022-01-01'),
(1382, 1346, 13720, '39887.00', '2022-01-01'),
(1383, 1347, 13723, '104801.00', '2022-01-01'),
(1384, 1348, 13737, '104801.00', '2022-01-01'),
(1385, 1349, 13749, '104801.00', '2022-01-01'),
(1386, 1350, 13759, '104801.00', '2022-01-01'),
(1387, 1351, 13769, '74299.00', '2022-01-01'),
(1388, 1352, 13779, '74299.00', '2022-01-01'),
(1389, 1353, 13790, '74299.00', '2022-01-01'),
(1390, 1354, 13800, '74299.00', '2022-01-01'),
(1391, 1355, 13810, '62176.00', '2022-01-01'),
(1392, 1356, 13820, '62176.00', '2022-01-01'),
(1393, 1357, 13830, '62176.00', '2022-01-01'),
(1394, 1358, 13840, '62176.00', '2022-01-01'),
(1395, 1359, 13850, '62176.00', '2022-01-01'),
(1396, 1360, 13860, '71953.00', '2022-01-01'),
(1397, 1361, 13870, '71953.00', '2022-01-01'),
(1398, 1362, 13880, '71953.00', '2022-01-01'),
(1399, 1363, 13890, '71953.00', '2022-01-01'),
(1400, 1364, 13900, '75472.00', '2022-01-01'),
(1401, 1365, 13910, '75472.00', '2022-01-01'),
(1402, 1366, 13920, '46143.00', '2022-01-01'),
(1403, 1367, 13930, '46143.00', '2022-01-01'),
(1404, 1368, 13940, '32066.00', '2022-01-01'),
(1405, 1369, 13950, '32066.00', '2022-01-01'),
(1406, 1370, 13960, '32066.00', '2022-01-01'),
(1407, 1371, 13970, '32066.00', '2022-01-01'),
(1408, 1372, 13980, '32066.00', '2022-01-01'),
(1409, 1373, 13990, '32066.00', '2022-01-01'),
(1410, 1374, 14000, '32066.00', '2022-01-01'),
(1411, 1375, 14010, '32066.00', '2022-01-01'),
(1412, 1376, 14020, '32066.00', '2022-01-01'),
(1413, 1377, 14030, '32066.00', '2022-01-01'),
(1414, 1378, 14040, '32066.00', '2022-01-01'),
(1415, 1379, 14050, '32066.00', '2022-01-01'),
(1416, 1380, 14060, '32066.00', '2022-01-01'),
(1417, 1381, 14070, '32066.00', '2022-01-01'),
(1418, 1382, 14080, '32066.00', '2022-01-01'),
(1419, 1383, 14090, '32066.00', '2022-01-01'),
(1420, 1384, 14098, '32066.00', '2022-01-01'),
(1421, 1385, 14108, '32066.00', '2022-01-01'),
(1422, 1386, 14118, '32066.00', '2022-01-01'),
(1423, 1387, 14128, '32066.00', '2022-01-01'),
(1424, 1388, 14138, '32066.00', '2022-01-01'),
(1425, 1389, 14148, '32066.00', '2022-01-01'),
(1426, 1390, 14158, '32066.00', '2022-01-01'),
(1427, 1409, 14170, '52009.00', '2022-01-01'),
(1428, 1410, 14180, '13295.00', '2022-01-01'),
(1429, 1411, 14190, '19943.00', '2022-01-01');

-- --------------------------------------------------------

--
-- Table structure for table `product_stock_hist`
--

DROP TABLE IF EXISTS `product_stock_hist`;
CREATE TABLE IF NOT EXISTS `product_stock_hist` (
  `id` int(11) NOT NULL AUTO_INCREMENT,
  `product_stock_id` int(11) NOT NULL,
  `product_variant_id` int(11) NOT NULL,
  `total_stock` int(11) NOT NULL,
  `buy_price` decimal(15,2) NOT NULL,
  `expired_date` date DEFAULT '2100-12-31',
  PRIMARY KEY (`id`),
  KEY `product_variant_id` (`product_variant_id`)
) ENGINE=InnoDB DEFAULT CHARSET=utf8mb4;

-- --------------------------------------------------------

--
-- Table structure for table `product_variant`
--

DROP TABLE IF EXISTS `product_variant`;
CREATE TABLE IF NOT EXISTS `product_variant` (
  `id` int(11) NOT NULL AUTO_INCREMENT,
  `product_id` int(11) NOT NULL,
  `nama` varchar(500) NOT NULL,
  `variant_code` varchar(500) NOT NULL,
  `description` varchar(500) DEFAULT NULL,
  `limit_reminder` int(5) DEFAULT NULL,
  `is_active` int(1) NOT NULL DEFAULT 1,
  `user_modified` varchar(200) DEFAULT NULL,
  `is_deleted` int(1) NOT NULL DEFAULT 0,
  `created_at` timestamp NOT NULL DEFAULT current_timestamp(),
  `updated_at` timestamp NULL DEFAULT NULL,
  PRIMARY KEY (`id`),
  KEY `product_id` (`product_id`)
) ENGINE=InnoDB AUTO_INCREMENT=1606 DEFAULT CHARSET=utf8mb4;

--
-- Dumping data for table `product_variant`
--

INSERT INTO `product_variant` (`id`, `product_id`, `nama`, `variant_code`, `description`, `limit_reminder`, `is_active`, `user_modified`, `is_deleted`, `created_at`, `updated_at`) VALUES
(1, 1, 'Liquid Foundation Translucent', 'Red-A-LFT', 'from upload', 0, 1, 'Admin', 0, '2022-08-20 06:49:13', NULL),
(2, 2, '01', 'Red-A-LP-01', 'from upload', 0, 1, 'Admin', 0, '2022-08-20 06:49:13', NULL),
(3, 2, '02', 'Red-A-LP-02', 'from upload', 0, 1, 'Admin', 0, '2022-08-20 06:49:13', NULL),
(4, 2, '03', 'Red-A-LP-03', 'from upload', 0, 1, 'Admin', 0, '2022-08-20 06:49:13', NULL),
(5, 2, '04', 'Red-A-LP-04', 'from upload', 0, 1, 'Admin', 0, '2022-08-20 06:49:13', NULL),
(6, 3, '01', 'Red-A-CP-01', 'from upload', 0, 1, 'Admin', 0, '2022-08-20 06:49:13', NULL),
(7, 3, '02', 'Red-A-CP-02', 'from upload', 0, 1, 'Admin', 0, '2022-08-20 06:49:13', NULL),
(8, 3, '04', 'Red-A-CP-04', 'from upload', 0, 1, 'Admin', 0, '2022-08-20 06:49:13', NULL),
(9, 4, 'Lipstick', 'Red-A-L', 'from upload', 0, 1, 'Admin', 0, '2022-08-20 06:49:13', NULL),
(10, 5, '801', 'Red-A-LM-801', 'from upload', 0, 1, 'Admin', 0, '2022-08-20 06:49:13', NULL),
(11, 5, '802', 'Red-A-LM-802', 'from upload', 0, 1, 'Admin', 0, '2022-08-20 06:49:13', NULL),
(12, 5, '803', 'Red-A-LM-803', 'from upload', 0, 1, 'Admin', 0, '2022-08-20 06:49:13', NULL),
(13, 5, '804', 'Red-A-LM-804', 'from upload', 0, 1, 'Admin', 0, '2022-08-20 06:49:13', NULL),
(14, 5, '805', 'Red-A-LM-805', 'from upload', 0, 1, 'Admin', 0, '2022-08-20 06:49:13', NULL),
(15, 5, '806', 'Red-A-LM-806', 'from upload', 0, 1, 'Admin', 0, '2022-08-20 06:49:13', NULL),
(16, 6, '501', 'Red-A-LCB-501', 'from upload', 0, 1, 'Admin', 0, '2022-08-20 06:49:13', NULL),
(17, 6, '502', 'Red-A-LCB-502', 'from upload', 0, 1, 'Admin', 0, '2022-08-20 06:49:13', NULL),
(18, 6, '503', 'Red-A-LCB-503', 'from upload', 0, 1, 'Admin', 0, '2022-08-20 06:49:13', NULL),
(19, 6, '504', 'Red-A-LCB-504', 'from upload', 0, 1, 'Admin', 0, '2022-08-20 06:49:13', NULL),
(20, 6, '505', 'Red-A-LCB-505', 'from upload', 0, 1, 'Admin', 0, '2022-08-20 06:49:13', NULL),
(21, 7, '851', 'Red-A-LC-851', 'from upload', 0, 1, 'Admin', 0, '2022-08-20 06:49:13', NULL),
(22, 7, '852', 'Red-A-LC-852', 'from upload', 0, 1, 'Admin', 0, '2022-08-20 06:49:13', NULL),
(23, 7, '853', 'Red-A-LC-853', 'from upload', 0, 1, 'Admin', 0, '2022-08-20 06:49:13', NULL),
(24, 7, '854', 'Red-A-LC-854', 'from upload', 0, 1, 'Admin', 0, '2022-08-20 06:49:13', NULL),
(25, 7, '855', 'Red-A-LC-855', 'from upload', 0, 1, 'Admin', 0, '2022-08-20 06:49:13', NULL),
(26, 7, '856', 'Red-A-LC-856', 'from upload', 0, 1, 'Admin', 0, '2022-08-20 06:49:13', NULL),
(27, 8, 'A', 'Red-A-ES-A', 'from upload', 0, 1, 'Admin', 0, '2022-08-20 06:49:13', NULL),
(28, 8, 'B', 'Red-A-ES-B', 'from upload', 0, 1, 'Admin', 0, '2022-08-20 06:49:13', NULL),
(29, 8, 'C', 'Red-A-ES-C', 'from upload', 0, 1, 'Admin', 0, '2022-08-20 06:49:13', NULL),
(30, 8, 'D', 'Red-A-ES-D', 'from upload', 0, 1, 'Admin', 0, '2022-08-20 06:49:13', NULL),
(31, 8, 'E', 'Red-A-ES-E', 'from upload', 0, 1, 'Admin', 0, '2022-08-20 06:49:13', NULL),
(32, 8, 'F', 'Red-A-ES-F', 'from upload', 0, 1, 'Admin', 0, '2022-08-20 06:49:13', NULL),
(33, 8, 'H', 'Red-A-ES-H', 'from upload', 0, 1, 'Admin', 0, '2022-08-20 06:49:13', NULL),
(34, 8, 'M', 'Red-A-ES-M', 'from upload', 0, 1, 'Admin', 0, '2022-08-20 06:49:13', NULL),
(35, 9, 'A', 'Red-A-BO-A', 'from upload', 0, 1, 'Admin', 0, '2022-08-20 06:49:13', NULL),
(36, 9, 'B', 'Red-A-BO-B', 'from upload', 0, 1, 'Admin', 0, '2022-08-20 06:49:13', NULL),
(37, 9, 'C', 'Red-A-BO-C', 'from upload', 0, 1, 'Admin', 0, '2022-08-20 06:49:13', NULL),
(38, 9, 'D', 'Red-A-BO-D', 'from upload', 0, 1, 'Admin', 0, '2022-08-20 06:49:13', NULL),
(39, 9, 'E', 'Red-A-BO-E', 'from upload', 0, 1, 'Admin', 0, '2022-08-20 06:49:13', NULL),
(40, 9, 'F', 'Red-A-BO-F', 'from upload', 0, 1, 'Admin', 0, '2022-08-20 06:49:13', NULL),
(41, 10, 'NORMAL', 'Red-A-FF8g-NORMAL', 'from upload', 0, 1, 'Admin', 0, '2022-08-20 06:49:13', NULL),
(42, 10, 'ACNE', 'Red-A-FF8g-ACNE', 'from upload', 0, 1, 'Admin', 0, '2022-08-20 06:49:13', NULL),
(43, 10, 'OILY', 'Red-A-FF8g-OILY', 'from upload', 0, 1, 'Admin', 0, '2022-08-20 06:49:13', NULL),
(44, 11, 'Compact Translucent', 'Red-A-CT', 'from upload', 0, 1, 'Admin', 0, '2022-08-20 06:49:13', NULL),
(45, 12, 'A', 'Red-A-EC-A', 'from upload', 0, 1, 'Admin', 0, '2022-08-20 06:49:13', NULL),
(46, 12, 'B', 'Red-A-EC-B', 'from upload', 0, 1, 'Admin', 0, '2022-08-20 06:49:13', NULL),
(47, 13, 'Moisturizer', 'Red-A-M', 'from upload', 0, 1, 'Admin', 0, '2022-08-20 06:49:13', NULL),
(48, 14, 'NATURAL', 'Red-A-T-NATURAL', 'from upload', 0, 1, 'Admin', 0, '2022-08-20 06:49:13', NULL),
(49, 14, 'BEIGE', 'Red-A-T-BEIGE', 'from upload', 0, 1, 'Admin', 0, '2022-08-20 06:49:13', NULL),
(50, 14, 'WHITE', 'Red-A-T-WHITE', 'from upload', 0, 1, 'Admin', 0, '2022-08-20 06:49:13', NULL),
(51, 14, 'YELLOW', 'Red-A-T-YELLOW', 'from upload', 0, 1, 'Admin', 0, '2022-08-20 06:49:13', NULL),
(52, 15, 'Remover Body Painting', 'Viva-RBP', 'from upload', 0, 1, 'Admin', 0, '2022-08-20 06:49:13', NULL),
(53, 16, 'Perfect Mascara', 'Viva-PM', 'from upload', 0, 1, 'Admin', 0, '2022-08-20 06:49:13', NULL),
(54, 17, 'Eye Cream', 'Viva-EC', 'from upload', 0, 1, 'Admin', 0, '2022-08-20 06:49:13', NULL),
(55, 18, 'CLASSIC', 'Viva-MKP-CLASSIC', 'from upload', 0, 1, 'Admin', 0, '2022-08-20 06:49:13', NULL),
(56, 18, 'ROMANTIC', 'Viva-MKP-ROMANTIC', 'from upload', 0, 1, 'Admin', 0, '2022-08-20 06:49:13', NULL),
(57, 18, 'FANTASIA', 'Viva-MKP-FANTASIA', 'from upload', 0, 1, 'Admin', 0, '2022-08-20 06:49:13', NULL),
(58, 19, 'BENGKUANG', 'Viva-L3g-BENGKUANG', 'from upload', 0, 1, 'Admin', 0, '2022-08-20 06:49:13', NULL),
(59, 19, 'YOUGURT', 'Viva-L3g-YOUGURT', 'from upload', 0, 1, 'Admin', 0, '2022-08-20 06:49:13', NULL),
(60, 19, 'ALPUKAT', 'Viva-L3g-ALPUKAT', 'from upload', 0, 1, 'Admin', 0, '2022-08-20 06:49:13', NULL),
(61, 20, 'Remover Kutek', 'Viva-RK', 'from upload', 0, 1, 'Admin', 0, '2022-08-20 06:49:13', NULL),
(62, 21, 'REFRESH', 'Viva-HS-REFRESH', 'from upload', 0, 1, 'Admin', 0, '2022-08-20 06:49:13', NULL),
(63, 21, 'VITALY', 'Viva-HS-VITALY', 'from upload', 0, 1, 'Admin', 0, '2022-08-20 06:49:13', NULL),
(64, 21, 'SMOOTH', 'Viva-HS-SMOOTH', 'from upload', 0, 1, 'Admin', 0, '2022-08-20 06:49:13', NULL),
(65, 22, 'REFRESH', 'Viva-HC-REFRESH', 'from upload', 0, 1, 'Admin', 0, '2022-08-20 06:49:13', NULL),
(66, 22, 'VITALY', 'Viva-HC-VITALY', 'from upload', 0, 1, 'Admin', 0, '2022-08-20 06:49:13', NULL),
(67, 22, 'SMOOTH', 'Viva-HC-SMOOTH', 'from upload', 0, 1, 'Admin', 0, '2022-08-20 06:49:13', NULL),
(68, 23, 'DRY', 'Viva-CM-DRY', 'from upload', 0, 1, 'Admin', 0, '2022-08-20 06:49:13', NULL),
(69, 23, 'OILY', 'Viva-CM-OILY', 'from upload', 0, 1, 'Admin', 0, '2022-08-20 06:49:13', NULL),
(70, 23, 'ALL SKIN', 'Viva-CM-ALL SKIN', 'from upload', 0, 1, 'Admin', 0, '2022-08-20 06:49:13', NULL),
(71, 24, 'ORANGE', 'Viva-CoL-ORANGE', 'from upload', 0, 1, 'Admin', 0, '2022-08-20 06:49:13', NULL),
(72, 24, 'STRAWBERRY', 'Viva-CoL-STRAWBERRY', 'from upload', 0, 1, 'Admin', 0, '2022-08-20 06:49:13', NULL),
(73, 24, 'CHOCOLATE', 'Viva-CoL-CHOCOLATE', 'from upload', 0, 1, 'Admin', 0, '2022-08-20 06:49:13', NULL),
(74, 24, 'ALOE VERA', 'Viva-CoL-ALOE VERA', 'from upload', 0, 1, 'Admin', 0, '2022-08-20 06:49:13', NULL),
(75, 25, 'ROSE', 'Viva-BB-ROSE', 'from upload', 0, 1, 'Admin', 0, '2022-08-20 06:49:13', NULL),
(76, 25, 'MULBERY', 'Viva-BB-MULBERY', 'from upload', 0, 1, 'Admin', 0, '2022-08-20 06:49:13', NULL),
(77, 25, 'ZAITUN', 'Viva-BB-ZAITUN', 'from upload', 0, 1, 'Admin', 0, '2022-08-20 06:49:13', NULL),
(78, 26, 'Waterdrop Sleeping Mask', 'Viva-WSM', 'from upload', 0, 1, 'Admin', 0, '2022-08-20 06:49:13', NULL),
(79, 27, 'Soothing Aloevera Gel', 'Viva-SAG', 'from upload', 0, 1, 'Admin', 0, '2022-08-20 06:49:13', NULL),
(80, 28, 'Spons Bedak', 'Viva-SB', 'from upload', 0, 1, 'Admin', 0, '2022-08-20 06:49:13', NULL),
(81, 29, 'Spons Puff', 'Viva-SP', 'from upload', 0, 1, 'Admin', 0, '2022-08-20 06:49:13', NULL),
(82, 30, 'A01', 'Viva-PE-A01', 'from upload', 0, 1, 'Admin', 0, '2022-08-20 06:49:13', NULL),
(83, 30, 'A02', 'Viva-PE-A02', 'from upload', 0, 1, 'Admin', 0, '2022-08-20 06:49:13', NULL),
(84, 30, 'A03', 'Viva-PE-A03', 'from upload', 0, 1, 'Admin', 0, '2022-08-20 06:49:13', NULL),
(85, 31, 'COFFE', 'Viva-BC-COFFE', 'from upload', 0, 1, 'Admin', 0, '2022-08-20 06:49:13', NULL),
(86, 31, 'COKLAT', 'Viva-BC-COKLAT', 'from upload', 0, 1, 'Admin', 0, '2022-08-20 06:49:13', NULL),
(87, 31, 'MADU', 'Viva-BC-MADU', 'from upload', 0, 1, 'Admin', 0, '2022-08-20 06:49:13', NULL),
(88, 32, '01', 'Viva-CBB-01', 'from upload', 0, 1, 'Admin', 0, '2022-08-20 06:49:13', NULL),
(89, 32, '02', 'Viva-CBB-02', 'from upload', 0, 1, 'Admin', 0, '2022-08-20 06:49:13', NULL),
(90, 32, '04', 'Viva-CBB-04', 'from upload', 0, 1, 'Admin', 0, '2022-08-20 06:49:13', NULL),
(91, 16, 'Parfum Melati', 'Viva-PM', 'from upload', 0, 1, 'Admin', 0, '2022-08-20 06:49:13', NULL),
(92, 34, 'Hair Tonic', 'Viva-HT', 'from upload', 0, 1, 'Admin', 0, '2022-08-20 06:49:13', NULL),
(93, 35, 'BENGKUANG', 'Viva-HBL5m-BENGKUANG', 'from upload', 0, 1, 'Admin', 0, '2022-08-20 06:49:13', NULL),
(94, 35, 'SEXY', 'Viva-HBL5m-SEXY', 'from upload', 0, 1, 'Admin', 0, '2022-08-20 06:49:13', NULL),
(95, 35, 'STANDAR', 'Viva-HBL5m-STANDAR', 'from upload', 0, 1, 'Admin', 0, '2022-08-20 06:49:13', NULL),
(96, 36, 'Shampoo Urang Aring', 'Viva-SUA', 'from upload', 0, 1, 'Admin', 0, '2022-08-20 06:49:13', NULL),
(97, 22, 'Hair Conditioner', 'Viva-HC', 'from upload', 0, 1, 'Admin', 0, '2022-08-20 06:49:13', NULL),
(98, 38, 'NATURAL', 'Viva-RTQ-NATURAL', 'from upload', 0, 1, 'Admin', 0, '2022-08-20 06:49:13', NULL),
(99, 38, 'NATURAL YELLOW', 'Viva-RTQ-NATURAL YELLOW', 'from upload', 0, 1, 'Admin', 0, '2022-08-20 06:49:13', NULL),
(100, 38, 'NATURAL WHITE', 'Viva-RTQ-NATURAL WHITE', 'from upload', 0, 1, 'Admin', 0, '2022-08-20 06:49:13', NULL),
(101, 39, 'Multiactive Night Cream', 'Viva-MNC', 'from upload', 0, 1, 'Admin', 0, '2022-08-20 06:49:13', NULL),
(102, 40, 'Air Mawar 200 ml', 'Viva-AM2m', 'from upload', 0, 1, 'Admin', 0, '2022-08-20 06:49:13', NULL),
(103, 41, 'AVOCADO', 'Viva-HBL1m-AVOCADO', 'from upload', 0, 1, 'Admin', 0, '2022-08-20 06:49:13', NULL),
(104, 41, 'GREENTEA', 'Viva-HBL1m-GREENTEA', 'from upload', 0, 1, 'Admin', 0, '2022-08-20 06:49:13', NULL),
(105, 41, 'SEXY', 'Viva-HBL1m-SEXY', 'from upload', 0, 1, 'Admin', 0, '2022-08-20 06:49:13', NULL),
(106, 41, 'BENGKUANG', 'Viva-HBL1m-BENGKUANG', 'from upload', 0, 1, 'Admin', 0, '2022-08-20 06:49:13', NULL),
(107, 41, 'MANGIR', 'Viva-HBL1m-MANGIR', 'from upload', 0, 1, 'Admin', 0, '2022-08-20 06:49:13', NULL),
(108, 41, 'STANDAR', 'Viva-HBL1m-STANDAR', 'from upload', 0, 1, 'Admin', 0, '2022-08-20 06:49:13', NULL),
(109, 42, 'Hand Body Lotion Cantika 100 ml', 'Viva-HBLC1m', 'from upload', 0, 1, 'Admin', 0, '2022-08-20 06:49:13', NULL),
(110, 43, 'MAWAR', 'Viva-MC-MAWAR', 'from upload', 0, 1, 'Admin', 0, '2022-08-20 06:49:13', NULL),
(111, 43, 'LEMON', 'Viva-MC-LEMON', 'from upload', 0, 1, 'Admin', 0, '2022-08-20 06:49:13', NULL),
(112, 43, 'CUCUMBER', 'Viva-MC-CUCUMBER', 'from upload', 0, 1, 'Admin', 0, '2022-08-20 06:49:13', NULL),
(113, 43, 'BENGKUANG', 'Viva-MC-BENGKUANG', 'from upload', 0, 1, 'Admin', 0, '2022-08-20 06:49:13', NULL),
(114, 43, 'GREENTEA', 'Viva-MC-GREENTEA', 'from upload', 0, 1, 'Admin', 0, '2022-08-20 06:49:13', NULL),
(115, 43, 'SPIRULINA', 'Viva-MC-SPIRULINA', 'from upload', 0, 1, 'Admin', 0, '2022-08-20 06:49:13', NULL),
(116, 45, 'MAWAR', 'Viva-FT-MAWAR', 'from upload', 0, 1, 'Admin', 0, '2022-08-20 06:49:13', NULL),
(117, 45, 'LEMON', 'Viva-FT-LEMON', 'from upload', 0, 1, 'Admin', 0, '2022-08-20 06:49:13', NULL),
(118, 45, 'ASTRIGENT', 'Viva-FT-ASTRIGENT', 'from upload', 0, 1, 'Admin', 0, '2022-08-20 06:49:13', NULL),
(119, 45, 'GREENTEA', 'Viva-FT-GREENTEA', 'from upload', 0, 1, 'Admin', 0, '2022-08-20 06:49:13', NULL),
(120, 45, 'BENGKUANG', 'Viva-FT-BENGKUANG', 'from upload', 0, 1, 'Admin', 0, '2022-08-20 06:49:13', NULL),
(121, 45, 'SPRILUNA', 'Viva-FT-SPRILUNA', 'from upload', 0, 1, 'Admin', 0, '2022-08-20 06:49:13', NULL),
(122, 47, 'Air Mawar 100 ml', 'Viva-AM1m', 'from upload', 0, 1, 'Admin', 0, '2022-08-20 06:49:13', NULL),
(123, 40, 'Air Mawar 200 ml', 'Viva-AM2m', 'from upload', 0, 1, 'Admin', 0, '2022-08-20 06:49:13', NULL),
(124, 49, 'Advance Micellar Water', 'Viva-AMW', 'from upload', 0, 1, 'Admin', 0, '2022-08-20 06:49:13', NULL),
(125, 50, 'Skinfood 82 gram', 'Viva-S8g', 'from upload', 0, 1, 'Admin', 0, '2022-08-20 06:49:13', NULL),
(126, 51, 'Skinfood 30 gram', 'Viva-S3g', 'from upload', 0, 1, 'Admin', 0, '2022-08-20 06:49:13', NULL),
(127, 52, 'Collagen Night Cream', 'Viva-CNC', 'from upload', 0, 1, 'Admin', 0, '2022-08-20 06:49:13', NULL),
(128, 53, 'Whitening Cream', 'Viva-WC', 'from upload', 0, 1, 'Admin', 0, '2022-08-20 06:49:13', NULL),
(129, 54, 'Advance Face Serum', 'Viva-AFS', 'from upload', 0, 1, 'Admin', 0, '2022-08-20 06:49:13', NULL),
(130, 55, 'Anti Wrinkle Serum', 'Viva-AWS', 'from upload', 0, 1, 'Admin', 0, '2022-08-20 06:49:13', NULL),
(131, 56, 'Acne Lotion', 'Viva-AL', 'from upload', 0, 1, 'Admin', 0, '2022-08-20 06:49:13', NULL),
(132, 57, 'Acne Gel', 'Viva-AG', 'from upload', 0, 1, 'Admin', 0, '2022-08-20 06:49:13', NULL),
(133, 58, 'BENGKUANG', 'Viva-FM-BENGKUANG', 'from upload', 0, 1, 'Admin', 0, '2022-08-20 06:49:13', NULL),
(134, 58, 'PEPAYA', 'Viva-FM-PEPAYA', 'from upload', 0, 1, 'Admin', 0, '2022-08-20 06:49:13', NULL),
(135, 58, 'OILY', 'Viva-FM-OILY', 'from upload', 0, 1, 'Admin', 0, '2022-08-20 06:49:13', NULL),
(136, 59, 'Pelembap', 'Viva-P', 'from upload', 0, 1, 'Admin', 0, '2022-08-20 06:49:13', NULL),
(137, 60, 'NATURAL', 'Viva-LF-NATURAL', 'from upload', 0, 1, 'Admin', 0, '2022-08-20 06:49:13', NULL),
(138, 60, 'KUNING LANGSAT', 'Viva-LF-KUNING LANGSAT', 'from upload', 0, 1, 'Admin', 0, '2022-08-20 06:49:13', NULL),
(139, 60, 'KUNING PENGANTIN', 'Viva-LF-KUNING PENGANTIN', 'from upload', 0, 1, 'Admin', 0, '2022-08-20 06:49:13', NULL),
(140, 61, 'Perfect CC Foundation', 'Viva-PCF', 'from upload', 0, 1, 'Admin', 0, '2022-08-20 06:49:13', NULL),
(141, 62, 'IVORY', 'Viva-PCU-IVORY', 'from upload', 0, 1, 'Admin', 0, '2022-08-20 06:49:13', NULL),
(142, 62, 'NATURAL', 'Viva-PCU-NATURAL', 'from upload', 0, 1, 'Admin', 0, '2022-08-20 06:49:13', NULL),
(143, 62, 'BEIGE', 'Viva-PCU-BEIGE', 'from upload', 0, 1, 'Admin', 0, '2022-08-20 06:49:13', NULL),
(144, 63, '01', 'Viva-PC-01', 'from upload', 0, 1, 'Admin', 0, '2022-08-20 06:49:13', NULL),
(145, 63, '02', 'Viva-PC-02', 'from upload', 0, 1, 'Admin', 0, '2022-08-20 06:49:13', NULL),
(146, 63, '03', 'Viva-PC-03', 'from upload', 0, 1, 'Admin', 0, '2022-08-20 06:49:13', NULL),
(147, 63, '04', 'Viva-PC-04', 'from upload', 0, 1, 'Admin', 0, '2022-08-20 06:49:13', NULL),
(148, 64, '01', 'Viva-PTNB-01', 'from upload', 0, 1, 'Admin', 0, '2022-08-20 06:49:13', NULL),
(149, 64, '02', 'Viva-PTNB-02', 'from upload', 0, 1, 'Admin', 0, '2022-08-20 06:49:13', NULL),
(150, 64, '03', 'Viva-PTNB-03', 'from upload', 0, 1, 'Admin', 0, '2022-08-20 06:49:13', NULL),
(151, 64, '04', 'Viva-PTNB-04', 'from upload', 0, 1, 'Admin', 0, '2022-08-20 06:49:13', NULL),
(152, 65, 'FAIR', 'Viva-PLP-FAIR', 'from upload', 0, 1, 'Admin', 0, '2022-08-20 06:49:13', NULL),
(153, 65, 'BEIGE', 'Viva-PLP-BEIGE', 'from upload', 0, 1, 'Admin', 0, '2022-08-20 06:49:13', NULL),
(154, 65, 'IVORY', 'Viva-PLP-IVORY', 'from upload', 0, 1, 'Admin', 0, '2022-08-20 06:49:13', NULL),
(155, 66, '01', 'Viva-PBO-01', 'from upload', 0, 1, 'Admin', 0, '2022-08-20 06:49:13', NULL),
(156, 66, '02', 'Viva-PBO-02', 'from upload', 0, 1, 'Admin', 0, '2022-08-20 06:49:13', NULL),
(157, 66, '03', 'Viva-PBO-03', 'from upload', 0, 1, 'Admin', 0, '2022-08-20 06:49:13', NULL),
(158, 67, '01', 'Viva-PES-01', 'from upload', 0, 1, 'Admin', 0, '2022-08-20 06:49:13', NULL),
(159, 67, '02', 'Viva-PES-02', 'from upload', 0, 1, 'Admin', 0, '2022-08-20 06:49:13', NULL),
(160, 67, '03', 'Viva-PES-03', 'from upload', 0, 1, 'Admin', 0, '2022-08-20 06:49:13', NULL),
(161, 68, 'Perfect Blurring Primer', 'Viva-PBP', 'from upload', 0, 1, 'Admin', 0, '2022-08-20 06:49:13', NULL),
(162, 69, 'ROSE', 'Viva-PH-ROSE', 'from upload', 0, 1, 'Admin', 0, '2022-08-20 06:49:13', NULL),
(163, 69, 'IVORY', 'Viva-PH-IVORY', 'from upload', 0, 1, 'Admin', 0, '2022-08-20 06:49:13', NULL),
(164, 70, 'NATURAL', 'Viva-CC-NATURAL', 'from upload', 0, 1, 'Admin', 0, '2022-08-20 06:49:13', NULL),
(165, 70, 'OLIVE', 'Viva-CC-OLIVE', 'from upload', 0, 1, 'Admin', 0, '2022-08-20 06:49:13', NULL),
(166, 71, 'Suncare Cream', 'Viva-SC', 'from upload', 0, 1, 'Admin', 0, '2022-08-20 06:49:13', NULL),
(167, 72, 'Special Day Cream', 'Viva-SDC', 'from upload', 0, 1, 'Admin', 0, '2022-08-20 06:49:13', NULL),
(168, 73, 'Bedak Zak Mini 15 gram', 'Viva-BZM1g', 'from upload', 0, 1, 'Admin', 0, '2022-08-20 06:49:13', NULL),
(169, 74, 'Bedak Zak Supermini 10 gram', 'Viva-BZS1g', 'from upload', 0, 1, 'Admin', 0, '2022-08-20 06:49:13', NULL),
(170, 75, 'Bedak Zak 25 gram', 'Viva-BZ2g', 'from upload', 0, 1, 'Admin', 0, '2022-08-20 06:49:13', NULL),
(171, 76, 'NATURAL', 'Viva-CPO-NATURAL', 'from upload', 0, 1, 'Admin', 0, '2022-08-20 06:49:13', NULL),
(172, 76, 'KUNING LANGSAT', 'Viva-CPO-KUNING LANGSAT', 'from upload', 0, 1, 'Admin', 0, '2022-08-20 06:49:13', NULL),
(173, 76, 'KUNING PENGANTIN', 'Viva-CPO-KUNING PENGANTIN', 'from upload', 0, 1, 'Admin', 0, '2022-08-20 06:49:13', NULL),
(174, 77, 'NATURAL', 'Viva-CL-NATURAL', 'from upload', 0, 1, 'Admin', 0, '2022-08-20 06:49:13', NULL),
(175, 77, 'KUNING LANGSAT', 'Viva-CL-KUNING LANGSAT', 'from upload', 0, 1, 'Admin', 0, '2022-08-20 06:49:13', NULL),
(176, 77, 'KUNING PENGANTIN', 'Viva-CL-KUNING PENGANTIN', 'from upload', 0, 1, 'Admin', 0, '2022-08-20 06:49:13', NULL),
(177, 78, 'NATURAL', 'Viva-CQ-NATURAL', 'from upload', 0, 1, 'Admin', 0, '2022-08-20 06:49:13', NULL),
(178, 78, 'KUNING LANGSAT', 'Viva-CQ-KUNING LANGSAT', 'from upload', 0, 1, 'Admin', 0, '2022-08-20 06:49:13', NULL),
(179, 78, 'KUNING PENGANTIN', 'Viva-CQ-KUNING PENGANTIN', 'from upload', 0, 1, 'Admin', 0, '2022-08-20 06:49:13', NULL),
(180, 79, 'NATURAL', 'Viva-RCQ-NATURAL', 'from upload', 0, 1, 'Admin', 0, '2022-08-20 06:49:13', NULL),
(181, 79, 'KUNING LANGSAT', 'Viva-RCQ-KUNING LANGSAT', 'from upload', 0, 1, 'Admin', 0, '2022-08-20 06:49:13', NULL),
(182, 79, 'KUNING PENGANTIN', 'Viva-RCQ-KUNING PENGANTIN', 'from upload', 0, 1, 'Admin', 0, '2022-08-20 06:49:13', NULL),
(183, 80, 'NATURAL', 'Viva-TQ-NATURAL', 'from upload', 0, 1, 'Admin', 0, '2022-08-20 06:49:13', NULL),
(184, 80, 'NATURAL YELLOW', 'Viva-TQ-NATURAL YELLOW', 'from upload', 0, 1, 'Admin', 0, '2022-08-20 06:49:13', NULL),
(185, 80, 'NATURAL WHITE', 'Viva-TQ-NATURAL WHITE', 'from upload', 0, 1, 'Admin', 0, '2022-08-20 06:49:13', NULL),
(186, 80, 'NATURAL TROPICAL', 'Viva-TQ-NATURAL TROPICAL', 'from upload', 0, 1, 'Admin', 0, '2022-08-20 06:49:13', NULL),
(187, 81, 'OLIVE', 'Viva-SLP-OLIVE', 'from upload', 0, 1, 'Admin', 0, '2022-08-20 06:49:13', NULL),
(188, 81, 'BROWN', 'Viva-SLP-BROWN', 'from upload', 0, 1, 'Admin', 0, '2022-08-20 06:49:13', NULL),
(189, 82, 'HITAM', 'Viva-PEM-HITAM', 'from upload', 0, 1, 'Admin', 0, '2022-08-20 06:49:13', NULL),
(190, 82, 'COKELAT', 'Viva-PEM-COKELAT', 'from upload', 0, 1, 'Admin', 0, '2022-08-20 06:49:13', NULL),
(191, 82, 'ASH BROWN', 'Viva-PEM-ASH BROWN', 'from upload', 0, 1, 'Admin', 0, '2022-08-20 06:49:13', NULL),
(192, 83, 'HITAM', 'Viva-EP-HITAM', 'from upload', 0, 1, 'Admin', 0, '2022-08-20 06:49:13', NULL),
(193, 83, 'BROWN', 'Viva-EP-BROWN', 'from upload', 0, 1, 'Admin', 0, '2022-08-20 06:49:13', NULL),
(194, 83, 'DARK BROWN', 'Viva-EP-DARK BROWN', 'from upload', 0, 1, 'Admin', 0, '2022-08-20 06:49:13', NULL),
(195, 84, 'HITAM', 'Viva-EL(-HITAM', 'from upload', 0, 1, 'Admin', 0, '2022-08-20 06:49:13', NULL),
(196, 84, 'BROWN', 'Viva-EL(-BROWN', 'from upload', 0, 1, 'Admin', 0, '2022-08-20 06:49:13', NULL),
(197, 84, 'DARK BROWN', 'Viva-EL(-DARK BROWN', 'from upload', 0, 1, 'Admin', 0, '2022-08-20 06:49:13', NULL),
(198, 85, 'PEACH', 'Viva-ESSC-PEACH', 'from upload', 0, 1, 'Admin', 0, '2022-08-20 06:49:13', NULL),
(199, 85, 'COKLAT', 'Viva-ESSC-COKLAT', 'from upload', 0, 1, 'Admin', 0, '2022-08-20 06:49:13', NULL),
(200, 85, 'GOLD', 'Viva-ESSC-GOLD', 'from upload', 0, 1, 'Admin', 0, '2022-08-20 06:49:13', NULL),
(201, 86, 'Eye Shadow Cream', 'Viva-ESC', 'from upload', 0, 1, 'Admin', 0, '2022-08-20 06:49:13', NULL),
(202, 87, '01', 'Viva-ESD-01', 'from upload', 0, 1, 'Admin', 0, '2022-08-20 06:49:13', NULL),
(203, 87, '02', 'Viva-ESD-02', 'from upload', 0, 1, 'Admin', 0, '2022-08-20 06:49:13', NULL),
(204, 87, '03', 'Viva-ESD-03', 'from upload', 0, 1, 'Admin', 0, '2022-08-20 06:49:13', NULL),
(205, 87, '04', 'Viva-ESD-04', 'from upload', 0, 1, 'Admin', 0, '2022-08-20 06:49:13', NULL),
(206, 87, '05', 'Viva-ESD-05', 'from upload', 0, 1, 'Admin', 0, '2022-08-20 06:49:13', NULL),
(207, 87, '06', 'Viva-ESD-06', 'from upload', 0, 1, 'Admin', 0, '2022-08-20 06:49:13', NULL),
(208, 87, '07', 'Viva-ESD-07', 'from upload', 0, 1, 'Admin', 0, '2022-08-20 06:49:13', NULL),
(209, 87, '08', 'Viva-ESD-08', 'from upload', 0, 1, 'Admin', 0, '2022-08-20 06:49:13', NULL),
(210, 88, 'A', 'Viva-ESQ-A', 'from upload', 0, 1, 'Admin', 0, '2022-08-20 06:49:13', NULL),
(211, 88, 'B', 'Viva-ESQ-B', 'from upload', 0, 1, 'Admin', 0, '2022-08-20 06:49:13', NULL),
(212, 88, 'C', 'Viva-ESQ-C', 'from upload', 0, 1, 'Admin', 0, '2022-08-20 06:49:13', NULL),
(213, 88, 'D', 'Viva-ESQ-D', 'from upload', 0, 1, 'Admin', 0, '2022-08-20 06:49:13', NULL),
(214, 88, 'E', 'Viva-ESQ-E', 'from upload', 0, 1, 'Admin', 0, '2022-08-20 06:49:13', NULL),
(215, 83, 'HITAM', 'Viva-EP-HITAM', 'from upload', 0, 1, 'Admin', 0, '2022-08-20 06:49:13', NULL),
(216, 83, 'COKLAT', 'Viva-EP-COKLAT', 'from upload', 0, 1, 'Admin', 0, '2022-08-20 06:49:13', NULL),
(217, 83, 'BIRU', 'Viva-EP-BIRU', 'from upload', 0, 1, 'Admin', 0, '2022-08-20 06:49:13', NULL),
(218, 90, 'BLACK', 'Viva-EM-BLACK', 'from upload', 0, 1, 'Admin', 0, '2022-08-20 06:49:13', NULL),
(219, 90, 'WHITE', 'Viva-EM-WHITE', 'from upload', 0, 1, 'Admin', 0, '2022-08-20 06:49:13', NULL),
(220, 17, 'Eyeliner Cair', 'Viva-EC', 'from upload', 0, 1, 'Admin', 0, '2022-08-20 06:49:13', NULL),
(221, 92, 'Eyeliner Perfect Pen', 'Viva-EPP', 'from upload', 0, 1, 'Admin', 0, '2022-08-20 06:49:13', NULL),
(222, 93, '03', 'Viva-F-03', 'from upload', 0, 1, 'Admin', 0, '2022-08-20 06:49:13', '2022-08-20 06:50:54'),
(223, 93, '04', 'Viva-F-04', 'from upload', 0, 1, 'Admin', 0, '2022-08-20 06:49:13', '2022-08-20 06:50:54'),
(224, 93, '05', 'Viva-F-05', 'from upload', 0, 1, 'Admin', 0, '2022-08-20 06:49:13', '2022-08-20 06:50:54'),
(225, 94, '01', 'Viva-BOD-01', 'from upload', 0, 1, 'Admin', 0, '2022-08-20 06:49:13', NULL),
(226, 94, '02', 'Viva-BOD-02', 'from upload', 0, 1, 'Admin', 0, '2022-08-20 06:49:13', NULL),
(227, 94, '03', 'Viva-BOD-03', 'from upload', 0, 1, 'Admin', 0, '2022-08-20 06:49:13', NULL),
(228, 94, '04', 'Viva-BOD-04', 'from upload', 0, 1, 'Admin', 0, '2022-08-20 06:49:13', NULL),
(229, 95, 'A', 'Viva-BOQ-A', 'from upload', 0, 1, 'Admin', 0, '2022-08-20 06:49:13', NULL),
(230, 95, 'B', 'Viva-BOQ-B', 'from upload', 0, 1, 'Admin', 0, '2022-08-20 06:49:13', NULL),
(231, 96, 'Perfect Cleanser Remover', 'Viva-PCR', 'from upload', 0, 1, 'Admin', 0, '2022-08-20 06:49:13', NULL),
(232, 97, 'Eyebase Shadow Gel', 'Viva-ESG', 'from upload', 0, 1, 'Admin', 0, '2022-08-20 06:49:13', NULL),
(233, 98, '03', 'Viva-LS-03', 'from upload', 0, 1, 'Admin', 0, '2022-08-20 06:49:13', NULL),
(234, 98, '07', 'Viva-LS-07', 'from upload', 0, 1, 'Admin', 0, '2022-08-20 06:49:13', NULL),
(235, 98, '09', 'Viva-LS-09', 'from upload', 0, 1, 'Admin', 0, '2022-08-20 06:49:13', NULL),
(236, 98, '10', 'Viva-LS-10', 'from upload', 0, 1, 'Admin', 0, '2022-08-20 06:49:13', NULL),
(237, 98, '12', 'Viva-LS-12', 'from upload', 0, 1, 'Admin', 0, '2022-08-20 06:49:13', NULL),
(238, 98, '13', 'Viva-LS-13', 'from upload', 0, 1, 'Admin', 0, '2022-08-20 06:49:13', NULL),
(239, 98, '19', 'Viva-LS-19', 'from upload', 0, 1, 'Admin', 0, '2022-08-20 06:49:13', NULL),
(240, 98, '20', 'Viva-LS-20', 'from upload', 0, 1, 'Admin', 0, '2022-08-20 06:49:13', NULL),
(241, 98, '21', 'Viva-LS-21', 'from upload', 0, 1, 'Admin', 0, '2022-08-20 06:49:13', NULL),
(242, 98, '22', 'Viva-LS-22', 'from upload', 0, 1, 'Admin', 0, '2022-08-20 06:49:13', NULL),
(243, 98, '23', 'Viva-LS-23', 'from upload', 0, 1, 'Admin', 0, '2022-08-20 06:49:13', NULL),
(244, 98, '33', 'Viva-LS-33', 'from upload', 0, 1, 'Admin', 0, '2022-08-20 06:49:13', NULL),
(245, 99, '701', 'Viva-LPM-701', 'from upload', 0, 1, 'Admin', 0, '2022-08-20 06:49:13', NULL),
(246, 99, '702', 'Viva-LPM-702', 'from upload', 0, 1, 'Admin', 0, '2022-08-20 06:49:13', NULL),
(247, 99, '703', 'Viva-LPM-703', 'from upload', 0, 1, 'Admin', 0, '2022-08-20 06:49:13', NULL),
(248, 99, '704', 'Viva-LPM-704', 'from upload', 0, 1, 'Admin', 0, '2022-08-20 06:49:13', NULL),
(249, 99, '705', 'Viva-LPM-705', 'from upload', 0, 1, 'Admin', 0, '2022-08-20 06:49:13', NULL),
(250, 99, '706', 'Viva-LPM-706', 'from upload', 0, 1, 'Admin', 0, '2022-08-20 06:49:13', NULL),
(251, 99, '707', 'Viva-LPM-707', 'from upload', 0, 1, 'Admin', 0, '2022-08-20 06:49:13', NULL),
(252, 99, '708', 'Viva-LPM-708', 'from upload', 0, 1, 'Admin', 0, '2022-08-20 06:49:13', NULL),
(253, 99, '709', 'Viva-LPM-709', 'from upload', 0, 1, 'Admin', 0, '2022-08-20 06:49:13', NULL),
(254, 99, '710', 'Viva-LPM-710', 'from upload', 0, 1, 'Admin', 0, '2022-08-20 06:49:13', NULL),
(255, 100, '201', 'Viva-LPS-201', 'from upload', 0, 1, 'Admin', 0, '2022-08-20 06:49:13', NULL),
(256, 100, '202', 'Viva-LPS-202', 'from upload', 0, 1, 'Admin', 0, '2022-08-20 06:49:13', NULL),
(257, 100, '203', 'Viva-LPS-203', 'from upload', 0, 1, 'Admin', 0, '2022-08-20 06:49:13', NULL),
(258, 100, '204', 'Viva-LPS-204', 'from upload', 0, 1, 'Admin', 0, '2022-08-20 06:49:13', NULL),
(259, 100, '205', 'Viva-LPS-205', 'from upload', 0, 1, 'Admin', 0, '2022-08-20 06:49:13', NULL),
(260, 100, '206', 'Viva-LPS-206', 'from upload', 0, 1, 'Admin', 0, '2022-08-20 06:49:13', NULL),
(261, 100, '207', 'Viva-LPS-207', 'from upload', 0, 1, 'Admin', 0, '2022-08-20 06:49:13', NULL),
(262, 100, '208', 'Viva-LPS-208', 'from upload', 0, 1, 'Admin', 0, '2022-08-20 06:49:13', NULL),
(263, 100, '209', 'Viva-LPS-209', 'from upload', 0, 1, 'Admin', 0, '2022-08-20 06:49:13', NULL),
(264, 101, 'Pidih, Lotho', 'Viva-PL', 'from upload', 0, 1, 'Admin', 0, '2022-08-20 06:49:13', NULL),
(265, 102, 'BLACK', 'Viva-BP-BLACK', 'from upload', 0, 1, 'Admin', 0, '2022-08-20 06:49:13', NULL),
(266, 102, 'WHITE', 'Viva-BP-WHITE', 'from upload', 0, 1, 'Admin', 0, '2022-08-20 06:49:13', NULL),
(267, 102, 'GREEN', 'Viva-BP-GREEN', 'from upload', 0, 1, 'Admin', 0, '2022-08-20 06:49:13', NULL),
(268, 102, 'RED', 'Viva-BP-RED', 'from upload', 0, 1, 'Admin', 0, '2022-08-20 06:49:13', NULL),
(269, 102, 'YELLOW', 'Viva-BP-YELLOW', 'from upload', 0, 1, 'Admin', 0, '2022-08-20 06:49:13', NULL),
(270, 103, 'Golden Age Essence', 'YOU-GAE', 'from upload', 0, 1, 'Admin', 0, '2022-08-20 06:49:13', NULL),
(271, 104, 'Golden Age Day 30 gram', 'YOU-GAD3g', 'from upload', 0, 1, 'Admin', 0, '2022-08-20 06:49:13', NULL),
(272, 105, 'Golden Age Day 18 gram', 'YOU-GAD1g', 'from upload', 0, 1, 'Admin', 0, '2022-08-20 06:49:13', NULL),
(273, 106, 'Golden Age Night 30 gram', 'YOU-GAN3g', 'from upload', 0, 1, 'Admin', 0, '2022-08-20 06:49:13', NULL),
(274, 107, 'Golden Age Night 18 gram', 'YOU-GAN1g', 'from upload', 0, 1, 'Admin', 0, '2022-08-20 06:49:13', NULL),
(275, 108, 'Golden Age Serum 20 ml', 'YOU-GAS2m', 'from upload', 0, 1, 'Admin', 0, '2022-08-20 06:49:13', NULL),
(276, 109, 'Golden Age Facial Foam', 'YOU-GAFF', 'from upload', 0, 1, 'Admin', 0, '2022-08-20 06:49:13', NULL),
(277, 110, 'Golden Age Eye Cream', 'YOU-GAEC', 'from upload', 0, 1, 'Admin', 0, '2022-08-20 06:49:13', NULL),
(278, 111, 'The Radiance White Toner', 'YOU-TRWT', 'from upload', 0, 1, 'Admin', 0, '2022-08-20 06:49:13', NULL),
(279, 112, 'The Radiance Facial Foam', 'YOU-TRFF', 'from upload', 0, 1, 'Admin', 0, '2022-08-20 06:49:13', NULL),
(280, 113, 'The Radiance Day 30 gram', 'YOU-TRD3g', 'from upload', 0, 1, 'Admin', 0, '2022-08-20 06:49:13', NULL),
(281, 114, 'The Radiance Night 30 gram', 'YOU-TRN3g', 'from upload', 0, 1, 'Admin', 0, '2022-08-20 06:49:13', NULL),
(282, 115, 'The Radiance Serum 20 ml', 'YOU-TRS2m', 'from upload', 0, 1, 'Admin', 0, '2022-08-20 06:49:13', NULL),
(283, 116, 'Radiance Up Moist', 'YOU-RUM', 'from upload', 0, 1, 'Admin', 0, '2022-08-20 06:49:13', NULL),
(284, 117, 'Radiance Up Essence', 'YOU-RUE', 'from upload', 0, 1, 'Admin', 0, '2022-08-20 06:49:13', NULL),
(285, 118, 'Radiance Up Serum', 'YOU-RUS', 'from upload', 0, 1, 'Admin', 0, '2022-08-20 06:49:13', NULL),
(286, 119, '01 VANILLA', 'YOU-RBC-01 VANILLA', 'from upload', 0, 1, 'Admin', 0, '2022-08-20 06:49:13', NULL),
(287, 119, '02 ALMOND', 'YOU-RBC-02 ALMOND', 'from upload', 0, 1, 'Admin', 0, '2022-08-20 06:49:13', NULL),
(288, 119, '03 MOCHA', 'YOU-RBC-03 MOCHA', 'from upload', 0, 1, 'Admin', 0, '2022-08-20 06:49:13', NULL),
(289, 120, 'Advance Booster Serum Biomecera', 'YOU-ABSB', 'from upload', 0, 1, 'Admin', 0, '2022-08-20 06:49:13', NULL),
(290, 121, 'HYDRATE', 'YOU-SES-HYDRATE', 'from upload', 0, 1, 'Admin', 0, '2022-08-20 06:49:13', NULL),
(291, 121, 'BRIGHTEN', 'YOU-SES-BRIGHTEN', 'from upload', 0, 1, 'Admin', 0, '2022-08-20 06:49:13', NULL),
(292, 121, 'FIRM', 'YOU-SES-FIRM', 'from upload', 0, 1, 'Admin', 0, '2022-08-20 06:49:13', NULL),
(293, 121, 'BALANCE', 'YOU-SES-BALANCE', 'from upload', 0, 1, 'Admin', 0, '2022-08-20 06:49:13', NULL),
(294, 121, 'SOOTHE', 'YOU-SES-SOOTHE', 'from upload', 0, 1, 'Admin', 0, '2022-08-20 06:49:13', NULL),
(295, 122, 'OIL', 'YOU-HA-OIL', 'from upload', 0, 1, 'Admin', 0, '2022-08-20 06:49:13', NULL),
(296, 122, 'WOW-TERRY', 'YOU-HA-WOW-TERRY', 'from upload', 0, 1, 'Admin', 0, '2022-08-20 06:49:13', NULL),
(297, 122, 'GLO-WIN', 'YOU-HA-GLO-WIN', 'from upload', 0, 1, 'Admin', 0, '2022-08-20 06:49:13', NULL),
(298, 122, 'AC-TTACK', 'YOU-HA-AC-TTACK', 'from upload', 0, 1, 'Admin', 0, '2022-08-20 06:49:13', NULL),
(299, 123, 'Dazzling Body Cream', 'YOU-DBC', 'from upload', 0, 1, 'Admin', 0, '2022-08-20 06:49:13', NULL),
(300, 124, 'Dazzling Tone Up', 'YOU-DTU', 'from upload', 0, 1, 'Admin', 0, '2022-08-20 06:49:13', NULL),
(301, 125, 'Dazzling Day 40 gram', 'YOU-DD4g', 'from upload', 0, 1, 'Admin', 0, '2022-08-20 06:49:13', NULL),
(302, 126, 'Dazzling Day 20 gram', 'YOU-DD2g', 'from upload', 0, 1, 'Admin', 0, '2022-08-20 06:49:13', NULL),
(303, 127, 'Dazzling Night 40 gram', 'YOU-DN4g', 'from upload', 0, 1, 'Admin', 0, '2022-08-20 06:49:13', NULL),
(304, 128, 'Dazzling Night 20 gram', 'YOU-DN2g', 'from upload', 0, 1, 'Admin', 0, '2022-08-20 06:49:13', NULL),
(305, 129, 'Dazzling Toner', 'YOU-DT', 'from upload', 0, 1, 'Admin', 0, '2022-08-20 06:49:13', NULL),
(306, 130, 'Dazzling Facial Foam', 'YOU-DFF', 'from upload', 0, 1, 'Admin', 0, '2022-08-20 06:49:13', NULL),
(307, 131, 'RICE ACE', 'YOU-SM-RICE ACE', 'from upload', 0, 1, 'Admin', 0, '2022-08-20 06:49:13', NULL),
(308, 131, 'CUCUMBER ACE', 'YOU-SM-CUCUMBER ACE', 'from upload', 0, 1, 'Admin', 0, '2022-08-20 06:49:13', NULL),
(309, 132, 'GREENTEA', 'YOU-CM-GREENTEA', 'from upload', 0, 1, 'Admin', 0, '2022-08-20 06:49:13', NULL),
(310, 132, 'PUMPKIN', 'YOU-CM-PUMPKIN', 'from upload', 0, 1, 'Admin', 0, '2022-08-20 06:49:13', NULL),
(311, 133, 'Lashboom Ultra Volume Mascara', 'YOU-LUVM', 'from upload', 0, 1, 'Admin', 0, '2022-08-20 06:49:13', NULL),
(312, 134, 'Lashtension Mascara', 'YOU-LM', 'from upload', 0, 1, 'Admin', 0, '2022-08-20 06:49:13', NULL),
(313, 135, 'Ink Black Liquid Liner', 'YOU-IBLL', 'from upload', 0, 1, 'Admin', 0, '2022-08-20 06:49:13', NULL),
(314, 136, 'Stay All Day Liner', 'YOU-SADL', 'from upload', 0, 1, 'Admin', 0, '2022-08-20 06:49:13', NULL),
(315, 137, 'Express Point Liner', 'YOU-EPL', 'from upload', 0, 1, 'Admin', 0, '2022-08-20 06:49:13', NULL),
(316, 138, 'Eyeliner Pen', 'YOU-EP', 'from upload', 0, 1, 'Admin', 0, '2022-08-20 06:49:13', NULL),
(317, 139, '01', 'YOU-SFP-01', 'from upload', 0, 1, 'Admin', 0, '2022-08-20 06:49:13', NULL),
(318, 139, '02', 'YOU-SFP-02', 'from upload', 0, 1, 'Admin', 0, '2022-08-20 06:49:13', NULL),
(319, 139, '03', 'YOU-SFP-03', 'from upload', 0, 1, 'Admin', 0, '2022-08-20 06:49:13', NULL),
(320, 140, 'LOVE LADY', 'YOU-SFPI-LOVE LADY', 'from upload', 0, 1, 'Admin', 0, '2022-08-20 06:49:13', NULL),
(321, 140, 'PERLY WHITE', 'YOU-SFPI-PERLY WHITE', 'from upload', 0, 1, 'Admin', 0, '2022-08-20 06:49:13', NULL),
(322, 140, 'QUEEN', 'YOU-SFPI-QUEEN', 'from upload', 0, 1, 'Admin', 0, '2022-08-20 06:49:13', NULL),
(323, 141, 'Simplicity Eyeliner', 'YOU-SE', 'from upload', 0, 1, 'Admin', 0, '2022-08-20 06:49:13', NULL),
(324, 142, '01', 'YOU-SLC-01', 'from upload', 0, 1, 'Admin', 0, '2022-08-20 06:49:13', NULL),
(325, 142, '02', 'YOU-SLC-02', 'from upload', 0, 1, 'Admin', 0, '2022-08-20 06:49:13', NULL),
(326, 142, '03', 'YOU-SLC-03', 'from upload', 0, 1, 'Admin', 0, '2022-08-20 06:49:13', NULL),
(327, 142, '04', 'YOU-SLC-04', 'from upload', 0, 1, 'Admin', 0, '2022-08-20 06:49:13', NULL),
(328, 142, '05', 'YOU-SLC-05', 'from upload', 0, 1, 'Admin', 0, '2022-08-20 06:49:13', NULL),
(329, 143, '01', 'YOU-SLT-01', 'from upload', 0, 1, 'Admin', 0, '2022-08-20 06:49:13', NULL),
(330, 143, '02', 'YOU-SLT-02', 'from upload', 0, 1, 'Admin', 0, '2022-08-20 06:49:13', NULL),
(331, 143, '03', 'YOU-SLT-03', 'from upload', 0, 1, 'Admin', 0, '2022-08-20 06:49:13', NULL),
(332, 143, '04', 'YOU-SLT-04', 'from upload', 0, 1, 'Admin', 0, '2022-08-20 06:49:13', NULL),
(333, 144, '01', 'YOU-SBO-01', 'from upload', 0, 1, 'Admin', 0, '2022-08-20 06:49:13', NULL),
(334, 144, '02', 'YOU-SBO-02', 'from upload', 0, 1, 'Admin', 0, '2022-08-20 06:49:13', NULL),
(335, 144, '03', 'YOU-SBO-03', 'from upload', 0, 1, 'Admin', 0, '2022-08-20 06:49:13', NULL),
(336, 144, '04', 'YOU-SBO-04', 'from upload', 0, 1, 'Admin', 0, '2022-08-20 06:49:13', NULL),
(337, 144, '05', 'YOU-SBO-05', 'from upload', 0, 1, 'Admin', 0, '2022-08-20 06:49:13', NULL),
(338, 145, '01', 'YOU-SH-01', 'from upload', 0, 1, 'Admin', 0, '2022-08-20 06:49:13', NULL),
(339, 145, '02', 'YOU-SH-02', 'from upload', 0, 1, 'Admin', 0, '2022-08-20 06:49:13', NULL),
(340, 145, '02', 'YOU-SH-02', 'from upload', 0, 1, 'Admin', 0, '2022-08-20 06:49:13', NULL),
(341, 146, '01', 'YOU-SC-01', 'from upload', 0, 1, 'Admin', 0, '2022-08-20 06:49:13', NULL),
(342, 146, '02', 'YOU-SC-02', 'from upload', 0, 1, 'Admin', 0, '2022-08-20 06:49:13', NULL),
(343, 146, '03', 'YOU-SC-03', 'from upload', 0, 1, 'Admin', 0, '2022-08-20 06:49:13', NULL),
(344, 147, '02', 'YOU-SSB-02', 'from upload', 0, 1, 'Admin', 0, '2022-08-20 06:49:13', NULL),
(345, 147, '03', 'YOU-SSB-03', 'from upload', 0, 1, 'Admin', 0, '2022-08-20 06:49:13', NULL),
(346, 148, 'NUDE PINK', 'YOU-NPP-NUDE PINK', 'from upload', 0, 1, 'Admin', 0, '2022-08-20 06:49:13', NULL),
(347, 148, 'WARM IVORY', 'YOU-NPP-WARM IVORY', 'from upload', 0, 1, 'Admin', 0, '2022-08-20 06:49:13', NULL),
(348, 148, 'MEDIUM BEIGE', 'YOU-NPP-MEDIUM BEIGE', 'from upload', 0, 1, 'Admin', 0, '2022-08-20 06:49:13', NULL),
(349, 148, 'YELLOW BEIGE', 'YOU-NPP-YELLOW BEIGE', 'from upload', 0, 1, 'Admin', 0, '2022-08-20 06:49:13', NULL),
(350, 149, 'NUDE PINK', 'YOU-NVLF-NUDE PINK', 'from upload', 0, 1, 'Admin', 0, '2022-08-20 06:49:13', NULL),
(351, 149, 'WARM IVORY', 'YOU-NVLF-WARM IVORY', 'from upload', 0, 1, 'Admin', 0, '2022-08-20 06:49:13', NULL),
(352, 149, 'MEDIUM BEIGE', 'YOU-NVLF-MEDIUM BEIGE', 'from upload', 0, 1, 'Admin', 0, '2022-08-20 06:49:13', NULL),
(353, 149, 'YELLOW BEIGE', 'YOU-NVLF-YELLOW BEIGE', 'from upload', 0, 1, 'Admin', 0, '2022-08-20 06:49:13', NULL),
(354, 150, 'NATURAL BUFF', 'YOU-NLP-NATURAL BUFF', 'from upload', 0, 1, 'Admin', 0, '2022-08-20 06:49:13', NULL),
(355, 150, 'SHELL BEIGE', 'YOU-NLP-SHELL BEIGE', 'from upload', 0, 1, 'Admin', 0, '2022-08-20 06:49:13', NULL),
(356, 150, 'CLASSIC IVORY', 'YOU-NLP-CLASSIC IVORY', 'from upload', 0, 1, 'Admin', 0, '2022-08-20 06:49:13', NULL),
(357, 151, 'LIGHT', 'YOU-NCCC-LIGHT', 'from upload', 0, 1, 'Admin', 0, '2022-08-20 06:49:13', NULL),
(358, 151, 'MEDIUM', 'YOU-NCCC-MEDIUM', 'from upload', 0, 1, 'Admin', 0, '2022-08-20 06:49:13', NULL),
(359, 151, 'RICH', 'YOU-NCCC-RICH', 'from upload', 0, 1, 'Admin', 0, '2022-08-20 06:49:13', NULL),
(360, 152, 'Nutriwear Stay Look Mist', 'YOU-NSLM', 'from upload', 0, 1, 'Admin', 0, '2022-08-20 06:49:13', NULL),
(361, 153, '02 CHOCO', 'YOU-PDBM-02 CHOCO', 'from upload', 0, 1, 'Admin', 0, '2022-08-20 06:49:13', NULL),
(362, 153, '03 DARK BROWN', 'YOU-PDBM-03 DARK BROWN', 'from upload', 0, 1, 'Admin', 0, '2022-08-20 06:49:13', NULL),
(363, 154, 'Drama Queen Ell Pen', 'YOU-DQEP', 'from upload', 0, 1, 'Admin', 0, '2022-08-20 06:49:13', NULL),
(364, 155, 'LIGHT', 'YOU-CLP-LIGHT', 'from upload', 0, 1, 'Admin', 0, '2022-08-20 06:49:13', NULL),
(365, 155, 'NATURAL', 'YOU-CLP-NATURAL', 'from upload', 0, 1, 'Admin', 0, '2022-08-20 06:49:13', NULL),
(366, 156, 'SMOOKY', 'YOU-PES-SMOOKY', 'from upload', 0, 1, 'Admin', 0, '2022-08-20 06:49:13', NULL),
(367, 156, 'NUDE', 'YOU-PES-NUDE', 'from upload', 0, 1, 'Admin', 0, '2022-08-20 06:49:13', NULL),
(368, 156, 'BLOSSOM', 'YOU-PES-BLOSSOM', 'from upload', 0, 1, 'Admin', 0, '2022-08-20 06:49:13', NULL),
(369, 156, 'MAPLE', 'YOU-PES-MAPLE', 'from upload', 0, 1, 'Admin', 0, '2022-08-20 06:49:13', NULL),
(370, 157, 'BRIGHT', 'YOU-SFW-BRIGHT', 'from upload', 0, 1, 'Admin', 0, '2022-08-20 06:49:13', NULL),
(371, 157, 'FRESH', 'YOU-SFW-FRESH', 'from upload', 0, 1, 'Admin', 0, '2022-08-20 06:49:13', NULL),
(372, 158, 'Prebiotic Micellar Water 110ML', 'YOU-PMW1', 'from upload', 0, 1, 'Admin', 0, '2022-08-20 06:49:13', NULL),
(373, 159, 'HONEY & ROSE', 'YOU-PBSM-HONEY & ROSE', 'from upload', 0, 1, 'Admin', 0, '2022-08-20 06:49:13', NULL),
(374, 159, 'CACTUS&KIWI', 'YOU-PBSM-CACTUS&KIWI', 'from upload', 0, 1, 'Admin', 0, '2022-08-20 06:49:13', NULL),
(375, 159, 'LOTUS&CUCUMBER', 'YOU-PBSM-LOTUS&CUCUMBER', 'from upload', 0, 1, 'Admin', 0, '2022-08-20 06:49:13', NULL),
(376, 159, 'AVOCADO&MARIGOLD', 'YOU-PBSM-AVOCADO&MARIGOLD', 'from upload', 0, 1, 'Admin', 0, '2022-08-20 06:49:13', NULL),
(377, 159, 'CAMELIA POMEGRANADE', 'YOU-PBSM-CAMELIA POMEGRANADE', 'from upload', 0, 1, 'Admin', 0, '2022-08-20 06:49:13', NULL),
(378, 159, 'MAGNOLIA&LEMON', 'YOU-PBSM-MAGNOLIA&LEMON', 'from upload', 0, 1, 'Admin', 0, '2022-08-20 06:49:13', NULL),
(379, 159, 'CHAMOMILE STRAWBERRY', 'YOU-PBSM-CHAMOMILE STRAWBERRY', 'from upload', 0, 1, 'Admin', 0, '2022-08-20 06:49:13', NULL),
(380, 160, 'The Skin Matte Face Mask', 'YOU-TSMFM', 'from upload', 0, 1, 'Admin', 0, '2022-08-20 06:49:13', NULL),
(381, 161, 'Acne Facial Foam', 'YOU-AFF', 'from upload', 0, 1, 'Admin', 0, '2022-08-20 06:49:13', NULL),
(382, 162, 'Acne Toner', 'YOU-AT', 'from upload', 0, 1, 'Admin', 0, '2022-08-20 06:49:13', NULL),
(383, 163, 'Acne Moist', 'YOU-AM', 'from upload', 0, 1, 'Admin', 0, '2022-08-20 06:49:13', NULL),
(384, 164, 'Acne Spot Care', 'YOU-ASC', 'from upload', 0, 1, 'Admin', 0, '2022-08-20 06:49:13', NULL),
(385, 165, 'Acne Serum', 'YOU-AS', 'from upload', 0, 1, 'Admin', 0, '2022-08-20 06:49:13', NULL),
(386, 166, 'Tone Up UV Elixir SPF 50+ PA+++', 'YOU-TUUES5P', 'from upload', 0, 1, 'Admin', 0, '2022-08-20 06:49:13', NULL),
(387, 167, 'Triple UV Elixir 50+ PA+++', 'YOU-TUE5P', 'from upload', 0, 1, 'Admin', 0, '2022-08-20 06:49:13', NULL),
(388, 168, 'CHIC', 'YOU-RVL-CHIC', 'from upload', 0, 1, 'Admin', 0, '2022-08-20 06:49:13', NULL),
(389, 168, 'NAKED', 'YOU-RVL-NAKED', 'from upload', 0, 1, 'Admin', 0, '2022-08-20 06:49:13', NULL),
(390, 168, 'CHARMING', 'YOU-RVL-CHARMING', 'from upload', 0, 1, 'Admin', 0, '2022-08-20 06:49:13', NULL),
(391, 168, 'KELLY', 'YOU-RVL-KELLY', 'from upload', 0, 1, 'Admin', 0, '2022-08-20 06:49:13', NULL),
(392, 168, 'CALLA', 'YOU-RVL-CALLA', 'from upload', 0, 1, 'Admin', 0, '2022-08-20 06:49:13', NULL),
(393, 168, 'CHOCO', 'YOU-RVL-CHOCO', 'from upload', 0, 1, 'Admin', 0, '2022-08-20 06:49:13', NULL),
(394, 168, 'VALENTINE', 'YOU-RVL-VALENTINE', 'from upload', 0, 1, 'Admin', 0, '2022-08-20 06:49:13', NULL),
(395, 168, 'PEACH', 'YOU-RVL-PEACH', 'from upload', 0, 1, 'Admin', 0, '2022-08-20 06:49:13', NULL),
(396, 168, 'LATTE', 'YOU-RVL-LATTE', 'from upload', 0, 1, 'Admin', 0, '2022-08-20 06:49:13', NULL),
(397, 168, 'LACE', 'YOU-RVL-LACE', 'from upload', 0, 1, 'Admin', 0, '2022-08-20 06:49:13', NULL),
(398, 168, 'HONEY', 'YOU-RVL-HONEY', 'from upload', 0, 1, 'Admin', 0, '2022-08-20 06:49:13', NULL),
(399, 169, 'KINDNESS', 'YOU-RP-KINDNESS', 'from upload', 0, 1, 'Admin', 0, '2022-08-20 06:49:13', NULL),
(400, 169, 'ALERT', 'YOU-RP-ALERT', 'from upload', 0, 1, 'Admin', 0, '2022-08-20 06:49:13', NULL),
(401, 169, 'PASSION', 'YOU-RP-PASSION', 'from upload', 0, 1, 'Admin', 0, '2022-08-20 06:49:13', NULL),
(402, 169, 'WHISPER', 'YOU-RP-WHISPER', 'from upload', 0, 1, 'Admin', 0, '2022-08-20 06:49:13', NULL),
(403, 169, 'RELEASE', 'YOU-RP-RELEASE', 'from upload', 0, 1, 'Admin', 0, '2022-08-20 06:49:13', NULL),
(404, 170, 'SCARLETT', 'YOU-SML-SCARLETT', 'from upload', 0, 1, 'Admin', 0, '2022-08-20 06:49:13', NULL),
(405, 170, 'KELLY', 'YOU-SML-KELLY', 'from upload', 0, 1, 'Admin', 0, '2022-08-20 06:49:13', NULL),
(406, 170, 'CALLA', 'YOU-SML-CALLA', 'from upload', 0, 1, 'Admin', 0, '2022-08-20 06:49:13', NULL),
(407, 170, 'CHOCO', 'YOU-SML-CHOCO', 'from upload', 0, 1, 'Admin', 0, '2022-08-20 06:49:13', NULL),
(408, 170, 'TULIPE', 'YOU-SML-TULIPE', 'from upload', 0, 1, 'Admin', 0, '2022-08-20 06:49:13', NULL),
(409, 170, 'MIDNIGHT', 'YOU-SML-MIDNIGHT', 'from upload', 0, 1, 'Admin', 0, '2022-08-20 06:49:13', NULL),
(410, 170, 'RUBY', 'YOU-SML-RUBY', 'from upload', 0, 1, 'Admin', 0, '2022-08-20 06:49:13', NULL),
(411, 170, 'ROSE WOOD CINAMON', 'YOU-SML-ROSE WOOD CINAMON', 'from upload', 0, 1, 'Admin', 0, '2022-08-20 06:49:13', NULL),
(412, 170, 'DAHLIA ROZE', 'YOU-SML-DAHLIA ROZE', 'from upload', 0, 1, 'Admin', 0, '2022-08-20 06:49:13', NULL),
(413, 170, 'HAZEL', 'YOU-SML-HAZEL', 'from upload', 0, 1, 'Admin', 0, '2022-08-20 06:49:13', NULL),
(414, 171, 'KELLY', 'YOU-SL-KELLY', 'from upload', 0, 1, 'Admin', 0, '2022-08-20 06:49:13', NULL),
(415, 171, 'HAZEL', 'YOU-SL-HAZEL', 'from upload', 0, 1, 'Admin', 0, '2022-08-20 06:49:13', NULL),
(416, 171, 'CALLA', 'YOU-SL-CALLA', 'from upload', 0, 1, 'Admin', 0, '2022-08-20 06:49:13', NULL),
(417, 171, 'CHOCO', 'YOU-SL-CHOCO', 'from upload', 0, 1, 'Admin', 0, '2022-08-20 06:49:13', NULL),
(418, 171, 'RUBY', 'YOU-SL-RUBY', 'from upload', 0, 1, 'Admin', 0, '2022-08-20 06:49:13', NULL),
(419, 172, 'SOPHICATED', 'YOU-LL-SOPHICATED', 'from upload', 0, 1, 'Admin', 0, '2022-08-20 06:49:13', NULL),
(420, 172, 'AURORA', 'YOU-LL-AURORA', 'from upload', 0, 1, 'Admin', 0, '2022-08-20 06:49:13', NULL),
(421, 172, 'ENCHARTED', 'YOU-LL-ENCHARTED', 'from upload', 0, 1, 'Admin', 0, '2022-08-20 06:49:13', NULL),
(422, 173, 'ROSY MAUVE', 'YOU-CL-ROSY MAUVE', 'from upload', 0, 1, 'Admin', 0, '2022-08-20 06:49:13', NULL),
(423, 173, 'NUDE TANGERINE', 'YOU-CL-NUDE TANGERINE', 'from upload', 0, 1, 'Admin', 0, '2022-08-20 06:49:13', NULL),
(424, 173, 'HONEY CRUSH', 'YOU-CL-HONEY CRUSH', 'from upload', 0, 1, 'Admin', 0, '2022-08-20 06:49:13', NULL),
(425, 173, 'DELICATE PINK', 'YOU-CL-DELICATE PINK', 'from upload', 0, 1, 'Admin', 0, '2022-08-20 06:49:13', NULL),
(426, 174, '01', 'YOU-CGttB-01', 'from upload', 0, 1, 'Admin', 0, '2022-08-20 06:49:13', NULL),
(427, 174, '02', 'YOU-CGttB-02', 'from upload', 0, 1, 'Admin', 0, '2022-08-20 06:49:13', NULL),
(428, 175, '01', 'YOU-FTWC-01', 'from upload', 0, 1, 'Admin', 0, '2022-08-20 06:49:13', NULL),
(429, 175, '02', 'YOU-FTWC-02', 'from upload', 0, 1, 'Admin', 0, '2022-08-20 06:49:13', NULL),
(430, 175, '03', 'YOU-FTWC-03', 'from upload', 0, 1, 'Admin', 0, '2022-08-20 06:49:13', NULL),
(431, 176, '01', 'YOU-EFC-01', 'from upload', 0, 1, 'Admin', 0, '2022-08-20 06:49:13', NULL),
(432, 176, '02', 'YOU-EFC-02', 'from upload', 0, 1, 'Admin', 0, '2022-08-20 06:49:13', NULL),
(433, 176, '03', 'YOU-EFC-03', 'from upload', 0, 1, 'Admin', 0, '2022-08-20 06:49:13', NULL),
(434, 177, '02', 'YOU-DES-02', 'from upload', 0, 1, 'Admin', 0, '2022-08-20 06:49:13', NULL),
(435, 177, '03', 'YOU-DES-03', 'from upload', 0, 1, 'Admin', 0, '2022-08-20 06:49:13', NULL),
(436, 178, 'C21', 'Make-Over-PMBC-C21', 'from upload', 0, 1, 'Admin', 0, '2022-08-20 06:49:13', NULL),
(437, 178, 'N10', 'Make-Over-PMBC-N10', 'from upload', 0, 1, 'Admin', 0, '2022-08-20 06:49:13', NULL),
(438, 178, 'N20', 'Make-Over-PMBC-N20', 'from upload', 0, 1, 'Admin', 0, '2022-08-20 06:49:13', NULL),
(439, 178, 'N30', 'Make-Over-PMBC-N30', 'from upload', 0, 1, 'Admin', 0, '2022-08-20 06:49:13', NULL),
(440, 178, 'W22', 'Make-Over-PMBC-W22', 'from upload', 0, 1, 'Admin', 0, '2022-08-20 06:49:13', NULL),
(441, 179, 'C21', 'Make-Over-PMBCR-C21', 'from upload', 0, 1, 'Admin', 0, '2022-08-20 06:49:13', NULL),
(442, 179, 'N10', 'Make-Over-PMBCR-N10', 'from upload', 0, 1, 'Admin', 0, '2022-08-20 06:49:13', NULL),
(443, 179, 'N20', 'Make-Over-PMBCR-N20', 'from upload', 0, 1, 'Admin', 0, '2022-08-20 06:49:13', NULL),
(444, 179, 'N30', 'Make-Over-PMBCR-N30', 'from upload', 0, 1, 'Admin', 0, '2022-08-20 06:49:13', NULL),
(445, 179, 'W22', 'Make-Over-PMBCR-W22', 'from upload', 0, 1, 'Admin', 0, '2022-08-20 06:49:13', NULL),
(446, 180, 'C21', 'Make-Over-PMPF(-C21', 'from upload', 0, 1, 'Admin', 0, '2022-08-20 06:49:13', NULL),
(447, 180, 'N10', 'Make-Over-PMPF(-N10', 'from upload', 0, 1, 'Admin', 0, '2022-08-20 06:49:13', NULL),
(448, 180, 'N20', 'Make-Over-PMPF(-N20', 'from upload', 0, 1, 'Admin', 0, '2022-08-20 06:49:13', NULL),
(449, 180, 'N30', 'Make-Over-PMPF(-N30', 'from upload', 0, 1, 'Admin', 0, '2022-08-20 06:49:13', NULL),
(450, 180, 'W22', 'Make-Over-PMPF(-W22', 'from upload', 0, 1, 'Admin', 0, '2022-08-20 06:49:13', NULL),
(451, 181, 'Powerstay Ultra Glow Highlighter', 'Make-Over-PUGH', 'from upload', 0, 1, 'Admin', 0, '2022-08-20 06:49:13', NULL),
(452, 182, 'W22', 'Make-Over-PLF-W22', 'from upload', 0, 1, 'Admin', 0, '2022-08-20 06:49:13', NULL),
(453, 182, 'C21', 'Make-Over-PLF-C21', 'from upload', 0, 1, 'Admin', 0, '2022-08-20 06:49:13', NULL),
(454, 182, 'W33', 'Make-Over-PLF-W33', 'from upload', 0, 1, 'Admin', 0, '2022-08-20 06:49:13', NULL),
(455, 182, 'N10', 'Make-Over-PLF-N10', 'from upload', 0, 1, 'Admin', 0, '2022-08-20 06:49:13', NULL),
(456, 183, 'Powerstay Liquid Concealer', 'Make-Over-PLC', 'from upload', 0, 1, 'Admin', 0, '2022-08-20 06:49:13', NULL),
(457, 184, 'B01', 'Make-Over-PTPMLC-B01', 'from upload', 0, 1, 'Admin', 0, '2022-08-20 06:49:13', NULL),
(458, 184, 'B02', 'Make-Over-PTPMLC-B02', 'from upload', 0, 1, 'Admin', 0, '2022-08-20 06:49:13', NULL),
(459, 184, 'B03', 'Make-Over-PTPMLC-B03', 'from upload', 0, 1, 'Admin', 0, '2022-08-20 06:49:13', NULL),
(460, 184, 'B04', 'Make-Over-PTPMLC-B04', 'from upload', 0, 1, 'Admin', 0, '2022-08-20 06:49:13', NULL),
(461, 184, 'B05', 'Make-Over-PTPMLC-B05', 'from upload', 0, 1, 'Admin', 0, '2022-08-20 06:49:13', NULL),
(462, 184, 'B06', 'Make-Over-PTPMLC-B06', 'from upload', 0, 1, 'Admin', 0, '2022-08-20 06:49:13', NULL),
(463, 184, 'B07', 'Make-Over-PTPMLC-B07', 'from upload', 0, 1, 'Admin', 0, '2022-08-20 06:49:13', NULL),
(464, 184, 'B08', 'Make-Over-PTPMLC-B08', 'from upload', 0, 1, 'Admin', 0, '2022-08-20 06:49:13', NULL),
(465, 185, '01', 'Make-Over-TP-01', 'from upload', 0, 1, 'Admin', 0, '2022-08-20 06:49:13', NULL),
(466, 185, '02', 'Make-Over-TP-02', 'from upload', 0, 1, 'Admin', 0, '2022-08-20 06:49:13', NULL),
(467, 185, '03', 'Make-Over-TP-03', 'from upload', 0, 1, 'Admin', 0, '2022-08-20 06:49:13', NULL),
(468, 185, '04', 'Make-Over-TP-04', 'from upload', 0, 1, 'Admin', 0, '2022-08-20 06:49:13', NULL),
(469, 186, '01', 'Make-Over-TR-01', 'from upload', 0, 1, 'Admin', 0, '2022-08-20 06:49:13', NULL),
(470, 186, '02', 'Make-Over-TR-02', 'from upload', 0, 1, 'Admin', 0, '2022-08-20 06:49:13', NULL),
(471, 186, '03', 'Make-Over-TR-03', 'from upload', 0, 1, 'Admin', 0, '2022-08-20 06:49:13', NULL),
(472, 186, '04', 'Make-Over-TR-04', 'from upload', 0, 1, 'Admin', 0, '2022-08-20 06:49:13', NULL),
(473, 187, '01', 'Make-Over-BB-01', 'from upload', 0, 1, 'Admin', 0, '2022-08-20 06:49:13', NULL),
(474, 187, '02', 'Make-Over-BB-02', 'from upload', 0, 1, 'Admin', 0, '2022-08-20 06:49:13', NULL),
(475, 187, '03', 'Make-Over-BB-03', 'from upload', 0, 1, 'Admin', 0, '2022-08-20 06:49:13', NULL),
(476, 187, '04', 'Make-Over-BB-04', 'from upload', 0, 1, 'Admin', 0, '2022-08-20 06:49:13', NULL),
(477, 188, '01', 'Make-Over-BT-01', 'from upload', 0, 1, 'Admin', 0, '2022-08-20 06:49:13', NULL),
(478, 188, '02', 'Make-Over-BT-02', 'from upload', 0, 1, 'Admin', 0, '2022-08-20 06:49:13', NULL),
(479, 188, '03', 'Make-Over-BT-03', 'from upload', 0, 1, 'Admin', 0, '2022-08-20 06:49:13', NULL),
(480, 188, '04', 'Make-Over-BT-04', 'from upload', 0, 1, 'Admin', 0, '2022-08-20 06:49:13', NULL),
(481, 189, '01', 'Make-Over-LFUC-01', 'from upload', 0, 1, 'Admin', 0, '2022-08-20 06:49:13', NULL),
(482, 189, '02', 'Make-Over-LFUC-02', 'from upload', 0, 1, 'Admin', 0, '2022-08-20 06:49:13', NULL),
(483, 189, '03', 'Make-Over-LFUC-03', 'from upload', 0, 1, 'Admin', 0, '2022-08-20 06:49:13', NULL),
(484, 189, '04', 'Make-Over-LFUC-04', 'from upload', 0, 1, 'Admin', 0, '2022-08-20 06:49:13', NULL),
(485, 190, 'Hydration Serum', 'Make-Over-HS', 'from upload', 0, 1, 'Admin', 0, '2022-08-20 06:49:13', NULL),
(486, 191, 'GREEN', 'Make-Over-CBMU-GREEN', 'from upload', 0, 1, 'Admin', 0, '2022-08-20 06:49:13', NULL),
(487, 191, 'PURPLE', 'Make-Over-CBMU-PURPLE', 'from upload', 0, 1, 'Admin', 0, '2022-08-20 06:49:13', NULL),
(488, 192, 'Concealer Padat', 'Make-Over-CP', 'from upload', 0, 1, 'Admin', 0, '2022-08-20 06:49:13', NULL),
(489, 193, 'GOLDEN EXPRESS', 'Make-Over-ES-GOLDEN EXPRESS', 'from upload', 0, 1, 'Admin', 0, '2022-08-20 06:49:13', NULL),
(490, 193, 'EMPEROR BROWN', 'Make-Over-ES-EMPEROR BROWN', 'from upload', 0, 1, 'Admin', 0, '2022-08-20 06:49:13', NULL),
(491, 193, 'IRDIAN SUMMER', 'Make-Over-ES-IRDIAN SUMMER', 'from upload', 0, 1, 'Admin', 0, '2022-08-20 06:49:13', NULL),
(492, 193, 'NATURAL NUDE', 'Make-Over-ES-NATURAL NUDE', 'from upload', 0, 1, 'Admin', 0, '2022-08-20 06:49:13', NULL),
(493, 194, '01', 'Make-Over-BO-01', 'from upload', 0, 1, 'Admin', 0, '2022-08-20 06:49:13', NULL),
(494, 194, '02', 'Make-Over-BO-02', 'from upload', 0, 1, 'Admin', 0, '2022-08-20 06:49:13', NULL),
(495, 194, '03', 'Make-Over-BO-03', 'from upload', 0, 1, 'Admin', 0, '2022-08-20 06:49:13', NULL),
(496, 194, '04', 'Make-Over-BO-04', 'from upload', 0, 1, 'Admin', 0, '2022-08-20 06:49:13', NULL),
(497, 194, '05', 'Make-Over-BO-05', 'from upload', 0, 1, 'Admin', 0, '2022-08-20 06:49:13', NULL);
INSERT INTO `product_variant` (`id`, `product_id`, `nama`, `variant_code`, `description`, `limit_reminder`, `is_active`, `user_modified`, `is_deleted`, `created_at`, `updated_at`) VALUES
(498, 194, '06', 'Make-Over-BO-06', 'from upload', 0, 1, 'Admin', 0, '2022-08-20 06:49:13', NULL),
(499, 194, '07', 'Make-Over-BO-07', 'from upload', 0, 1, 'Admin', 0, '2022-08-20 06:49:13', NULL),
(500, 194, '08', 'Make-Over-BO-08', 'from upload', 0, 1, 'Admin', 0, '2022-08-20 06:49:13', NULL),
(501, 194, '09', 'Make-Over-BO-09', 'from upload', 0, 1, 'Admin', 0, '2022-08-20 06:49:13', NULL),
(502, 194, '10', 'Make-Over-BO-10', 'from upload', 0, 1, 'Admin', 0, '2022-08-20 06:49:13', NULL),
(503, 195, 'Marbels Cheek', 'Make-Over-MC', 'from upload', 0, 1, 'Admin', 0, '2022-08-20 06:49:13', NULL),
(504, 196, 'Contour Kit', 'Make-Over-CK', 'from upload', 0, 1, 'Admin', 0, '2022-08-20 06:49:13', NULL),
(505, 197, '01', 'Make-Over-EK-01', 'from upload', 0, 1, 'Admin', 0, '2022-08-20 06:49:13', NULL),
(506, 197, '02', 'Make-Over-EK-02', 'from upload', 0, 1, 'Admin', 0, '2022-08-20 06:49:13', NULL),
(507, 197, '03', 'Make-Over-EK-03', 'from upload', 0, 1, 'Admin', 0, '2022-08-20 06:49:13', NULL),
(508, 198, '01', 'Make-Over-IMLC-01', 'from upload', 0, 1, 'Admin', 0, '2022-08-20 06:49:13', NULL),
(509, 198, '02', 'Make-Over-IMLC-02', 'from upload', 0, 1, 'Admin', 0, '2022-08-20 06:49:13', NULL),
(510, 198, '03', 'Make-Over-IMLC-03', 'from upload', 0, 1, 'Admin', 0, '2022-08-20 06:49:13', NULL),
(511, 198, '04', 'Make-Over-IMLC-04', 'from upload', 0, 1, 'Admin', 0, '2022-08-20 06:49:13', NULL),
(512, 198, '05', 'Make-Over-IMLC-05', 'from upload', 0, 1, 'Admin', 0, '2022-08-20 06:49:13', NULL),
(513, 198, '06', 'Make-Over-IMLC-06', 'from upload', 0, 1, 'Admin', 0, '2022-08-20 06:49:13', NULL),
(514, 198, '07', 'Make-Over-IMLC-07', 'from upload', 0, 1, 'Admin', 0, '2022-08-20 06:49:13', NULL),
(515, 198, '08', 'Make-Over-IMLC-08', 'from upload', 0, 1, 'Admin', 0, '2022-08-20 06:49:13', NULL),
(516, 198, '09', 'Make-Over-IMLC-09', 'from upload', 0, 1, 'Admin', 0, '2022-08-20 06:49:13', NULL),
(517, 198, '10', 'Make-Over-IMLC-10', 'from upload', 0, 1, 'Admin', 0, '2022-08-20 06:49:13', NULL),
(518, 198, '11', 'Make-Over-IMLC-11', 'from upload', 0, 1, 'Admin', 0, '2022-08-20 06:49:13', NULL),
(519, 198, '12', 'Make-Over-IMLC-12', 'from upload', 0, 1, 'Admin', 0, '2022-08-20 06:49:13', NULL),
(520, 198, '13', 'Make-Over-IMLC-13', 'from upload', 0, 1, 'Admin', 0, '2022-08-20 06:49:13', NULL),
(521, 198, '14', 'Make-Over-IMLC-14', 'from upload', 0, 1, 'Admin', 0, '2022-08-20 06:49:13', NULL),
(522, 198, '15', 'Make-Over-IMLC-15', 'from upload', 0, 1, 'Admin', 0, '2022-08-20 06:49:13', NULL),
(523, 198, '16', 'Make-Over-IMLC-16', 'from upload', 0, 1, 'Admin', 0, '2022-08-20 06:49:13', NULL),
(524, 198, '17', 'Make-Over-IMLC-17', 'from upload', 0, 1, 'Admin', 0, '2022-08-20 06:49:13', NULL),
(525, 198, '18', 'Make-Over-IMLC-18', 'from upload', 0, 1, 'Admin', 0, '2022-08-20 06:49:13', NULL),
(526, 198, '19', 'Make-Over-IMLC-19', 'from upload', 0, 1, 'Admin', 0, '2022-08-20 06:49:13', NULL),
(527, 198, '20', 'Make-Over-IMLC-20', 'from upload', 0, 1, 'Admin', 0, '2022-08-20 06:49:13', NULL),
(528, 199, '101', 'Make-Over-CSMC-101', 'from upload', 0, 1, 'Admin', 0, '2022-08-20 06:49:13', NULL),
(529, 199, '102', 'Make-Over-CSMC-102', 'from upload', 0, 1, 'Admin', 0, '2022-08-20 06:49:13', NULL),
(530, 199, '103', 'Make-Over-CSMC-103', 'from upload', 0, 1, 'Admin', 0, '2022-08-20 06:49:13', NULL),
(531, 199, '104', 'Make-Over-CSMC-104', 'from upload', 0, 1, 'Admin', 0, '2022-08-20 06:49:13', NULL),
(532, 199, '105', 'Make-Over-CSMC-105', 'from upload', 0, 1, 'Admin', 0, '2022-08-20 06:49:13', NULL),
(533, 200, 'BLACK', 'Make-Over-E-BLACK', 'from upload', 0, 1, 'Admin', 0, '2022-08-20 06:49:13', NULL),
(534, 200, 'BROWN', 'Make-Over-E-BROWN', 'from upload', 0, 1, 'Admin', 0, '2022-08-20 06:49:13', NULL),
(535, 201, 'BLACK', 'Make-Over-EP-BLACK', 'from upload', 0, 1, 'Admin', 0, '2022-08-20 06:49:13', NULL),
(536, 201, 'BROWN', 'Make-Over-EP-BROWN', 'from upload', 0, 1, 'Admin', 0, '2022-08-20 06:49:13', NULL),
(537, 201, 'WHITE', 'Make-Over-EP-WHITE', 'from upload', 0, 1, 'Admin', 0, '2022-08-20 06:49:13', NULL),
(538, 201, 'SILVER', 'Make-Over-EP-SILVER', 'from upload', 0, 1, 'Admin', 0, '2022-08-20 06:49:13', NULL),
(539, 202, 'Eyebrow Cair', 'Make-Over-EC', 'from upload', 0, 1, 'Admin', 0, '2022-08-20 06:49:13', NULL),
(540, 193, 'Eyebrow Spidol', 'Make-Over-ES', 'from upload', 0, 1, 'Admin', 0, '2022-08-20 06:49:13', NULL),
(541, 204, 'Mascara', 'Make-Over-M', 'from upload', 0, 1, 'Admin', 0, '2022-08-20 06:49:13', NULL),
(542, 205, 'Sparkling Powder', 'Make-Over-SP', 'from upload', 0, 1, 'Admin', 0, '2022-08-20 06:49:13', NULL),
(543, 206, 'Velvet Mattifying Primer', 'Make-Over-VMP', 'from upload', 0, 1, 'Admin', 0, '2022-08-20 06:49:13', NULL),
(544, 207, 'Highlighter Rick Glow', 'Make-Over-HRG', 'from upload', 0, 1, 'Admin', 0, '2022-08-20 06:49:13', NULL),
(545, 208, '01', 'Make-Over-BM-01', 'from upload', 0, 1, 'Admin', 0, '2022-08-20 06:49:13', NULL),
(546, 208, '02', 'Make-Over-BM-02', 'from upload', 0, 1, 'Admin', 0, '2022-08-20 06:49:13', NULL),
(547, 208, '03', 'Make-Over-BM-03', 'from upload', 0, 1, 'Admin', 0, '2022-08-20 06:49:13', NULL),
(548, 209, 'Powerstay Color Correcting Primer', 'Make-Over-PCCP', 'from upload', 0, 1, 'Admin', 0, '2022-08-20 06:49:13', NULL),
(549, 210, '101', 'Make-Over-LCG-101', 'from upload', 0, 1, 'Admin', 0, '2022-08-20 06:49:13', NULL),
(550, 210, '102', 'Make-Over-LCG-102', 'from upload', 0, 1, 'Admin', 0, '2022-08-20 06:49:13', NULL),
(551, 210, '103', 'Make-Over-LCG-103', 'from upload', 0, 1, 'Admin', 0, '2022-08-20 06:49:13', NULL),
(552, 210, '104', 'Make-Over-LCG-104', 'from upload', 0, 1, 'Admin', 0, '2022-08-20 06:49:13', NULL),
(553, 210, '105', 'Make-Over-LCG-105', 'from upload', 0, 1, 'Admin', 0, '2022-08-20 06:49:13', NULL),
(554, 211, 'Powerstay Glossy Lip Top Coat', 'Make-Over-PGLTC', 'from upload', 0, 1, 'Admin', 0, '2022-08-20 06:49:13', NULL),
(555, 212, 'Bright Stuff Moist Cream', 'Emina-BSMC', 'from upload', 0, 1, 'Admin', 0, '2022-08-20 06:49:13', NULL),
(556, 213, 'Bright Stuff Tone Up Cream', 'Emina-BSTUC', 'from upload', 0, 1, 'Admin', 0, '2022-08-20 06:49:13', NULL),
(557, 214, 'Bright Stuff F/F K', 'Emina-BSFK', 'from upload', 0, 1, 'Admin', 0, '2022-08-20 06:49:13', NULL),
(558, 215, 'Bright Stuff F/F B', 'Emina-BSFB', 'from upload', 0, 1, 'Admin', 0, '2022-08-20 06:49:13', NULL),
(559, 216, 'Bright Stuff Sheet Mask', 'Emina-BSSM', 'from upload', 0, 1, 'Admin', 0, '2022-08-20 06:49:13', NULL),
(560, 217, 'Bright Stuff Face Toner', 'Emina-BSFT', 'from upload', 0, 1, 'Admin', 0, '2022-08-20 06:49:13', NULL),
(561, 218, 'Bright Stuff Face Powder', 'Emina-BSFP', 'from upload', 0, 1, 'Admin', 0, '2022-08-20 06:49:13', NULL),
(562, 219, 'LIGHT', 'Emina-BC-LIGHT', 'from upload', 0, 1, 'Admin', 0, '2022-08-20 06:49:13', NULL),
(563, 219, 'NATURAL', 'Emina-BC-NATURAL', 'from upload', 0, 1, 'Admin', 0, '2022-08-20 06:49:13', NULL),
(564, 220, 'LIGHT', 'Emina-CC-LIGHT', 'from upload', 0, 1, 'Admin', 0, '2022-08-20 06:49:13', NULL),
(565, 220, 'NATURAL', 'Emina-CC-NATURAL', 'from upload', 0, 1, 'Admin', 0, '2022-08-20 06:49:13', NULL),
(566, 221, '01', 'Emina-CC(-01', 'from upload', 0, 1, 'Admin', 0, '2022-08-20 06:49:13', NULL),
(567, 221, '02', 'Emina-CC(-02', 'from upload', 0, 1, 'Admin', 0, '2022-08-20 06:49:13', NULL),
(568, 221, '03', 'Emina-CC(-03', 'from upload', 0, 1, 'Admin', 0, '2022-08-20 06:49:13', NULL),
(569, 221, '04', 'Emina-CC(-04', 'from upload', 0, 1, 'Admin', 0, '2022-08-20 06:49:13', NULL),
(570, 220, '01', 'Emina-CC-01', 'from upload', 0, 1, 'Admin', 0, '2022-08-20 06:49:13', NULL),
(571, 220, '02', 'Emina-CC-02', 'from upload', 0, 1, 'Admin', 0, '2022-08-20 06:49:13', NULL),
(572, 220, '03', 'Emina-CC-03', 'from upload', 0, 1, 'Admin', 0, '2022-08-20 06:49:13', NULL),
(573, 220, '04', 'Emina-CC-04', 'from upload', 0, 1, 'Admin', 0, '2022-08-20 06:49:13', NULL),
(574, 223, '01', 'Emina-BwMLP-01', 'from upload', 0, 1, 'Admin', 0, '2022-08-20 06:49:13', NULL),
(575, 223, '02', 'Emina-BwMLP-02', 'from upload', 0, 1, 'Admin', 0, '2022-08-20 06:49:13', NULL),
(576, 223, '03', 'Emina-BwMLP-03', 'from upload', 0, 1, 'Admin', 0, '2022-08-20 06:49:13', NULL),
(577, 223, '04', 'Emina-BwMLP-04', 'from upload', 0, 1, 'Admin', 0, '2022-08-20 06:49:13', NULL),
(578, 224, '01', 'Emina-DMLP-01', 'from upload', 0, 1, 'Admin', 0, '2022-08-20 06:49:13', NULL),
(579, 224, '02', 'Emina-DMLP-02', 'from upload', 0, 1, 'Admin', 0, '2022-08-20 06:49:13', NULL),
(580, 224, '03', 'Emina-DMLP-03', 'from upload', 0, 1, 'Admin', 0, '2022-08-20 06:49:13', NULL),
(581, 224, '04', 'Emina-DMLP-04', 'from upload', 0, 1, 'Admin', 0, '2022-08-20 06:49:13', NULL),
(582, 225, 'Ms. Pimple Acre Moist', 'Emina-MPAM', 'from upload', 0, 1, 'Admin', 0, '2022-08-20 06:49:13', NULL),
(583, 226, 'Ms. Pimple Acre Gel', 'Emina-MPAG', 'from upload', 0, 1, 'Admin', 0, '2022-08-20 06:49:13', NULL),
(584, 227, 'Ms. Pimple F/F', 'Emina-MPF', 'from upload', 0, 1, 'Admin', 0, '2022-08-20 06:49:13', NULL),
(585, 228, 'Ms. Pimple Dace Toner', 'Emina-MPDT', 'from upload', 0, 1, 'Admin', 0, '2022-08-20 06:49:13', NULL),
(586, 229, 'Sun Block', 'Emina-SB', 'from upload', 0, 1, 'Admin', 0, '2022-08-20 06:49:13', NULL),
(587, 230, 'Double Bubble F/F', 'Emina-DBF', 'from upload', 0, 1, 'Admin', 0, '2022-08-20 06:49:13', NULL),
(588, 230, 'Dot Burst F/F', 'Emina-DBF', 'from upload', 0, 1, 'Admin', 0, '2022-08-20 06:49:13', NULL),
(589, 232, 'Apricot Jam Scrub', 'Emina-AJS', 'from upload', 0, 1, 'Admin', 0, '2022-08-20 06:49:13', NULL),
(590, 233, 'Green Tea Latte Mask', 'Emina-GTLM', 'from upload', 0, 1, 'Admin', 0, '2022-08-20 06:49:13', NULL),
(591, 234, 'Grape Sead Olive Mask', 'Emina-GSOM', 'from upload', 0, 1, 'Admin', 0, '2022-08-20 06:49:13', NULL),
(592, 235, 'Aloe Vera', 'Emina-AV', 'from upload', 0, 1, 'Admin', 0, '2022-08-20 06:49:13', NULL),
(593, 236, 'BRIGHT STUFF', 'Emina-MWA-BRIGHT STUFF', 'from upload', 0, 1, 'Admin', 0, '2022-08-20 06:49:13', NULL),
(594, 236, 'DROP CLEANSER OIL SKIN', 'Emina-MWA-DROP CLEANSER OIL SKIN', 'from upload', 0, 1, 'Admin', 0, '2022-08-20 06:49:13', NULL),
(595, 237, 'Moist Bottle Moisturizer', 'Emina-MBM', 'from upload', 0, 1, 'Admin', 0, '2022-08-20 06:49:13', NULL),
(596, 238, 'Bouble the Moist Toner', 'Emina-BtMT', 'from upload', 0, 1, 'Admin', 0, '2022-08-20 06:49:13', NULL),
(597, 239, 'Creamy Milk Cleansing Lotion', 'Emina-CMCL', 'from upload', 0, 1, 'Admin', 0, '2022-08-20 06:49:13', NULL),
(598, 240, '01', 'Emina-LC-01', 'from upload', 0, 1, 'Admin', 0, '2022-08-20 06:49:13', NULL),
(599, 240, '02', 'Emina-LC-02', 'from upload', 0, 1, 'Admin', 0, '2022-08-20 06:49:13', NULL),
(600, 240, '03', 'Emina-LC-03', 'from upload', 0, 1, 'Admin', 0, '2022-08-20 06:49:13', NULL),
(601, 240, '04', 'Emina-LC-04', 'from upload', 0, 1, 'Admin', 0, '2022-08-20 06:49:13', NULL),
(602, 240, '05', 'Emina-LC-05', 'from upload', 0, 1, 'Admin', 0, '2022-08-20 06:49:13', NULL),
(603, 240, '06', 'Emina-LC-06', 'from upload', 0, 1, 'Admin', 0, '2022-08-20 06:49:13', NULL),
(604, 240, '07', 'Emina-LC-07', 'from upload', 0, 1, 'Admin', 0, '2022-08-20 06:49:13', NULL),
(605, 240, '08', 'Emina-LC-08', 'from upload', 0, 1, 'Admin', 0, '2022-08-20 06:49:13', NULL),
(606, 240, '09', 'Emina-LC-09', 'from upload', 0, 1, 'Admin', 0, '2022-08-20 06:49:13', NULL),
(607, 240, '10', 'Emina-LC-10', 'from upload', 0, 1, 'Admin', 0, '2022-08-20 06:49:13', NULL),
(608, 240, '11', 'Emina-LC-11', 'from upload', 0, 1, 'Admin', 0, '2022-08-20 06:49:13', NULL),
(609, 240, '12', 'Emina-LC-12', 'from upload', 0, 1, 'Admin', 0, '2022-08-20 06:49:13', NULL),
(610, 240, '13', 'Emina-LC-13', 'from upload', 0, 1, 'Admin', 0, '2022-08-20 06:49:13', NULL),
(611, 240, '14', 'Emina-LC-14', 'from upload', 0, 1, 'Admin', 0, '2022-08-20 06:49:13', NULL),
(612, 240, '15', 'Emina-LC-15', 'from upload', 0, 1, 'Admin', 0, '2022-08-20 06:49:13', NULL),
(613, 241, '01', 'Emina-LT-01', 'from upload', 0, 1, 'Admin', 0, '2022-08-20 06:49:13', NULL),
(614, 241, '02', 'Emina-LT-02', 'from upload', 0, 1, 'Admin', 0, '2022-08-20 06:49:13', NULL),
(615, 241, '03', 'Emina-LT-03', 'from upload', 0, 1, 'Admin', 0, '2022-08-20 06:49:13', NULL),
(616, 241, '04', 'Emina-LT-04', 'from upload', 0, 1, 'Admin', 0, '2022-08-20 06:49:13', NULL),
(617, 241, '05', 'Emina-LT-05', 'from upload', 0, 1, 'Admin', 0, '2022-08-20 06:49:13', NULL),
(618, 241, '06', 'Emina-LT-06', 'from upload', 0, 1, 'Admin', 0, '2022-08-20 06:49:13', NULL),
(619, 242, '01', 'Emina-CT-01', 'from upload', 0, 1, 'Admin', 0, '2022-08-20 06:49:13', NULL),
(620, 242, '02', 'Emina-CT-02', 'from upload', 0, 1, 'Admin', 0, '2022-08-20 06:49:13', NULL),
(621, 242, '03', 'Emina-CT-03', 'from upload', 0, 1, 'Admin', 0, '2022-08-20 06:49:13', NULL),
(622, 242, '04', 'Emina-CT-04', 'from upload', 0, 1, 'Admin', 0, '2022-08-20 06:49:13', NULL),
(623, 242, '05', 'Emina-CT-05', 'from upload', 0, 1, 'Admin', 0, '2022-08-20 06:49:13', NULL),
(624, 243, 'PEACH', 'Emina-CCB-PEACH', 'from upload', 0, 1, 'Admin', 0, '2022-08-20 06:49:13', NULL),
(625, 243, 'PINK', 'Emina-CCB-PINK', 'from upload', 0, 1, 'Admin', 0, '2022-08-20 06:49:13', NULL),
(626, 243, 'VIOLET', 'Emina-CCB-VIOLET', 'from upload', 0, 1, 'Admin', 0, '2022-08-20 06:49:13', NULL),
(627, 244, '01', 'Emina-GS-01', 'from upload', 0, 1, 'Admin', 0, '2022-08-20 06:49:13', NULL),
(628, 244, '02', 'Emina-GS-02', 'from upload', 0, 1, 'Admin', 0, '2022-08-20 06:49:13', NULL),
(629, 244, '03', 'Emina-GS-03', 'from upload', 0, 1, 'Admin', 0, '2022-08-20 06:49:13', NULL),
(630, 244, '04', 'Emina-GS-04', 'from upload', 0, 1, 'Admin', 0, '2022-08-20 06:49:13', NULL),
(631, 244, '05', 'Emina-GS-05', 'from upload', 0, 1, 'Admin', 0, '2022-08-20 06:49:13', NULL),
(632, 245, 'BLUE', 'Emina-ES-BLUE', 'from upload', 0, 1, 'Admin', 0, '2022-08-20 06:49:13', NULL),
(633, 245, 'NUDE', 'Emina-ES-NUDE', 'from upload', 0, 1, 'Admin', 0, '2022-08-20 06:49:13', NULL),
(634, 245, 'POSH', 'Emina-ES-POSH', 'from upload', 0, 1, 'Admin', 0, '2022-08-20 06:49:13', NULL),
(635, 245, 'COLORFUL', 'Emina-ES-COLORFUL', 'from upload', 0, 1, 'Admin', 0, '2022-08-20 06:49:13', NULL),
(636, 245, 'PURPLE', 'Emina-ES-PURPLE', 'from upload', 0, 1, 'Admin', 0, '2022-08-20 06:49:13', NULL),
(637, 245, 'BRICK', 'Emina-ES-BRICK', 'from upload', 0, 1, 'Admin', 0, '2022-08-20 06:49:13', NULL),
(638, 245, 'GELATO', 'Emina-ES-GELATO', 'from upload', 0, 1, 'Admin', 0, '2022-08-20 06:49:13', NULL),
(639, 245, 'ROMANTIC', 'Emina-ES-ROMANTIC', 'from upload', 0, 1, 'Admin', 0, '2022-08-20 06:49:13', NULL),
(640, 245, 'FROSTED', 'Emina-ES-FROSTED', 'from upload', 0, 1, 'Admin', 0, '2022-08-20 06:49:13', NULL),
(641, 246, 'VIOLET BERRY', 'Emina-BO-VIOLET BERRY', 'from upload', 0, 1, 'Admin', 0, '2022-08-20 06:49:13', NULL),
(642, 246, 'COTTON CANDY', 'Emina-BO-COTTON CANDY', 'from upload', 0, 1, 'Admin', 0, '2022-08-20 06:49:13', NULL),
(643, 246, 'CHERRY BLOSSOM', 'Emina-BO-CHERRY BLOSSOM', 'from upload', 0, 1, 'Admin', 0, '2022-08-20 06:49:13', NULL),
(644, 246, 'BITTERSWEET', 'Emina-BO-BITTERSWEET', 'from upload', 0, 1, 'Admin', 0, '2022-08-20 06:49:13', NULL),
(645, 246, 'SUGARCANE', 'Emina-BO-SUGARCANE', 'from upload', 0, 1, 'Admin', 0, '2022-08-20 06:49:13', NULL),
(646, 246, 'MARSHMALLOW LADY', 'Emina-BO-MARSHMALLOW LADY', 'from upload', 0, 1, 'Admin', 0, '2022-08-20 06:49:13', NULL),
(647, 247, 'Pore Ranger', 'Emina-PR', 'from upload', 0, 1, 'Admin', 0, '2022-08-20 06:49:13', NULL),
(648, 248, 'Starlas Aqua Mascara', 'Emina-SAM', 'from upload', 0, 1, 'Admin', 0, '2022-08-20 06:49:13', NULL),
(649, 249, 'Chanberry Juice F. Mask', 'Emina-CJFM', 'from upload', 0, 1, 'Admin', 0, '2022-08-20 06:49:13', NULL),
(650, 250, 'Oil Face Cleanser', 'Emina-OFC', 'from upload', 0, 1, 'Admin', 0, '2022-08-20 06:49:13', NULL),
(651, 251, 'Lip Mask', 'Emina-LM', 'from upload', 0, 1, 'Admin', 0, '2022-08-20 06:49:13', NULL),
(652, 252, 'Lip Sugar Scrub', 'Emina-LSS', 'from upload', 0, 1, 'Admin', 0, '2022-08-20 06:49:13', NULL),
(653, 253, 'Bright Stuff for Acre F/F K', 'Emina-BSfAFK', 'from upload', 0, 1, 'Admin', 0, '2022-08-20 06:49:13', NULL),
(654, 254, 'Bright Stuff Acre Cream', 'Emina-BSAC', 'from upload', 0, 1, 'Admin', 0, '2022-08-20 06:49:13', NULL),
(655, 255, 'Bright Stuff Serum 30 ml', 'Emina-BSS3m', 'from upload', 0, 1, 'Admin', 0, '2022-08-20 06:49:13', NULL),
(656, 256, 'Bright Stuff Face Scrub', 'Emina-BSFS', 'from upload', 0, 1, 'Admin', 0, '2022-08-20 06:49:13', NULL),
(657, 257, '2 in 1 Scrub Mask', 'Emina-2i1SM', 'from upload', 0, 1, 'Admin', 0, '2022-08-20 06:49:13', NULL),
(658, 258, 'Sun Battle SPF 45', 'Emina-SBS4', 'from upload', 0, 1, 'Admin', 0, '2022-08-20 06:49:13', NULL),
(659, 259, 'Sleeping Mask', 'Emina-SM', 'from upload', 0, 1, 'Admin', 0, '2022-08-20 06:49:13', NULL),
(660, 260, 'Bright Stuff for Acne 100 ml', 'Emina-BSfA1m', 'from upload', 0, 1, 'Admin', 0, '2022-08-20 06:49:13', NULL),
(661, 261, 'Bright Stuff Serum 7,5 ml', 'Emina-BSS7m', 'from upload', 0, 1, 'Admin', 0, '2022-08-20 06:49:13', NULL),
(662, 262, 'Ms. Pimple Acne Serum', 'Emina-MPAS', 'from upload', 0, 1, 'Admin', 0, '2022-08-20 06:49:13', NULL),
(663, 263, 'Platinum Step 1 720 ml', 'Puetri-PS17m', 'from upload', 0, 1, 'Admin', 0, '2022-08-20 06:49:13', NULL),
(664, 264, 'Platinum Step 2 720 ml', 'Puetri-PS27m', 'from upload', 0, 1, 'Admin', 0, '2022-08-20 06:49:13', NULL),
(665, 265, 'APEL', 'Puetri-S2mA-APEL', 'from upload', 0, 1, 'Admin', 0, '2022-08-20 06:49:13', NULL),
(666, 265, 'LEMON', 'Puetri-S2mA-LEMON', 'from upload', 0, 1, 'Admin', 0, '2022-08-20 06:49:13', NULL),
(667, 266, 'APEL', 'Puetri-C2mA-APEL', 'from upload', 0, 1, 'Admin', 0, '2022-08-20 06:49:13', NULL),
(668, 266, 'LEMON', 'Puetri-C2mA-LEMON', 'from upload', 0, 1, 'Admin', 0, '2022-08-20 06:49:13', NULL),
(669, 267, 'Hair Tonic Ginseng 200 ml', 'Puetri-HTG2m', 'from upload', 0, 1, 'Admin', 0, '2022-08-20 06:49:13', NULL),
(670, 268, 'Hair Tonic Anti Dandruff 200 ml', 'Puetri-HTAD2m', 'from upload', 0, 1, 'Admin', 0, '2022-08-20 06:49:13', NULL),
(671, 269, 'APEL', 'Puetri-HTAL2m-APEL', 'from upload', 0, 1, 'Admin', 0, '2022-08-20 06:49:13', NULL),
(672, 269, 'LEMON', 'Puetri-HTAL2m-LEMON', 'from upload', 0, 1, 'Admin', 0, '2022-08-20 06:49:13', NULL),
(673, 270, 'White Look 100 ml', 'Puetri-WL1m', 'from upload', 0, 1, 'Admin', 0, '2022-08-20 06:49:13', NULL),
(674, 271, 'Pro Pustreite Step 1 720 ml', 'Puetri-PPS17m', 'from upload', 0, 1, 'Admin', 0, '2022-08-20 06:49:13', NULL),
(675, 272, 'Pro Pustreite Step 2 720 ml', 'Puetri-PPS27m', 'from upload', 0, 1, 'Admin', 0, '2022-08-20 06:49:13', NULL),
(676, 273, '01', 'OMG-LCO-01', 'from upload', 0, 1, 'Admin', 0, '2022-08-20 06:49:13', NULL),
(677, 273, '02', 'OMG-LCO-02', 'from upload', 0, 1, 'Admin', 0, '2022-08-20 06:49:13', NULL),
(678, 273, '03', 'OMG-LCO-03', 'from upload', 0, 1, 'Admin', 0, '2022-08-20 06:49:13', NULL),
(679, 273, '04', 'OMG-LCO-04', 'from upload', 0, 1, 'Admin', 0, '2022-08-20 06:49:13', NULL),
(680, 273, '05', 'OMG-LCO-05', 'from upload', 0, 1, 'Admin', 0, '2022-08-20 06:49:13', NULL),
(681, 273, '06', 'OMG-LCO-06', 'from upload', 0, 1, 'Admin', 0, '2022-08-20 06:49:13', NULL),
(682, 273, '07', 'OMG-LCO-07', 'from upload', 0, 1, 'Admin', 0, '2022-08-20 06:49:13', NULL),
(683, 273, '08', 'OMG-LCO-08', 'from upload', 0, 1, 'Admin', 0, '2022-08-20 06:49:13', NULL),
(684, 273, '09', 'OMG-LCO-09', 'from upload', 0, 1, 'Admin', 0, '2022-08-20 06:49:13', NULL),
(685, 273, '10', 'OMG-LCO-10', 'from upload', 0, 1, 'Admin', 0, '2022-08-20 06:49:13', NULL),
(686, 273, '11', 'OMG-LCO-11', 'from upload', 0, 1, 'Admin', 0, '2022-08-20 06:49:13', NULL),
(687, 273, '12', 'OMG-LCO-12', 'from upload', 0, 1, 'Admin', 0, '2022-08-20 06:49:13', NULL),
(688, 273, '13', 'OMG-LCO-13', 'from upload', 0, 1, 'Admin', 0, '2022-08-20 06:49:13', NULL),
(689, 273, '14', 'OMG-LCO-14', 'from upload', 0, 1, 'Admin', 0, '2022-08-20 06:49:13', NULL),
(690, 273, '15', 'OMG-LCO-15', 'from upload', 0, 1, 'Admin', 0, '2022-08-20 06:49:13', NULL),
(691, 274, 'Glowing Toner', 'OMG-GT', 'from upload', 0, 1, 'Admin', 0, '2022-08-20 06:49:13', NULL),
(692, 275, '12C', 'OMG-LF-12C', 'from upload', 0, 1, 'Admin', 0, '2022-08-20 06:49:13', NULL),
(693, 275, '21W', 'OMG-LF-21W', 'from upload', 0, 1, 'Admin', 0, '2022-08-20 06:49:13', NULL),
(694, 275, '31W', 'OMG-LF-31W', 'from upload', 0, 1, 'Admin', 0, '2022-08-20 06:49:13', NULL),
(695, 275, '32N', 'OMG-LF-32N', 'from upload', 0, 1, 'Admin', 0, '2022-08-20 06:49:13', NULL),
(696, 275, '41W', 'OMG-LF-41W', 'from upload', 0, 1, 'Admin', 0, '2022-08-20 06:49:13', NULL),
(697, 276, '01', 'OMG-LTS-01', 'from upload', 0, 1, 'Admin', 0, '2022-08-20 06:49:13', NULL),
(698, 276, '02', 'OMG-LTS-02', 'from upload', 0, 1, 'Admin', 0, '2022-08-20 06:49:13', NULL),
(699, 276, '03', 'OMG-LTS-03', 'from upload', 0, 1, 'Admin', 0, '2022-08-20 06:49:13', NULL),
(700, 276, '04', 'OMG-LTS-04', 'from upload', 0, 1, 'Admin', 0, '2022-08-20 06:49:13', NULL),
(701, 277, 'Moisturizer Sachet', 'OMG-MS', 'from upload', 0, 1, 'Admin', 0, '2022-08-20 06:49:13', NULL),
(702, 278, 'Acne F/F', 'KAHF-AF', 'from upload', 0, 1, 'Admin', 0, '2022-08-20 06:49:13', NULL),
(703, 279, 'Brightening F/F', 'KAHF-BF', 'from upload', 0, 1, 'Admin', 0, '2022-08-20 06:49:13', NULL),
(704, 280, 'HUMBLING FOREST', 'KAHF-EdT-HUMBLING FOREST', 'from upload', 0, 1, 'Admin', 0, '2022-08-20 06:49:13', NULL),
(705, 280, 'REVERED OUD', 'KAHF-EdT-REVERED OUD', 'from upload', 0, 1, 'Admin', 0, '2022-08-20 06:49:13', NULL),
(706, 280, 'INVIGORATE WATERFALL', 'KAHF-EdT-INVIGORATE WATERFALL', 'from upload', 0, 1, 'Admin', 0, '2022-08-20 06:49:13', NULL),
(707, 280, 'TRUE BROTHERHOOD', 'KAHF-EdT-TRUE BROTHERHOOD', 'from upload', 0, 1, 'Admin', 0, '2022-08-20 06:49:13', NULL),
(708, 281, 'Deodorant', 'KAHF-D', 'from upload', 0, 1, 'Admin', 0, '2022-08-20 06:49:13', NULL),
(709, 282, 'GREENTEA', 'IODEF-BPR4m-GREENTEA', 'from upload', 0, 1, 'Admin', 0, '2022-08-20 06:49:13', NULL),
(710, 282, 'SEASALT', 'IODEF-BPR4m-SEASALT', 'from upload', 0, 1, 'Admin', 0, '2022-08-20 06:49:13', NULL),
(711, 282, 'YUZU', 'IODEF-BPR4m-YUZU', 'from upload', 0, 1, 'Admin', 0, '2022-08-20 06:49:13', NULL),
(712, 283, 'Acne Facial Wash', 'Inez-AFW', 'from upload', 0, 1, 'Admin', 0, '2022-08-20 06:49:13', NULL),
(713, 284, 'Acne Face Powder', 'Inez-AFP', 'from upload', 0, 1, 'Admin', 0, '2022-08-20 06:49:13', NULL),
(714, 285, 'Facial Foam Oil Free', 'Inez-FFOF', 'from upload', 0, 1, 'Admin', 0, '2022-08-20 06:49:13', NULL),
(715, 286, 'Facial Foam Lightweight', 'Inez-FFL', 'from upload', 0, 1, 'Admin', 0, '2022-08-20 06:49:13', NULL),
(716, 287, 'Pure Gentle Makeup Remover', 'Inez-PGMR', 'from upload', 0, 1, 'Admin', 0, '2022-08-20 06:49:13', NULL),
(717, 288, 'Brush On Peel of Mask', 'Inez-BOPoM', 'from upload', 0, 1, 'Admin', 0, '2022-08-20 06:49:13', NULL),
(718, 289, 'Deep Cleansing Clay Made', 'Inez-DCCM', 'from upload', 0, 1, 'Admin', 0, '2022-08-20 06:49:13', NULL),
(719, 290, 'Precious Cool Moist Gel', 'Inez-PCMG', 'from upload', 0, 1, 'Admin', 0, '2022-08-20 06:49:13', NULL),
(720, 291, 'Creamy Milk Cleanser', 'Inez-CMC', 'from upload', 0, 1, 'Admin', 0, '2022-08-20 06:49:13', NULL),
(721, 292, 'Fresh Foamy Cleanser', 'Inez-FFC', 'from upload', 0, 1, 'Admin', 0, '2022-08-20 06:49:13', NULL),
(722, 293, 'Balanced Skin Toner', 'Inez-BST', 'from upload', 0, 1, 'Admin', 0, '2022-08-20 06:49:13', NULL),
(723, 294, 'Active Skin Toner', 'Inez-AST', 'from upload', 0, 1, 'Admin', 0, '2022-08-20 06:49:13', NULL),
(724, 295, 'Skin Active Toner', 'Inez-SAT', 'from upload', 0, 1, 'Admin', 0, '2022-08-20 06:49:13', NULL),
(725, 296, 'Skin Active Milk Cleanser', 'Inez-SAMC', 'from upload', 0, 1, 'Admin', 0, '2022-08-20 06:49:13', NULL),
(726, 297, 'All Over Body Scrub', 'Inez-AOBS', 'from upload', 0, 1, 'Admin', 0, '2022-08-20 06:49:13', NULL),
(727, 298, 'Face Miss', 'Inez-FM', 'from upload', 0, 1, 'Admin', 0, '2022-08-20 06:49:13', NULL),
(728, 299, 'Serum Daily Complexion', 'Inez-SDC', 'from upload', 0, 1, 'Admin', 0, '2022-08-20 06:49:13', NULL),
(729, 300, 'Mascara', 'Inez-M', 'from upload', 0, 1, 'Admin', 0, '2022-08-20 06:49:13', NULL),
(730, 301, 'Eyebrow Dark Brown', 'Inez-EDB', 'from upload', 0, 1, 'Admin', 0, '2022-08-20 06:49:13', NULL),
(731, 302, 'Eyebrow Hitam', 'Inez-EH', 'from upload', 0, 1, 'Admin', 0, '2022-08-20 06:49:13', NULL),
(732, 303, 'Fin Eyeliner', 'Inez-FE', 'from upload', 0, 1, 'Admin', 0, '2022-08-20 06:49:13', NULL),
(733, 304, 'Hitam', 'Inez-EP-Hitam', 'from upload', 0, 1, 'Admin', 0, '2022-08-20 06:49:13', NULL),
(734, 304, 'putih', 'Inez-EP-putih', 'from upload', 0, 1, 'Admin', 0, '2022-08-20 06:49:13', NULL),
(735, 304, 'biru', 'Inez-EP-biru', 'from upload', 0, 1, 'Admin', 0, '2022-08-20 06:49:13', NULL),
(736, 304, 'Eyeliner Pen', 'Inez-EP', 'from upload', 0, 1, 'Admin', 0, '2022-08-20 06:49:13', NULL),
(737, 306, 'Lip Liner', 'Inez-LL', 'from upload', 0, 1, 'Admin', 0, '2022-08-20 06:49:13', NULL),
(738, 307, 'Eyebrow Mascara', 'Inez-EM', 'from upload', 0, 1, 'Admin', 0, '2022-08-20 06:49:13', NULL),
(739, 308, '01', 'Inez-CS-01', 'from upload', 0, 1, 'Admin', 0, '2022-08-20 06:49:13', NULL),
(740, 308, '02', 'Inez-CS-02', 'from upload', 0, 1, 'Admin', 0, '2022-08-20 06:49:13', NULL),
(741, 308, '03', 'Inez-CS-03', 'from upload', 0, 1, 'Admin', 0, '2022-08-20 06:49:13', NULL),
(742, 308, '04', 'Inez-CS-04', 'from upload', 0, 1, 'Admin', 0, '2022-08-20 06:49:13', NULL),
(743, 308, '05', 'Inez-CS-05', 'from upload', 0, 1, 'Admin', 0, '2022-08-20 06:49:13', NULL),
(744, 309, 'Face Contour Shading', 'Inez-FCS', 'from upload', 0, 1, 'Admin', 0, '2022-08-20 06:49:13', NULL),
(745, 310, '01', 'Inez-ES-01', 'from upload', 0, 1, 'Admin', 0, '2022-08-20 06:49:13', NULL),
(746, 310, '04', 'Inez-ES-04', 'from upload', 0, 1, 'Admin', 0, '2022-08-20 06:49:13', NULL),
(747, 310, '05', 'Inez-ES-05', 'from upload', 0, 1, 'Admin', 0, '2022-08-20 06:49:13', NULL),
(748, 310, '06', 'Inez-ES-06', 'from upload', 0, 1, 'Admin', 0, '2022-08-20 06:49:13', NULL),
(749, 310, '07', 'Inez-ES-07', 'from upload', 0, 1, 'Admin', 0, '2022-08-20 06:49:13', NULL),
(750, 310, '08', 'Inez-ES-08', 'from upload', 0, 1, 'Admin', 0, '2022-08-20 06:49:13', NULL),
(751, 310, '09', 'Inez-ES-09', 'from upload', 0, 1, 'Admin', 0, '2022-08-20 06:49:13', NULL),
(752, 310, '10', 'Inez-ES-10', 'from upload', 0, 1, 'Admin', 0, '2022-08-20 06:49:13', NULL),
(753, 311, '01', 'Inez-BO-01', 'from upload', 0, 1, 'Admin', 0, '2022-08-20 06:49:13', NULL),
(754, 311, '04', 'Inez-BO-04', 'from upload', 0, 1, 'Admin', 0, '2022-08-20 06:49:13', NULL),
(755, 311, '05', 'Inez-BO-05', 'from upload', 0, 1, 'Admin', 0, '2022-08-20 06:49:13', NULL),
(756, 311, '06', 'Inez-BO-06', 'from upload', 0, 1, 'Admin', 0, '2022-08-20 06:49:13', NULL),
(757, 311, '07', 'Inez-BO-07', 'from upload', 0, 1, 'Admin', 0, '2022-08-20 06:49:13', NULL),
(758, 311, '08', 'Inez-BO-08', 'from upload', 0, 1, 'Admin', 0, '2022-08-20 06:49:13', NULL),
(759, 311, '09', 'Inez-BO-09', 'from upload', 0, 1, 'Admin', 0, '2022-08-20 06:49:13', NULL),
(760, 311, '10', 'Inez-BO-10', 'from upload', 0, 1, 'Admin', 0, '2022-08-20 06:49:13', NULL),
(761, 312, '01', 'Inez-LS-01', 'from upload', 0, 1, 'Admin', 0, '2022-08-20 06:49:13', NULL),
(762, 312, '02', 'Inez-LS-02', 'from upload', 0, 1, 'Admin', 0, '2022-08-20 06:49:13', NULL),
(763, 312, '03', 'Inez-LS-03', 'from upload', 0, 1, 'Admin', 0, '2022-08-20 06:49:13', NULL),
(764, 312, '04', 'Inez-LS-04', 'from upload', 0, 1, 'Admin', 0, '2022-08-20 06:49:13', NULL),
(765, 312, '05', 'Inez-LS-05', 'from upload', 0, 1, 'Admin', 0, '2022-08-20 06:49:13', NULL),
(766, 312, '06', 'Inez-LS-06', 'from upload', 0, 1, 'Admin', 0, '2022-08-20 06:49:13', NULL),
(767, 312, '07', 'Inez-LS-07', 'from upload', 0, 1, 'Admin', 0, '2022-08-20 06:49:13', NULL),
(768, 312, '08', 'Inez-LS-08', 'from upload', 0, 1, 'Admin', 0, '2022-08-20 06:49:13', NULL),
(769, 312, '09', 'Inez-LS-09', 'from upload', 0, 1, 'Admin', 0, '2022-08-20 06:49:13', NULL),
(770, 312, '10', 'Inez-LS-10', 'from upload', 0, 1, 'Admin', 0, '2022-08-20 06:49:13', NULL),
(771, 312, '11', 'Inez-LS-11', 'from upload', 0, 1, 'Admin', 0, '2022-08-20 06:49:13', NULL),
(772, 312, '12', 'Inez-LS-12', 'from upload', 0, 1, 'Admin', 0, '2022-08-20 06:49:13', NULL),
(773, 312, '13', 'Inez-LS-13', 'from upload', 0, 1, 'Admin', 0, '2022-08-20 06:49:13', NULL),
(774, 312, '14', 'Inez-LS-14', 'from upload', 0, 1, 'Admin', 0, '2022-08-20 06:49:13', NULL),
(775, 312, '15', 'Inez-LS-15', 'from upload', 0, 1, 'Admin', 0, '2022-08-20 06:49:13', NULL),
(776, 312, '16', 'Inez-LS-16', 'from upload', 0, 1, 'Admin', 0, '2022-08-20 06:49:13', NULL),
(777, 312, '17', 'Inez-LS-17', 'from upload', 0, 1, 'Admin', 0, '2022-08-20 06:49:13', NULL),
(778, 312, '18', 'Inez-LS-18', 'from upload', 0, 1, 'Admin', 0, '2022-08-20 06:49:13', NULL),
(779, 312, '19', 'Inez-LS-19', 'from upload', 0, 1, 'Admin', 0, '2022-08-20 06:49:13', NULL),
(780, 312, '20', 'Inez-LS-20', 'from upload', 0, 1, 'Admin', 0, '2022-08-20 06:49:13', NULL),
(781, 312, '21', 'Inez-LS-21', 'from upload', 0, 1, 'Admin', 0, '2022-08-20 06:49:13', NULL),
(782, 312, '22', 'Inez-LS-22', 'from upload', 0, 1, 'Admin', 0, '2022-08-20 06:49:13', NULL),
(783, 312, '23', 'Inez-LS-23', 'from upload', 0, 1, 'Admin', 0, '2022-08-20 06:49:13', NULL),
(784, 312, '24', 'Inez-LS-24', 'from upload', 0, 1, 'Admin', 0, '2022-08-20 06:49:13', NULL),
(785, 312, '25', 'Inez-LS-25', 'from upload', 0, 1, 'Admin', 0, '2022-08-20 06:49:13', NULL),
(786, 312, '26', 'Inez-LS-26', 'from upload', 0, 1, 'Admin', 0, '2022-08-20 06:49:13', NULL),
(787, 312, '27', 'Inez-LS-27', 'from upload', 0, 1, 'Admin', 0, '2022-08-20 06:49:13', NULL),
(788, 312, '28', 'Inez-LS-28', 'from upload', 0, 1, 'Admin', 0, '2022-08-20 06:49:13', NULL),
(789, 312, '29', 'Inez-LS-29', 'from upload', 0, 1, 'Admin', 0, '2022-08-20 06:49:13', NULL),
(790, 312, '30', 'Inez-LS-30', 'from upload', 0, 1, 'Admin', 0, '2022-08-20 06:49:13', NULL),
(791, 312, '31', 'Inez-LS-31', 'from upload', 0, 1, 'Admin', 0, '2022-08-20 06:49:13', NULL),
(792, 312, '32', 'Inez-LS-32', 'from upload', 0, 1, 'Admin', 0, '2022-08-20 06:49:13', NULL),
(793, 312, '33', 'Inez-LS-33', 'from upload', 0, 1, 'Admin', 0, '2022-08-20 06:49:13', NULL),
(794, 312, '34', 'Inez-LS-34', 'from upload', 0, 1, 'Admin', 0, '2022-08-20 06:49:13', NULL),
(795, 312, '35', 'Inez-LS-35', 'from upload', 0, 1, 'Admin', 0, '2022-08-20 06:49:13', NULL),
(796, 312, '36', 'Inez-LS-36', 'from upload', 0, 1, 'Admin', 0, '2022-08-20 06:49:13', NULL),
(797, 312, '37', 'Inez-LS-37', 'from upload', 0, 1, 'Admin', 0, '2022-08-20 06:49:13', NULL),
(798, 312, '38', 'Inez-LS-38', 'from upload', 0, 1, 'Admin', 0, '2022-08-20 06:49:13', NULL),
(799, 312, '39', 'Inez-LS-39', 'from upload', 0, 1, 'Admin', 0, '2022-08-20 06:49:13', NULL),
(800, 312, '40', 'Inez-LS-40', 'from upload', 0, 1, 'Admin', 0, '2022-08-20 06:49:13', NULL),
(801, 312, '41', 'Inez-LS-41', 'from upload', 0, 1, 'Admin', 0, '2022-08-20 06:49:13', NULL),
(802, 312, '42', 'Inez-LS-42', 'from upload', 0, 1, 'Admin', 0, '2022-08-20 06:49:13', NULL),
(803, 312, '43', 'Inez-LS-43', 'from upload', 0, 1, 'Admin', 0, '2022-08-20 06:49:13', NULL),
(804, 312, '44', 'Inez-LS-44', 'from upload', 0, 1, 'Admin', 0, '2022-08-20 06:49:13', NULL),
(805, 312, '45', 'Inez-LS-45', 'from upload', 0, 1, 'Admin', 0, '2022-08-20 06:49:13', NULL),
(806, 312, '46', 'Inez-LS-46', 'from upload', 0, 1, 'Admin', 0, '2022-08-20 06:49:13', NULL),
(807, 312, '47', 'Inez-LS-47', 'from upload', 0, 1, 'Admin', 0, '2022-08-20 06:49:13', NULL),
(808, 312, '48', 'Inez-LS-48', 'from upload', 0, 1, 'Admin', 0, '2022-08-20 06:49:13', NULL),
(809, 312, '49', 'Inez-LS-49', 'from upload', 0, 1, 'Admin', 0, '2022-08-20 06:49:13', NULL),
(810, 312, '50', 'Inez-LS-50', 'from upload', 0, 1, 'Admin', 0, '2022-08-20 06:49:13', NULL),
(811, 312, '51', 'Inez-LS-51', 'from upload', 0, 1, 'Admin', 0, '2022-08-20 06:49:13', NULL),
(812, 312, '52', 'Inez-LS-52', 'from upload', 0, 1, 'Admin', 0, '2022-08-20 06:49:13', NULL),
(813, 312, '53', 'Inez-LS-53', 'from upload', 0, 1, 'Admin', 0, '2022-08-20 06:49:13', NULL),
(814, 312, '54', 'Inez-LS-54', 'from upload', 0, 1, 'Admin', 0, '2022-08-20 06:49:13', NULL),
(815, 312, '55', 'Inez-LS-55', 'from upload', 0, 1, 'Admin', 0, '2022-08-20 06:49:13', NULL),
(816, 312, '56', 'Inez-LS-56', 'from upload', 0, 1, 'Admin', 0, '2022-08-20 06:49:13', NULL),
(817, 312, '57', 'Inez-LS-57', 'from upload', 0, 1, 'Admin', 0, '2022-08-20 06:49:13', NULL),
(818, 312, '58', 'Inez-LS-58', 'from upload', 0, 1, 'Admin', 0, '2022-08-20 06:49:13', NULL),
(819, 312, '59', 'Inez-LS-59', 'from upload', 0, 1, 'Admin', 0, '2022-08-20 06:49:13', NULL),
(820, 312, '60', 'Inez-LS-60', 'from upload', 0, 1, 'Admin', 0, '2022-08-20 06:49:13', NULL),
(821, 312, '61', 'Inez-LS-61', 'from upload', 0, 1, 'Admin', 0, '2022-08-20 06:49:13', NULL),
(822, 313, '01', 'Inez-IP-01', 'from upload', 0, 1, 'Admin', 0, '2022-08-20 06:49:13', NULL),
(823, 313, '03', 'Inez-IP-03', 'from upload', 0, 1, 'Admin', 0, '2022-08-20 06:49:13', NULL),
(824, 313, '04', 'Inez-IP-04', 'from upload', 0, 1, 'Admin', 0, '2022-08-20 06:49:13', NULL),
(825, 313, '05', 'Inez-IP-05', 'from upload', 0, 1, 'Admin', 0, '2022-08-20 06:49:13', NULL),
(826, 313, '07', 'Inez-IP-07', 'from upload', 0, 1, 'Admin', 0, '2022-08-20 06:49:13', NULL),
(827, 313, '09', 'Inez-IP-09', 'from upload', 0, 1, 'Admin', 0, '2022-08-20 06:49:13', NULL),
(828, 313, '10', 'Inez-IP-10', 'from upload', 0, 1, 'Admin', 0, '2022-08-20 06:49:13', NULL),
(829, 314, '01', 'Inez-IRP-01', 'from upload', 0, 1, 'Admin', 0, '2022-08-20 06:49:13', NULL),
(830, 314, '03', 'Inez-IRP-03', 'from upload', 0, 1, 'Admin', 0, '2022-08-20 06:49:13', NULL),
(831, 314, '04', 'Inez-IRP-04', 'from upload', 0, 1, 'Admin', 0, '2022-08-20 06:49:13', NULL),
(832, 314, '05', 'Inez-IRP-05', 'from upload', 0, 1, 'Admin', 0, '2022-08-20 06:49:13', NULL),
(833, 314, '07', 'Inez-IRP-07', 'from upload', 0, 1, 'Admin', 0, '2022-08-20 06:49:13', NULL),
(834, 314, '09', 'Inez-IRP-09', 'from upload', 0, 1, 'Admin', 0, '2022-08-20 06:49:13', NULL),
(835, 314, '10', 'Inez-IRP-10', 'from upload', 0, 1, 'Admin', 0, '2022-08-20 06:49:13', NULL),
(836, 315, '01', 'Inez-LPP-01', 'from upload', 0, 1, 'Admin', 0, '2022-08-20 06:49:13', NULL),
(837, 315, '09', 'Inez-LPP-09', 'from upload', 0, 1, 'Admin', 0, '2022-08-20 06:49:13', NULL),
(838, 315, '10', 'Inez-LPP-10', 'from upload', 0, 1, 'Admin', 0, '2022-08-20 06:49:13', NULL),
(839, 315, '11', 'Inez-LPP-11', 'from upload', 0, 1, 'Admin', 0, '2022-08-20 06:49:13', NULL),
(840, 315, '12', 'Inez-LPP-12', 'from upload', 0, 1, 'Admin', 0, '2022-08-20 06:49:13', NULL),
(841, 315, '13', 'Inez-LPP-13', 'from upload', 0, 1, 'Admin', 0, '2022-08-20 06:49:13', NULL),
(842, 316, '01', 'Inez-RL-01', 'from upload', 0, 1, 'Admin', 0, '2022-08-20 06:49:13', NULL),
(843, 316, '09', 'Inez-RL-09', 'from upload', 0, 1, 'Admin', 0, '2022-08-20 06:49:13', NULL),
(844, 316, '10', 'Inez-RL-10', 'from upload', 0, 1, 'Admin', 0, '2022-08-20 06:49:13', NULL),
(845, 316, '11', 'Inez-RL-11', 'from upload', 0, 1, 'Admin', 0, '2022-08-20 06:49:13', NULL),
(846, 316, '12', 'Inez-RL-12', 'from upload', 0, 1, 'Admin', 0, '2022-08-20 06:49:13', NULL),
(847, 316, '13', 'Inez-RL-13', 'from upload', 0, 1, 'Admin', 0, '2022-08-20 06:49:13', NULL),
(848, 317, '01', 'Inez-LLF-01', 'from upload', 0, 1, 'Admin', 0, '2022-08-20 06:49:13', NULL),
(849, 317, '02', 'Inez-LLF-02', 'from upload', 0, 1, 'Admin', 0, '2022-08-20 06:49:13', NULL),
(850, 317, '09', 'Inez-LLF-09', 'from upload', 0, 1, 'Admin', 0, '2022-08-20 06:49:13', NULL),
(851, 317, '10', 'Inez-LLF-10', 'from upload', 0, 1, 'Admin', 0, '2022-08-20 06:49:13', NULL),
(852, 318, '01', 'Inez-ICP-01', 'from upload', 0, 1, 'Admin', 0, '2022-08-20 06:49:13', NULL),
(853, 318, '04', 'Inez-ICP-04', 'from upload', 0, 1, 'Admin', 0, '2022-08-20 06:49:13', NULL),
(854, 318, '09', 'Inez-ICP-09', 'from upload', 0, 1, 'Admin', 0, '2022-08-20 06:49:13', NULL),
(855, 318, '10', 'Inez-ICP-10', 'from upload', 0, 1, 'Admin', 0, '2022-08-20 06:49:13', NULL),
(856, 319, '01', 'Inez-ICR-01', 'from upload', 0, 1, 'Admin', 0, '2022-08-20 06:49:13', NULL),
(857, 319, '04', 'Inez-ICR-04', 'from upload', 0, 1, 'Admin', 0, '2022-08-20 06:49:13', NULL),
(858, 319, '09', 'Inez-ICR-09', 'from upload', 0, 1, 'Admin', 0, '2022-08-20 06:49:13', NULL),
(859, 319, '10', 'Inez-ICR-10', 'from upload', 0, 1, 'Admin', 0, '2022-08-20 06:49:13', NULL),
(860, 320, '01', 'Inez-CCPFP-01', 'from upload', 0, 1, 'Admin', 0, '2022-08-20 06:49:13', NULL),
(861, 320, '09', 'Inez-CCPFP-09', 'from upload', 0, 1, 'Admin', 0, '2022-08-20 06:49:13', NULL),
(862, 320, '10', 'Inez-CCPFP-10', 'from upload', 0, 1, 'Admin', 0, '2022-08-20 06:49:13', NULL),
(863, 321, '01', 'Inez-SSFP-01', 'from upload', 0, 1, 'Admin', 0, '2022-08-20 06:49:13', NULL),
(864, 321, '09', 'Inez-SSFP-09', 'from upload', 0, 1, 'Admin', 0, '2022-08-20 06:49:13', NULL),
(865, 321, '10', 'Inez-SSFP-10', 'from upload', 0, 1, 'Admin', 0, '2022-08-20 06:49:13', NULL),
(866, 322, '01', 'Inez-SSLF-01', 'from upload', 0, 1, 'Admin', 0, '2022-08-20 06:49:13', NULL),
(867, 322, '09', 'Inez-SSLF-09', 'from upload', 0, 1, 'Admin', 0, '2022-08-20 06:49:13', NULL),
(868, 322, '10', 'Inez-SSLF-10', 'from upload', 0, 1, 'Admin', 0, '2022-08-20 06:49:13', NULL),
(869, 323, '01', 'Inez-CC-01', 'from upload', 0, 1, 'Admin', 0, '2022-08-20 06:49:13', NULL),
(870, 323, '02', 'Inez-CC-02', 'from upload', 0, 1, 'Admin', 0, '2022-08-20 06:49:13', NULL),
(871, 323, '03', 'Inez-CC-03', 'from upload', 0, 1, 'Admin', 0, '2022-08-20 06:49:13', NULL),
(872, 323, '04', 'Inez-CC-04', 'from upload', 0, 1, 'Admin', 0, '2022-08-20 06:49:13', NULL),
(873, 323, '05', 'Inez-CC-05', 'from upload', 0, 1, 'Admin', 0, '2022-08-20 06:49:13', NULL),
(874, 321, '01', 'Inez-SSFP-01', 'from upload', 0, 1, 'Admin', 0, '2022-08-20 06:49:13', NULL),
(875, 321, '09', 'Inez-SSFP-09', 'from upload', 0, 1, 'Admin', 0, '2022-08-20 06:49:13', NULL),
(876, 321, '10', 'Inez-SSFP-10', 'from upload', 0, 1, 'Admin', 0, '2022-08-20 06:49:13', NULL),
(877, 325, 'Exclusive All Day', 'Inez-EAD', 'from upload', 0, 1, 'Admin', 0, '2022-08-20 06:49:13', NULL),
(878, 326, 'Exclusive All Night', 'Inez-EAN', 'from upload', 0, 1, 'Admin', 0, '2022-08-20 06:49:13', NULL),
(879, 327, 'Nourishing Oil Cleanser', 'Inez-NOC', 'from upload', 0, 1, 'Admin', 0, '2022-08-20 06:49:13', NULL),
(880, 328, 'Lightening Moisturizing Lotion', 'Inez-LML', 'from upload', 0, 1, 'Admin', 0, '2022-08-20 06:49:13', NULL),
(881, 329, 'Lightening Moisturizing Cream', 'Inez-LMC', 'from upload', 0, 1, 'Admin', 0, '2022-08-20 06:49:13', NULL),
(882, 330, 'Lightening Moisturizing For Oily', 'Inez-LMFO', 'from upload', 0, 1, 'Admin', 0, '2022-08-20 06:49:13', NULL),
(883, 331, 'Sun Care', 'Inez-SC', 'from upload', 0, 1, 'Admin', 0, '2022-08-20 06:49:13', NULL),
(884, 332, 'Sun Care for Oily Skin', 'Inez-SCfOS', 'from upload', 0, 1, 'Admin', 0, '2022-08-20 06:49:13', NULL),
(885, 333, 'Every Day Cream', 'Inez-EDC', 'from upload', 0, 1, 'Admin', 0, '2022-08-20 06:49:13', NULL),
(886, 334, 'Every Night Cream', 'Inez-ENC', 'from upload', 0, 1, 'Admin', 0, '2022-08-20 06:49:13', NULL),
(887, 335, 'Serum Anti Aging', 'Inez-SAA', 'from upload', 0, 1, 'Admin', 0, '2022-08-20 06:49:13', NULL),
(888, 336, 'Explotina', 'Inez-E', 'from upload', 0, 1, 'Admin', 0, '2022-08-20 06:49:13', NULL),
(889, 337, 'Anti Aging Emulsion', 'Inez-AAE', 'from upload', 0, 1, 'Admin', 0, '2022-08-20 06:49:13', NULL),
(890, 338, 'Serum Acne', 'Inez-SA', 'from upload', 0, 1, 'Admin', 0, '2022-08-20 06:49:13', NULL),
(891, 339, 'Acne Facial Cleanser', 'Inez-AFC', 'from upload', 0, 1, 'Admin', 0, '2022-08-20 06:49:13', NULL),
(892, 340, 'Acne Facial Toner', 'Inez-AFT', 'from upload', 0, 1, 'Admin', 0, '2022-08-20 06:49:13', NULL),
(893, 341, 'Anti Acne Moisturizing Lotion', 'Inez-AAML', 'from upload', 0, 1, 'Admin', 0, '2022-08-20 06:49:13', NULL),
(894, 342, 'Every Day Acne Treatment Cream', 'Inez-EDATC', 'from upload', 0, 1, 'Admin', 0, '2022-08-20 06:49:13', NULL),
(895, 343, 'Lip Conditoner', 'Inez-LC', 'from upload', 0, 1, 'Admin', 0, '2022-08-20 06:49:13', NULL),
(896, 306, '01', 'Inez-LL-01', 'from upload', 0, 1, 'Admin', 0, '2022-08-20 06:49:13', NULL),
(897, 306, '03', 'Inez-LL-03', 'from upload', 0, 1, 'Admin', 0, '2022-08-20 06:49:13', NULL),
(898, 306, '04', 'Inez-LL-04', 'from upload', 0, 1, 'Admin', 0, '2022-08-20 06:49:13', NULL),
(899, 306, '05', 'Inez-LL-05', 'from upload', 0, 1, 'Admin', 0, '2022-08-20 06:49:13', NULL),
(900, 306, '06', 'Inez-LL-06', 'from upload', 0, 1, 'Admin', 0, '2022-08-20 06:49:13', NULL),
(901, 306, '07', 'Inez-LL-07', 'from upload', 0, 1, 'Admin', 0, '2022-08-20 06:49:13', NULL),
(902, 306, '09', 'Inez-LL-09', 'from upload', 0, 1, 'Admin', 0, '2022-08-20 06:49:13', NULL),
(903, 345, '01', 'Inez-PGM-01', 'from upload', 0, 1, 'Admin', 0, '2022-08-20 06:49:13', NULL),
(904, 345, '02', 'Inez-PGM-02', 'from upload', 0, 1, 'Admin', 0, '2022-08-20 06:49:13', NULL),
(905, 345, '03', 'Inez-PGM-03', 'from upload', 0, 1, 'Admin', 0, '2022-08-20 06:49:13', NULL),
(906, 345, '04', 'Inez-PGM-04', 'from upload', 0, 1, 'Admin', 0, '2022-08-20 06:49:13', NULL),
(907, 345, '06', 'Inez-PGM-06', 'from upload', 0, 1, 'Admin', 0, '2022-08-20 06:49:13', NULL),
(908, 345, '07', 'Inez-PGM-07', 'from upload', 0, 1, 'Admin', 0, '2022-08-20 06:49:13', NULL),
(909, 345, '09', 'Inez-PGM-09', 'from upload', 0, 1, 'Admin', 0, '2022-08-20 06:49:13', NULL),
(910, 345, '10', 'Inez-PGM-10', 'from upload', 0, 1, 'Admin', 0, '2022-08-20 06:49:13', NULL),
(911, 345, '11', 'Inez-PGM-11', 'from upload', 0, 1, 'Admin', 0, '2022-08-20 06:49:13', NULL),
(912, 345, '12', 'Inez-PGM-12', 'from upload', 0, 1, 'Admin', 0, '2022-08-20 06:49:13', NULL),
(913, 345, '13', 'Inez-PGM-13', 'from upload', 0, 1, 'Admin', 0, '2022-08-20 06:49:13', NULL),
(914, 346, '01', 'Inez-SLC-01', 'from upload', 0, 1, 'Admin', 0, '2022-08-20 06:49:13', NULL),
(915, 346, '02', 'Inez-SLC-02', 'from upload', 0, 1, 'Admin', 0, '2022-08-20 06:49:13', NULL),
(916, 346, '03', 'Inez-SLC-03', 'from upload', 0, 1, 'Admin', 0, '2022-08-20 06:49:13', NULL),
(917, 346, '04', 'Inez-SLC-04', 'from upload', 0, 1, 'Admin', 0, '2022-08-20 06:49:13', NULL),
(918, 346, '05', 'Inez-SLC-05', 'from upload', 0, 1, 'Admin', 0, '2022-08-20 06:49:13', NULL),
(919, 346, '06', 'Inez-SLC-06', 'from upload', 0, 1, 'Admin', 0, '2022-08-20 06:49:13', NULL),
(920, 346, '09', 'Inez-SLC-09', 'from upload', 0, 1, 'Admin', 0, '2022-08-20 06:49:13', NULL),
(921, 346, '10', 'Inez-SLC-10', 'from upload', 0, 1, 'Admin', 0, '2022-08-20 06:49:13', NULL),
(922, 346, '11', 'Inez-SLC-11', 'from upload', 0, 1, 'Admin', 0, '2022-08-20 06:49:13', NULL),
(923, 346, '12', 'Inez-SLC-12', 'from upload', 0, 1, 'Admin', 0, '2022-08-20 06:49:13', NULL),
(924, 346, '13', 'Inez-SLC-13', 'from upload', 0, 1, 'Admin', 0, '2022-08-20 06:49:13', NULL),
(925, 346, '14', 'Inez-SLC-14', 'from upload', 0, 1, 'Admin', 0, '2022-08-20 06:49:13', NULL),
(926, 346, '15', 'Inez-SLC-15', 'from upload', 0, 1, 'Admin', 0, '2022-08-20 06:49:13', NULL),
(927, 347, 'evening', 'Inez-PADSS-evening', 'from upload', 0, 1, 'Admin', 0, '2022-08-20 06:49:13', NULL),
(928, 347, 'auntum', 'Inez-PADSS-auntum', 'from upload', 0, 1, 'Admin', 0, '2022-08-20 06:49:13', NULL),
(929, 347, 'morning', 'Inez-PADSS-morning', 'from upload', 0, 1, 'Admin', 0, '2022-08-20 06:49:13', NULL),
(930, 348, 'spons tabur', 'Inez-st', 'from upload', 0, 1, 'Admin', 0, '2022-08-20 06:49:13', NULL),
(931, 349, 'spons bedak', 'Inez-sb', 'from upload', 0, 1, 'Admin', 0, '2022-08-20 06:49:13', NULL),
(932, 350, 'Rautan', 'Inez-R', 'from upload', 0, 1, 'Admin', 0, '2022-08-20 06:49:13', NULL),
(933, 351, 'Loose eyeshadow Powder', 'Inez-LeP', 'from upload', 0, 1, 'Admin', 0, '2022-08-20 06:49:13', NULL),
(934, 352, 'Intense color lipstik', 'Inez-Icl', 'from upload', 0, 1, 'Admin', 0, '2022-08-20 06:49:13', NULL),
(935, 353, '11', 'Wardah-IPBC-11', 'from upload', 0, 1, 'Admin', 0, '2022-08-20 06:49:13', NULL),
(936, 353, '12', 'Wardah-IPBC-12', 'from upload', 0, 1, 'Admin', 0, '2022-08-20 06:49:13', NULL),
(937, 353, '13', 'Wardah-IPBC-13', 'from upload', 0, 1, 'Admin', 0, '2022-08-20 06:49:13', NULL),
(938, 353, '14', 'Wardah-IPBC-14', 'from upload', 0, 1, 'Admin', 0, '2022-08-20 06:49:13', NULL),
(939, 354, '11', 'Wardah-IPBCR-11', 'from upload', 0, 1, 'Admin', 0, '2022-08-20 06:49:13', NULL),
(940, 354, '12', 'Wardah-IPBCR-12', 'from upload', 0, 1, 'Admin', 0, '2022-08-20 06:49:13', NULL),
(941, 354, '13', 'Wardah-IPBCR-13', 'from upload', 0, 1, 'Admin', 0, '2022-08-20 06:49:13', NULL),
(942, 354, '14', 'Wardah-IPBCR-14', 'from upload', 0, 1, 'Admin', 0, '2022-08-20 06:49:13', NULL),
(943, 355, '11', 'Wardah-IPT-11', 'from upload', 0, 1, 'Admin', 0, '2022-08-20 06:49:13', NULL),
(944, 355, '12', 'Wardah-IPT-12', 'from upload', 0, 1, 'Admin', 0, '2022-08-20 06:49:13', NULL),
(945, 355, '13', 'Wardah-IPT-13', 'from upload', 0, 1, 'Admin', 0, '2022-08-20 06:49:13', NULL),
(946, 355, '14', 'Wardah-IPT-14', 'from upload', 0, 1, 'Admin', 0, '2022-08-20 06:49:13', NULL),
(947, 356, '11', 'Wardah-IPTR-11', 'from upload', 0, 1, 'Admin', 0, '2022-08-20 06:49:13', NULL),
(948, 356, '12', 'Wardah-IPTR-12', 'from upload', 0, 1, 'Admin', 0, '2022-08-20 06:49:13', NULL),
(949, 356, '13', 'Wardah-IPTR-13', 'from upload', 0, 1, 'Admin', 0, '2022-08-20 06:49:13', NULL),
(950, 356, '14', 'Wardah-IPTR-14', 'from upload', 0, 1, 'Admin', 0, '2022-08-20 06:49:13', NULL),
(951, 357, '01', 'Wardah-IPC-01', 'from upload', 0, 1, 'Admin', 0, '2022-08-20 06:49:13', NULL),
(952, 357, '02', 'Wardah-IPC-02', 'from upload', 0, 1, 'Admin', 0, '2022-08-20 06:49:13', NULL),
(953, 358, 'Insta Perfect Eye Shadow Pallet', 'Wardah-IPESP', 'from upload', 0, 1, 'Admin', 0, '2022-08-20 06:49:13', NULL),
(954, 353, '01', 'Wardah-IPBC-01', 'from upload', 0, 1, 'Admin', 0, '2022-08-20 06:49:13', NULL),
(955, 353, '02', 'Wardah-IPBC-02', 'from upload', 0, 1, 'Admin', 0, '2022-08-20 06:49:13', NULL),
(956, 360, 'Insta Perfect Skin Primer', 'Wardah-IPSP', 'from upload', 0, 1, 'Admin', 0, '2022-08-20 06:49:13', NULL),
(957, 361, 'Insta Perfect (Ell Match) Microsmooth Liner', 'Wardah-IP(MML', 'from upload', 0, 1, 'Admin', 0, '2022-08-20 06:49:13', NULL),
(958, 362, 'Insta Perfect Ell Spidol', 'Wardah-IPES', 'from upload', 0, 1, 'Admin', 0, '2022-08-20 06:49:13', NULL),
(959, 363, '01', 'Wardah-IPBM-01', 'from upload', 0, 1, 'Admin', 0, '2022-08-20 06:49:13', NULL),
(960, 363, '02', 'Wardah-IPBM-02', 'from upload', 0, 1, 'Admin', 0, '2022-08-20 06:49:13', NULL),
(961, 364, '01', 'Wardah-IPMBB-01', 'from upload', 0, 1, 'Admin', 0, '2022-08-20 06:49:13', NULL),
(962, 364, '02', 'Wardah-IPMBB-02', 'from upload', 0, 1, 'Admin', 0, '2022-08-20 06:49:13', NULL),
(963, 365, '01', 'Wardah-IPGCLC-01', 'from upload', 0, 1, 'Admin', 0, '2022-08-20 06:49:13', NULL),
(964, 365, '02', 'Wardah-IPGCLC-02', 'from upload', 0, 1, 'Admin', 0, '2022-08-20 06:49:13', NULL),
(965, 365, '03', 'Wardah-IPGCLC-03', 'from upload', 0, 1, 'Admin', 0, '2022-08-20 06:49:13', NULL),
(966, 366, '01', 'Wardah-IP(CLMP-01', 'from upload', 0, 1, 'Admin', 0, '2022-08-20 06:49:13', NULL),
(967, 366, '02', 'Wardah-IP(CLMP-02', 'from upload', 0, 1, 'Admin', 0, '2022-08-20 06:49:13', NULL),
(968, 366, '03', 'Wardah-IP(CLMP-03', 'from upload', 0, 1, 'Admin', 0, '2022-08-20 06:49:13', NULL),
(969, 366, '04', 'Wardah-IP(CLMP-04', 'from upload', 0, 1, 'Admin', 0, '2022-08-20 06:49:13', NULL),
(970, 366, '05', 'Wardah-IP(CLMP-05', 'from upload', 0, 1, 'Admin', 0, '2022-08-20 06:49:13', NULL),
(971, 366, '06', 'Wardah-IP(CLMP-06', 'from upload', 0, 1, 'Admin', 0, '2022-08-20 06:49:13', NULL),
(972, 366, '07', 'Wardah-IP(CLMP-07', 'from upload', 0, 1, 'Admin', 0, '2022-08-20 06:49:13', NULL),
(973, 366, '08', 'Wardah-IP(CLMP-08', 'from upload', 0, 1, 'Admin', 0, '2022-08-20 06:49:13', NULL),
(974, 366, '09', 'Wardah-IP(CLMP-09', 'from upload', 0, 1, 'Admin', 0, '2022-08-20 06:49:13', NULL),
(975, 367, '01', 'Wardah-IPMMS-01', 'from upload', 0, 1, 'Admin', 0, '2022-08-20 06:49:13', NULL),
(976, 367, '02', 'Wardah-IPMMS-02', 'from upload', 0, 1, 'Admin', 0, '2022-08-20 06:49:13', NULL),
(977, 367, '03', 'Wardah-IPMMS-03', 'from upload', 0, 1, 'Admin', 0, '2022-08-20 06:49:13', NULL),
(978, 367, '04', 'Wardah-IPMMS-04', 'from upload', 0, 1, 'Admin', 0, '2022-08-20 06:49:13', NULL),
(979, 367, '05', 'Wardah-IPMMS-05', 'from upload', 0, 1, 'Admin', 0, '2022-08-20 06:49:13', NULL),
(980, 368, 'Eyexpert Aqualash Mascara', 'Wardah-EAM', 'from upload', 0, 1, 'Admin', 0, '2022-08-20 06:49:13', NULL),
(981, 369, 'Eyexpert Perfecurl Mascara', 'Wardah-EPM', 'from upload', 0, 1, 'Admin', 0, '2022-08-20 06:49:13', NULL),
(982, 370, 'Eyexpert The Volume Mascara', 'Wardah-ETVM', 'from upload', 0, 1, 'Admin', 0, '2022-08-20 06:49:13', NULL),
(983, 371, 'Eyexpert Eyeliner Cair', 'Wardah-EEC', 'from upload', 0, 1, 'Admin', 0, '2022-08-20 06:49:13', NULL),
(984, 372, 'Eyexpert Eyeliner Gel', 'Wardah-EEG', 'from upload', 0, 1, 'Admin', 0, '2022-08-20 06:49:13', NULL),
(985, 373, 'black', 'Wardah-EE-black', 'from upload', 0, 1, 'Admin', 0, '2022-08-20 06:49:13', NULL),
(986, 373, 'white', 'Wardah-EE-white', 'from upload', 0, 1, 'Admin', 0, '2022-08-20 06:49:13', NULL),
(987, 373, 'brown', 'Wardah-EE-brown', 'from upload', 0, 1, 'Admin', 0, '2022-08-20 06:49:13', NULL),
(988, 374, 'Eyexpert Eyeliner Spidol', 'Wardah-EES', 'from upload', 0, 1, 'Admin', 0, '2022-08-20 06:49:13', NULL),
(989, 375, 'Eyexpert Eye & Lip Remover 50 ml', 'Wardah-EE&LR5m', 'from upload', 0, 1, 'Admin', 0, '2022-08-20 06:49:13', NULL),
(990, 376, 'Eyexpert Eye & Lip Remover 100 ml', 'Wardah-EE&LR1m', 'from upload', 0, 1, 'Admin', 0, '2022-08-20 06:49:13', NULL),
(991, 377, 'black', 'Wardah-EP-black', 'from upload', 0, 1, 'Admin', 0, '2022-08-20 06:49:13', NULL),
(992, 377, 'brown', 'Wardah-EP-brown', 'from upload', 0, 1, 'Admin', 0, '2022-08-20 06:49:13', NULL),
(993, 378, 'Eyebrow Kit', 'Wardah-EK', 'from upload', 0, 1, 'Admin', 0, '2022-08-20 06:49:13', NULL),
(994, 379, 'Double Function Lat (Dfk)', 'Wardah-DFL(', 'from upload', 0, 1, 'Admin', 0, '2022-08-20 06:49:13', NULL),
(995, 380, 'Honey', 'Wardah-LN-Honey', 'from upload', 0, 1, 'Admin', 0, '2022-08-20 06:49:13', NULL),
(996, 380, 'greentea', 'Wardah-LN-greentea', 'from upload', 0, 1, 'Admin', 0, '2022-08-20 06:49:13', NULL),
(997, 381, 'strawberry', 'Wardah-LSF-strawberry', 'from upload', 0, 1, 'Admin', 0, '2022-08-20 06:49:13', NULL),
(998, 381, 'grape', 'Wardah-LSF-grape', 'from upload', 0, 1, 'Admin', 0, '2022-08-20 06:49:13', NULL),
(999, 382, 'pinky', 'Wardah-LP-pinky', 'from upload', 0, 1, 'Admin', 0, '2022-08-20 06:49:13', NULL),
(1000, 382, 'red', 'Wardah-LP-red', 'from upload', 0, 1, 'Admin', 0, '2022-08-20 06:49:13', NULL);
INSERT INTO `product_variant` (`id`, `product_id`, `nama`, `variant_code`, `description`, `limit_reminder`, `is_active`, `user_modified`, `is_deleted`, `created_at`, `updated_at`) VALUES
(1001, 382, 'cokelat', 'Wardah-LP-cokelat', 'from upload', 0, 1, 'Admin', 0, '2022-08-20 06:49:13', NULL),
(1002, 383, '01', 'Wardah-LV-01', 'from upload', 0, 1, 'Admin', 0, '2022-08-20 06:49:13', NULL),
(1003, 383, '02', 'Wardah-LV-02', 'from upload', 0, 1, 'Admin', 0, '2022-08-20 06:49:13', NULL),
(1004, 383, '03', 'Wardah-LV-03', 'from upload', 0, 1, 'Admin', 0, '2022-08-20 06:49:13', NULL),
(1005, 383, '04', 'Wardah-LV-04', 'from upload', 0, 1, 'Admin', 0, '2022-08-20 06:49:13', NULL),
(1006, 383, '05', 'Wardah-LV-05', 'from upload', 0, 1, 'Admin', 0, '2022-08-20 06:49:13', NULL),
(1007, 383, '06', 'Wardah-LV-06', 'from upload', 0, 1, 'Admin', 0, '2022-08-20 06:49:13', NULL),
(1008, 383, '07', 'Wardah-LV-07', 'from upload', 0, 1, 'Admin', 0, '2022-08-20 06:49:13', NULL),
(1009, 383, '08', 'Wardah-LV-08', 'from upload', 0, 1, 'Admin', 0, '2022-08-20 06:49:13', NULL),
(1010, 383, '09', 'Wardah-LV-09', 'from upload', 0, 1, 'Admin', 0, '2022-08-20 06:49:13', NULL),
(1011, 383, '10', 'Wardah-LV-10', 'from upload', 0, 1, 'Admin', 0, '2022-08-20 06:49:13', NULL),
(1012, 383, '11', 'Wardah-LV-11', 'from upload', 0, 1, 'Admin', 0, '2022-08-20 06:49:13', NULL),
(1013, 383, '12', 'Wardah-LV-12', 'from upload', 0, 1, 'Admin', 0, '2022-08-20 06:49:13', NULL),
(1014, 383, '13', 'Wardah-LV-13', 'from upload', 0, 1, 'Admin', 0, '2022-08-20 06:49:13', NULL),
(1015, 383, '14', 'Wardah-LV-14', 'from upload', 0, 1, 'Admin', 0, '2022-08-20 06:49:13', NULL),
(1016, 384, '01', 'Wardah-LU-01', 'from upload', 0, 1, 'Admin', 0, '2022-08-20 06:49:13', NULL),
(1017, 384, '02', 'Wardah-LU-02', 'from upload', 0, 1, 'Admin', 0, '2022-08-20 06:49:13', NULL),
(1018, 384, '03', 'Wardah-LU-03', 'from upload', 0, 1, 'Admin', 0, '2022-08-20 06:49:13', NULL),
(1019, 384, '04', 'Wardah-LU-04', 'from upload', 0, 1, 'Admin', 0, '2022-08-20 06:49:13', NULL),
(1020, 384, '05', 'Wardah-LU-05', 'from upload', 0, 1, 'Admin', 0, '2022-08-20 06:49:13', NULL),
(1021, 384, '06', 'Wardah-LU-06', 'from upload', 0, 1, 'Admin', 0, '2022-08-20 06:49:13', NULL),
(1022, 384, '07', 'Wardah-LU-07', 'from upload', 0, 1, 'Admin', 0, '2022-08-20 06:49:13', NULL),
(1023, 384, '08', 'Wardah-LU-08', 'from upload', 0, 1, 'Admin', 0, '2022-08-20 06:49:13', NULL),
(1024, 384, '09', 'Wardah-LU-09', 'from upload', 0, 1, 'Admin', 0, '2022-08-20 06:49:13', NULL),
(1025, 384, '10', 'Wardah-LU-10', 'from upload', 0, 1, 'Admin', 0, '2022-08-20 06:49:13', NULL),
(1026, 384, '11', 'Wardah-LU-11', 'from upload', 0, 1, 'Admin', 0, '2022-08-20 06:49:13', NULL),
(1027, 384, '12', 'Wardah-LU-12', 'from upload', 0, 1, 'Admin', 0, '2022-08-20 06:49:13', NULL),
(1028, 384, '13', 'Wardah-LU-13', 'from upload', 0, 1, 'Admin', 0, '2022-08-20 06:49:13', NULL),
(1029, 385, '01', 'Wardah-LL-01', 'from upload', 0, 1, 'Admin', 0, '2022-08-20 06:49:13', NULL),
(1030, 385, '02', 'Wardah-LL-02', 'from upload', 0, 1, 'Admin', 0, '2022-08-20 06:49:13', NULL),
(1031, 385, '03', 'Wardah-LL-03', 'from upload', 0, 1, 'Admin', 0, '2022-08-20 06:49:13', NULL),
(1032, 385, '04', 'Wardah-LL-04', 'from upload', 0, 1, 'Admin', 0, '2022-08-20 06:49:13', NULL),
(1033, 385, '05', 'Wardah-LL-05', 'from upload', 0, 1, 'Admin', 0, '2022-08-20 06:49:13', NULL),
(1034, 385, '06', 'Wardah-LL-06', 'from upload', 0, 1, 'Admin', 0, '2022-08-20 06:49:13', NULL),
(1035, 385, '07', 'Wardah-LL-07', 'from upload', 0, 1, 'Admin', 0, '2022-08-20 06:49:13', NULL),
(1036, 385, '08', 'Wardah-LL-08', 'from upload', 0, 1, 'Admin', 0, '2022-08-20 06:49:13', NULL),
(1037, 385, '09', 'Wardah-LL-09', 'from upload', 0, 1, 'Admin', 0, '2022-08-20 06:49:13', NULL),
(1038, 385, '10', 'Wardah-LL-10', 'from upload', 0, 1, 'Admin', 0, '2022-08-20 06:49:13', NULL),
(1039, 385, '11', 'Wardah-LL-11', 'from upload', 0, 1, 'Admin', 0, '2022-08-20 06:49:13', NULL),
(1040, 385, '12', 'Wardah-LL-12', 'from upload', 0, 1, 'Admin', 0, '2022-08-20 06:49:13', NULL),
(1041, 385, '13', 'Wardah-LL-13', 'from upload', 0, 1, 'Admin', 0, '2022-08-20 06:49:13', NULL),
(1042, 385, '14', 'Wardah-LL-14', 'from upload', 0, 1, 'Admin', 0, '2022-08-20 06:49:13', NULL),
(1043, 385, '15', 'Wardah-LL-15', 'from upload', 0, 1, 'Admin', 0, '2022-08-20 06:49:13', NULL),
(1044, 385, '16', 'Wardah-LL-16', 'from upload', 0, 1, 'Admin', 0, '2022-08-20 06:49:13', NULL),
(1045, 385, '17', 'Wardah-LL-17', 'from upload', 0, 1, 'Admin', 0, '2022-08-20 06:49:13', NULL),
(1046, 385, '18', 'Wardah-LL-18', 'from upload', 0, 1, 'Admin', 0, '2022-08-20 06:49:13', NULL),
(1047, 385, '19', 'Wardah-LL-19', 'from upload', 0, 1, 'Admin', 0, '2022-08-20 06:49:13', NULL),
(1048, 386, '01', 'Wardah-LI-01', 'from upload', 0, 1, 'Admin', 0, '2022-08-20 06:49:13', NULL),
(1049, 386, '02', 'Wardah-LI-02', 'from upload', 0, 1, 'Admin', 0, '2022-08-20 06:49:13', NULL),
(1050, 386, '03', 'Wardah-LI-03', 'from upload', 0, 1, 'Admin', 0, '2022-08-20 06:49:13', NULL),
(1051, 386, '04', 'Wardah-LI-04', 'from upload', 0, 1, 'Admin', 0, '2022-08-20 06:49:13', NULL),
(1052, 386, '05', 'Wardah-LI-05', 'from upload', 0, 1, 'Admin', 0, '2022-08-20 06:49:13', NULL),
(1053, 386, '06', 'Wardah-LI-06', 'from upload', 0, 1, 'Admin', 0, '2022-08-20 06:49:13', NULL),
(1054, 386, '07', 'Wardah-LI-07', 'from upload', 0, 1, 'Admin', 0, '2022-08-20 06:49:13', NULL),
(1055, 386, '08', 'Wardah-LI-08', 'from upload', 0, 1, 'Admin', 0, '2022-08-20 06:49:13', NULL),
(1056, 386, '09', 'Wardah-LI-09', 'from upload', 0, 1, 'Admin', 0, '2022-08-20 06:49:13', NULL),
(1057, 386, '10', 'Wardah-LI-10', 'from upload', 0, 1, 'Admin', 0, '2022-08-20 06:49:13', NULL),
(1058, 386, '11', 'Wardah-LI-11', 'from upload', 0, 1, 'Admin', 0, '2022-08-20 06:49:13', NULL),
(1059, 386, '12', 'Wardah-LI-12', 'from upload', 0, 1, 'Admin', 0, '2022-08-20 06:49:13', NULL),
(1060, 386, '13', 'Wardah-LI-13', 'from upload', 0, 1, 'Admin', 0, '2022-08-20 06:49:13', NULL),
(1061, 386, '14', 'Wardah-LI-14', 'from upload', 0, 1, 'Admin', 0, '2022-08-20 06:49:13', NULL),
(1062, 386, '15', 'Wardah-LI-15', 'from upload', 0, 1, 'Admin', 0, '2022-08-20 06:49:13', NULL),
(1063, 386, '16', 'Wardah-LI-16', 'from upload', 0, 1, 'Admin', 0, '2022-08-20 06:49:13', NULL),
(1064, 387, '01', 'Wardah-CaL-01', 'from upload', 0, 1, 'Admin', 0, '2022-08-20 06:49:13', NULL),
(1065, 387, '02', 'Wardah-CaL-02', 'from upload', 0, 1, 'Admin', 0, '2022-08-20 06:49:13', NULL),
(1066, 387, '03', 'Wardah-CaL-03', 'from upload', 0, 1, 'Admin', 0, '2022-08-20 06:49:13', NULL),
(1067, 388, 'olive', 'Wardah-BS1m-olive', 'from upload', 0, 1, 'Admin', 0, '2022-08-20 06:49:13', NULL),
(1068, 388, 'strawberry', 'Wardah-BS1m-strawberry', 'from upload', 0, 1, 'Admin', 0, '2022-08-20 06:49:13', NULL),
(1069, 389, 'olive', 'Wardah-BB1m-olive', 'from upload', 0, 1, 'Admin', 0, '2022-08-20 06:49:13', NULL),
(1070, 389, 'strawberry', 'Wardah-BB1m-strawberry', 'from upload', 0, 1, 'Admin', 0, '2022-08-20 06:49:13', NULL),
(1071, 389, 'lavender', 'Wardah-BB1m-lavender', 'from upload', 0, 1, 'Admin', 0, '2022-08-20 06:49:13', NULL),
(1072, 389, 'milk', 'Wardah-BB1m-milk', 'from upload', 0, 1, 'Admin', 0, '2022-08-20 06:49:13', NULL),
(1073, 389, 'fruity', 'Wardah-BB1m-fruity', 'from upload', 0, 1, 'Admin', 0, '2022-08-20 06:49:13', NULL),
(1074, 390, 'bliss', 'Wardah-BMS-bliss', 'from upload', 0, 1, 'Admin', 0, '2022-08-20 06:49:13', NULL),
(1075, 390, 'joyful', 'Wardah-BMS-joyful', 'from upload', 0, 1, 'Admin', 0, '2022-08-20 06:49:13', NULL),
(1076, 390, 'purify', 'Wardah-BMS-purify', 'from upload', 0, 1, 'Admin', 0, '2022-08-20 06:49:13', NULL),
(1077, 390, 'peaceful', 'Wardah-BMS-peaceful', 'from upload', 0, 1, 'Admin', 0, '2022-08-20 06:49:13', NULL),
(1078, 390, 'passion', 'Wardah-BMS-passion', 'from upload', 0, 1, 'Admin', 0, '2022-08-20 06:49:13', NULL),
(1079, 391, 'bliss', 'Wardah-BE-bliss', 'from upload', 0, 1, 'Admin', 0, '2022-08-20 06:49:13', NULL),
(1080, 391, 'joyful', 'Wardah-BE-joyful', 'from upload', 0, 1, 'Admin', 0, '2022-08-20 06:49:13', NULL),
(1081, 391, 'purify', 'Wardah-BE-purify', 'from upload', 0, 1, 'Admin', 0, '2022-08-20 06:49:13', NULL),
(1082, 391, 'peaceful', 'Wardah-BE-peaceful', 'from upload', 0, 1, 'Admin', 0, '2022-08-20 06:49:13', NULL),
(1083, 391, 'passion', 'Wardah-BE-passion', 'from upload', 0, 1, 'Admin', 0, '2022-08-20 06:49:13', NULL),
(1084, 392, 'shine', 'Wardah-S-shine', 'from upload', 0, 1, 'Admin', 0, '2022-08-20 06:49:13', NULL),
(1085, 392, 'hairfall', 'Wardah-S-hairfall', 'from upload', 0, 1, 'Admin', 0, '2022-08-20 06:49:13', NULL),
(1086, 392, 'fresh', 'Wardah-S-fresh', 'from upload', 0, 1, 'Admin', 0, '2022-08-20 06:49:13', NULL),
(1087, 392, 'anti dandruf', 'Wardah-S-anti dandruf', 'from upload', 0, 1, 'Admin', 0, '2022-08-20 06:49:13', NULL),
(1088, 393, 'hairfall', 'Wardah-C-hairfall', 'from upload', 0, 1, 'Admin', 0, '2022-08-20 06:49:13', NULL),
(1089, 393, 'shine', 'Wardah-C-shine', 'from upload', 0, 1, 'Admin', 0, '2022-08-20 06:49:13', NULL),
(1090, 394, 'Pure Olive Oil', 'Wardah-POO', 'from upload', 0, 1, 'Admin', 0, '2022-08-20 06:49:13', NULL),
(1091, 395, 'Olive Oil for Massage', 'Wardah-OOfM', 'from upload', 0, 1, 'Admin', 0, '2022-08-20 06:49:13', NULL),
(1092, 396, 'a', 'Wardah-E(-a', 'from upload', 0, 1, 'Admin', 0, '2022-08-20 06:49:13', NULL),
(1093, 396, 'b', 'Wardah-E(-b', 'from upload', 0, 1, 'Admin', 0, '2022-08-20 06:49:13', NULL),
(1094, 396, 'c', 'Wardah-E(-c', 'from upload', 0, 1, 'Admin', 0, '2022-08-20 06:49:13', NULL),
(1095, 396, 'd', 'Wardah-E(-d', 'from upload', 0, 1, 'Admin', 0, '2022-08-20 06:49:13', NULL),
(1096, 396, 'e', 'Wardah-E(-e', 'from upload', 0, 1, 'Admin', 0, '2022-08-20 06:49:13', NULL),
(1097, 396, 'f', 'Wardah-E(-f', 'from upload', 0, 1, 'Admin', 0, '2022-08-20 06:49:13', NULL),
(1098, 396, 'g', 'Wardah-E(-g', 'from upload', 0, 1, 'Admin', 0, '2022-08-20 06:49:13', NULL),
(1099, 396, 'h', 'Wardah-E(-h', 'from upload', 0, 1, 'Admin', 0, '2022-08-20 06:49:13', NULL),
(1100, 396, 'I', 'Wardah-E(-I', 'from upload', 0, 1, 'Admin', 0, '2022-08-20 06:49:13', NULL),
(1101, 396, 'j', 'Wardah-E(-j', 'from upload', 0, 1, 'Admin', 0, '2022-08-20 06:49:13', NULL),
(1102, 396, 'k', 'Wardah-E(-k', 'from upload', 0, 1, 'Admin', 0, '2022-08-20 06:49:13', NULL),
(1103, 396, 'l', 'Wardah-E(-l', 'from upload', 0, 1, 'Admin', 0, '2022-08-20 06:49:13', NULL),
(1104, 396, 'm', 'Wardah-E(-m', 'from upload', 0, 1, 'Admin', 0, '2022-08-20 06:49:13', NULL),
(1105, 396, 'n', 'Wardah-E(-n', 'from upload', 0, 1, 'Admin', 0, '2022-08-20 06:49:13', NULL),
(1106, 397, 'classic', 'Wardah-EX-classic', 'from upload', 0, 1, 'Admin', 0, '2022-08-20 06:49:13', NULL),
(1107, 397, 'passionate', 'Wardah-EX-passionate', 'from upload', 0, 1, 'Admin', 0, '2022-08-20 06:49:13', NULL),
(1108, 398, 'a', 'Wardah-B-a', 'from upload', 0, 1, 'Admin', 0, '2022-08-20 06:49:13', NULL),
(1109, 398, 'b', 'Wardah-B-b', 'from upload', 0, 1, 'Admin', 0, '2022-08-20 06:49:13', NULL),
(1110, 398, 'c', 'Wardah-B-c', 'from upload', 0, 1, 'Admin', 0, '2022-08-20 06:49:13', NULL),
(1111, 398, 'd', 'Wardah-B-d', 'from upload', 0, 1, 'Admin', 0, '2022-08-20 06:49:13', NULL),
(1112, 399, 'Eyexpert Eye & Lip Remover K', 'Wardah-EE&LRK', 'from upload', 0, 1, 'Admin', 0, '2022-08-20 06:49:13', NULL),
(1113, 400, 'Eyexpert Eye & Lip Remover B', 'Wardah-EE&LRB', 'from upload', 0, 1, 'Admin', 0, '2022-08-20 06:49:13', NULL),
(1114, 401, 'aloe', 'Wardah-SM-aloe', 'from upload', 0, 1, 'Admin', 0, '2022-08-20 06:49:13', NULL),
(1115, 401, 'rice', 'Wardah-SM-rice', 'from upload', 0, 1, 'Admin', 0, '2022-08-20 06:49:13', NULL),
(1116, 401, 'rose', 'Wardah-SM-rose', 'from upload', 0, 1, 'Admin', 0, '2022-08-20 06:49:13', NULL),
(1117, 401, 'greentea', 'Wardah-SM-greentea', 'from upload', 0, 1, 'Admin', 0, '2022-08-20 06:49:13', NULL),
(1118, 401, 'vit c', 'Wardah-SM-vit c', 'from upload', 0, 1, 'Admin', 0, '2022-08-20 06:49:13', NULL),
(1119, 402, 'milky oat', 'Wardah-NDCM-milky oat', 'from upload', 0, 1, 'Admin', 0, '2022-08-20 06:49:13', NULL),
(1120, 402, 'alpanie apple', 'Wardah-NDCM-alpanie apple', 'from upload', 0, 1, 'Admin', 0, '2022-08-20 06:49:13', NULL),
(1121, 402, 'orange pomelo', 'Wardah-NDCM-orange pomelo', 'from upload', 0, 1, 'Admin', 0, '2022-08-20 06:49:13', NULL),
(1122, 402, 'tea tree oil', 'Wardah-NDCM-tea tree oil', 'from upload', 0, 1, 'Admin', 0, '2022-08-20 06:49:13', NULL),
(1123, 402, 'acai berry', 'Wardah-NDCM-acai berry', 'from upload', 0, 1, 'Admin', 0, '2022-08-20 06:49:13', NULL),
(1124, 403, 'Natur Daily Hydromild Hard Gel', 'Wardah-NDHHG', 'from upload', 0, 1, 'Admin', 0, '2022-08-20 06:49:13', NULL),
(1125, 404, 'Seaweed Hydrating Booster', 'Wardah-SHB', 'from upload', 0, 1, 'Admin', 0, '2022-08-20 06:49:13', NULL),
(1126, 405, 'Seaweed Balancing Powder', 'Wardah-SBP', 'from upload', 0, 1, 'Admin', 0, '2022-08-20 06:49:13', NULL),
(1127, 406, 'Seaweed Balancing Cleanser', 'Wardah-SBC', 'from upload', 0, 1, 'Admin', 0, '2022-08-20 06:49:13', NULL),
(1128, 407, '01', 'Wardah-CP-01', 'from upload', 0, 1, 'Admin', 0, '2022-08-20 06:49:13', NULL),
(1129, 407, '02', 'Wardah-CP-02', 'from upload', 0, 1, 'Admin', 0, '2022-08-20 06:49:13', NULL),
(1130, 407, '03', 'Wardah-CP-03', 'from upload', 0, 1, 'Admin', 0, '2022-08-20 06:49:13', NULL),
(1131, 407, '04', 'Wardah-CP-04', 'from upload', 0, 1, 'Admin', 0, '2022-08-20 06:49:13', NULL),
(1132, 408, '01', 'Wardah-CPR-01', 'from upload', 0, 1, 'Admin', 0, '2022-08-20 06:49:13', NULL),
(1133, 408, '02', 'Wardah-CPR-02', 'from upload', 0, 1, 'Admin', 0, '2022-08-20 06:49:13', NULL),
(1134, 408, '03', 'Wardah-CPR-03', 'from upload', 0, 1, 'Admin', 0, '2022-08-20 06:49:13', NULL),
(1135, 408, '04', 'Wardah-CPR-04', 'from upload', 0, 1, 'Admin', 0, '2022-08-20 06:49:13', NULL),
(1136, 409, 'Roll on', 'Wardah-Ro', 'from upload', 0, 1, 'Admin', 0, '2022-08-20 06:49:13', NULL),
(1137, 392, 'Spons', 'Wardah-S', 'from upload', 0, 1, 'Admin', 0, '2022-08-20 06:49:13', NULL),
(1138, 411, 'Hydra Rose Day B', 'Wardah-HRDB', 'from upload', 0, 1, 'Admin', 0, '2022-08-20 06:49:13', NULL),
(1139, 412, 'Hydra Rose Day K', 'Wardah-HRDK', 'from upload', 0, 1, 'Admin', 0, '2022-08-20 06:49:13', NULL),
(1140, 413, 'Hydra Rose Night B', 'Wardah-HRNB', 'from upload', 0, 1, 'Admin', 0, '2022-08-20 06:49:13', NULL),
(1141, 414, 'Hydra Rose Night K', 'Wardah-HRNK', 'from upload', 0, 1, 'Admin', 0, '2022-08-20 06:49:13', NULL),
(1142, 415, 'Hydra Rose Serum', 'Wardah-HRS', 'from upload', 0, 1, 'Admin', 0, '2022-08-20 06:49:13', NULL),
(1143, 416, 'Hydra Rose Toner', 'Wardah-HRT', 'from upload', 0, 1, 'Admin', 0, '2022-08-20 06:49:13', NULL),
(1144, 417, 'Hydra Rose F/F', 'Wardah-HRF', 'from upload', 0, 1, 'Admin', 0, '2022-08-20 06:49:13', NULL),
(1145, 418, 'UV Shield SPF 50++ Oranye', 'Wardah-USS5O', 'from upload', 0, 1, 'Admin', 0, '2022-08-20 06:49:13', NULL),
(1146, 419, 'UV Shield SPF 50++ Biru', 'Wardah-USS5B', 'from upload', 0, 1, 'Admin', 0, '2022-08-20 06:49:13', NULL),
(1147, 420, 'UV Shield SPF 30', 'Wardah-USS3', 'from upload', 0, 1, 'Admin', 0, '2022-08-20 06:49:13', NULL),
(1148, 421, 'Purifying Gel with Hazel', 'Wardah-PGwH', 'from upload', 0, 1, 'Admin', 0, '2022-08-20 06:49:13', NULL),
(1149, 422, 'Purifying Serum with Hazel', 'Wardah-PSwH', 'from upload', 0, 1, 'Admin', 0, '2022-08-20 06:49:13', NULL),
(1150, 423, 'Paket Haji dan Umrah', 'Wardah-PHdU', 'from upload', 0, 1, 'Admin', 0, '2022-08-20 06:49:13', NULL),
(1151, 424, 'Lightening Sheet Mask', 'Wardah-LSM', 'from upload', 0, 1, 'Admin', 0, '2022-08-20 06:49:13', NULL),
(1152, 425, 'Lightening Oil Infused Micellar Water 50 ml', 'Wardah-LOIMW5m', 'from upload', 0, 1, 'Admin', 0, '2022-08-20 06:49:13', NULL),
(1153, 426, 'Aloe Hydramild Body Wash', 'Wardah-AHBW', 'from upload', 0, 1, 'Admin', 0, '2022-08-20 06:49:13', NULL),
(1154, 427, 'C. Defence Energizing Whip Foam 50 ml', 'Wardah-CDEWF5m', 'from upload', 0, 1, 'Admin', 0, '2022-08-20 06:49:13', NULL),
(1155, 428, 'C. Defence Energizing Whip Foam 100 ml', 'Wardah-CDEWF1m', 'from upload', 0, 1, 'Admin', 0, '2022-08-20 06:49:13', NULL),
(1156, 429, 'Lightening Face Mist', 'Wardah-LFM', 'from upload', 0, 1, 'Admin', 0, '2022-08-20 06:49:13', NULL),
(1157, 424, 'Lightening Sheet Mask', 'Wardah-LSM', 'from upload', 0, 1, 'Admin', 0, '2022-08-20 06:49:13', NULL),
(1158, 431, '00', 'Wardah-CLADLP-00', 'from upload', 0, 1, 'Admin', 0, '2022-08-20 06:49:13', NULL),
(1159, 431, '01', 'Wardah-CLADLP-01', 'from upload', 0, 1, 'Admin', 0, '2022-08-20 06:49:13', NULL),
(1160, 431, '02', 'Wardah-CLADLP-02', 'from upload', 0, 1, 'Admin', 0, '2022-08-20 06:49:13', NULL),
(1161, 431, '03', 'Wardah-CLADLP-03', 'from upload', 0, 1, 'Admin', 0, '2022-08-20 06:49:13', NULL),
(1162, 431, '04', 'Wardah-CLADLP-04', 'from upload', 0, 1, 'Admin', 0, '2022-08-20 06:49:13', NULL),
(1163, 431, '05', 'Wardah-CLADLP-05', 'from upload', 0, 1, 'Admin', 0, '2022-08-20 06:49:13', NULL),
(1164, 431, '06', 'Wardah-CLADLP-06', 'from upload', 0, 1, 'Admin', 0, '2022-08-20 06:49:13', NULL),
(1165, 431, '07', 'Wardah-CLADLP-07', 'from upload', 0, 1, 'Admin', 0, '2022-08-20 06:49:13', NULL),
(1166, 431, '08', 'Wardah-CLADLP-08', 'from upload', 0, 1, 'Admin', 0, '2022-08-20 06:49:13', NULL),
(1167, 431, '09', 'Wardah-CLADLP-09', 'from upload', 0, 1, 'Admin', 0, '2022-08-20 06:49:13', NULL),
(1168, 431, '10', 'Wardah-CLADLP-10', 'from upload', 0, 1, 'Admin', 0, '2022-08-20 06:49:13', NULL),
(1169, 431, '11', 'Wardah-CLADLP-11', 'from upload', 0, 1, 'Admin', 0, '2022-08-20 06:49:13', NULL),
(1170, 431, '12', 'Wardah-CLADLP-12', 'from upload', 0, 1, 'Admin', 0, '2022-08-20 06:49:13', NULL),
(1171, 431, '13', 'Wardah-CLADLP-13', 'from upload', 0, 1, 'Admin', 0, '2022-08-20 06:49:13', NULL),
(1172, 431, '14', 'Wardah-CLADLP-14', 'from upload', 0, 1, 'Admin', 0, '2022-08-20 06:49:13', NULL),
(1173, 431, '15', 'Wardah-CLADLP-15', 'from upload', 0, 1, 'Admin', 0, '2022-08-20 06:49:13', NULL),
(1174, 431, '16', 'Wardah-CLADLP-16', 'from upload', 0, 1, 'Admin', 0, '2022-08-20 06:49:13', NULL),
(1175, 431, '17', 'Wardah-CLADLP-17', 'from upload', 0, 1, 'Admin', 0, '2022-08-20 06:49:13', NULL),
(1176, 432, '09', 'Wardah-CUMLK-09', 'from upload', 0, 1, 'Admin', 0, '2022-08-20 06:49:13', NULL),
(1177, 432, '10', 'Wardah-CUMLK-10', 'from upload', 0, 1, 'Admin', 0, '2022-08-20 06:49:13', NULL),
(1178, 432, '11', 'Wardah-CUMLK-11', 'from upload', 0, 1, 'Admin', 0, '2022-08-20 06:49:13', NULL),
(1179, 432, '12', 'Wardah-CUMLK-12', 'from upload', 0, 1, 'Admin', 0, '2022-08-20 06:49:13', NULL),
(1180, 432, '13', 'Wardah-CUMLK-13', 'from upload', 0, 1, 'Admin', 0, '2022-08-20 06:49:13', NULL),
(1181, 433, 'Lightening Ampoule Serum 30 ml', 'Wardah-LAS3m', 'from upload', 0, 1, 'Admin', 0, '2022-08-20 06:49:13', NULL),
(1182, 434, '01', 'Wardah-LAS8m-01', 'from upload', 0, 1, 'Admin', 0, '2022-08-20 06:49:13', NULL),
(1183, 434, '02', 'Wardah-LAS8m-02', 'from upload', 0, 1, 'Admin', 0, '2022-08-20 06:49:13', NULL),
(1184, 434, '03', 'Wardah-LAS8m-03', 'from upload', 0, 1, 'Admin', 0, '2022-08-20 06:49:13', NULL),
(1185, 434, '04', 'Wardah-LAS8m-04', 'from upload', 0, 1, 'Admin', 0, '2022-08-20 06:49:13', NULL),
(1186, 435, 'Lightening Liquid Foundation', 'Wardah-LLF', 'from upload', 0, 1, 'Admin', 0, '2022-08-20 06:49:13', NULL),
(1187, 436, 'C. Defence Moisturizer', 'Wardah-CDM', 'from upload', 0, 1, 'Admin', 0, '2022-08-20 06:49:13', NULL),
(1188, 437, '11C', 'Wardah-CVPF-11C', 'from upload', 0, 1, 'Admin', 0, '2022-08-20 06:49:13', NULL),
(1189, 437, '22N', 'Wardah-CVPF-22N', 'from upload', 0, 1, 'Admin', 0, '2022-08-20 06:49:13', NULL),
(1190, 437, '23W', 'Wardah-CVPF-23W', 'from upload', 0, 1, 'Admin', 0, '2022-08-20 06:49:13', NULL),
(1191, 437, '32N', 'Wardah-CVPF-32N', 'from upload', 0, 1, 'Admin', 0, '2022-08-20 06:49:13', NULL),
(1192, 437, '33W', 'Wardah-CVPF-33W', 'from upload', 0, 1, 'Admin', 0, '2022-08-20 06:49:13', NULL),
(1193, 437, '42N', 'Wardah-CVPF-42N', 'from upload', 0, 1, 'Admin', 0, '2022-08-20 06:49:13', NULL),
(1194, 437, '43W', 'Wardah-CVPF-43W', 'from upload', 0, 1, 'Admin', 0, '2022-08-20 06:49:13', NULL),
(1195, 437, '52N', 'Wardah-CVPF-52N', 'from upload', 0, 1, 'Admin', 0, '2022-08-20 06:49:13', NULL),
(1196, 438, '11C', 'Wardah-CF-11C', 'from upload', 0, 1, 'Admin', 0, '2022-08-20 06:49:13', NULL),
(1197, 438, '22N', 'Wardah-CF-22N', 'from upload', 0, 1, 'Admin', 0, '2022-08-20 06:49:13', NULL),
(1198, 438, '23W', 'Wardah-CF-23W', 'from upload', 0, 1, 'Admin', 0, '2022-08-20 06:49:13', NULL),
(1199, 438, '32N', 'Wardah-CF-32N', 'from upload', 0, 1, 'Admin', 0, '2022-08-20 06:49:13', NULL),
(1200, 438, '33W', 'Wardah-CF-33W', 'from upload', 0, 1, 'Admin', 0, '2022-08-20 06:49:13', NULL),
(1201, 438, '42N', 'Wardah-CF-42N', 'from upload', 0, 1, 'Admin', 0, '2022-08-20 06:49:13', NULL),
(1202, 438, '43W', 'Wardah-CF-43W', 'from upload', 0, 1, 'Admin', 0, '2022-08-20 06:49:13', NULL),
(1203, 438, '52N', 'Wardah-CF-52N', 'from upload', 0, 1, 'Admin', 0, '2022-08-20 06:49:13', NULL),
(1204, 439, 'UV Shield Sun Stick SPF 50++', 'Wardah-USSSS5', 'from upload', 0, 1, 'Admin', 0, '2022-08-20 06:49:13', NULL),
(1205, 440, 'Lightening Oil Infused Micellar Water 100 ml', 'Wardah-LOIMW1m', 'from upload', 0, 1, 'Admin', 0, '2022-08-20 06:49:13', NULL),
(1206, 441, '01', 'Wardah-CFMLI-01', 'from upload', 0, 1, 'Admin', 0, '2022-08-20 06:49:13', NULL),
(1207, 441, '02', 'Wardah-CFMLI-02', 'from upload', 0, 1, 'Admin', 0, '2022-08-20 06:49:13', NULL),
(1208, 441, '03', 'Wardah-CFMLI-03', 'from upload', 0, 1, 'Admin', 0, '2022-08-20 06:49:13', NULL),
(1209, 441, '04', 'Wardah-CFMLI-04', 'from upload', 0, 1, 'Admin', 0, '2022-08-20 06:49:13', NULL),
(1210, 441, '05', 'Wardah-CFMLI-05', 'from upload', 0, 1, 'Admin', 0, '2022-08-20 06:49:13', NULL),
(1211, 441, '06', 'Wardah-CFMLI-06', 'from upload', 0, 1, 'Admin', 0, '2022-08-20 06:49:13', NULL),
(1212, 441, '07', 'Wardah-CFMLI-07', 'from upload', 0, 1, 'Admin', 0, '2022-08-20 06:49:13', NULL),
(1213, 441, '08', 'Wardah-CFMLI-08', 'from upload', 0, 1, 'Admin', 0, '2022-08-20 06:49:13', NULL),
(1214, 442, 'Crystal Secret Day Cream 9 ml', 'Wardah-CSDC9m', 'from upload', 0, 1, 'Admin', 0, '2022-08-20 06:49:13', NULL),
(1215, 443, 'Crystal Secret Pure Treatment Agent 30 ml', 'Wardah-CSPTA3m', 'from upload', 0, 1, 'Admin', 0, '2022-08-20 06:49:13', NULL),
(1216, 444, 'Crystal Secret Radiant Skin Starter Kit', 'Wardah-CSRSSK', 'from upload', 0, 1, 'Admin', 0, '2022-08-20 06:49:13', NULL),
(1217, 445, '01', 'Wardah-LLC-01', 'from upload', 0, 1, 'Admin', 0, '2022-08-20 06:49:13', NULL),
(1218, 445, '02', 'Wardah-LLC-02', 'from upload', 0, 1, 'Admin', 0, '2022-08-20 06:49:13', NULL),
(1219, 446, '01', 'Wardah-IOIML-01', 'from upload', 0, 1, 'Admin', 0, '2022-08-20 06:49:13', NULL),
(1220, 446, '02', 'Wardah-IOIML-02', 'from upload', 0, 1, 'Admin', 0, '2022-08-20 06:49:13', NULL),
(1221, 446, '03', 'Wardah-IOIML-03', 'from upload', 0, 1, 'Admin', 0, '2022-08-20 06:49:13', NULL),
(1222, 446, '04', 'Wardah-IOIML-04', 'from upload', 0, 1, 'Admin', 0, '2022-08-20 06:49:13', NULL),
(1223, 446, '05', 'Wardah-IOIML-05', 'from upload', 0, 1, 'Admin', 0, '2022-08-20 06:49:13', NULL),
(1224, 446, '06', 'Wardah-IOIML-06', 'from upload', 0, 1, 'Admin', 0, '2022-08-20 06:49:13', NULL),
(1225, 446, '07', 'Wardah-IOIML-07', 'from upload', 0, 1, 'Admin', 0, '2022-08-20 06:49:13', NULL),
(1226, 446, '08', 'Wardah-IOIML-08', 'from upload', 0, 1, 'Admin', 0, '2022-08-20 06:49:13', NULL),
(1227, 446, '09', 'Wardah-IOIML-09', 'from upload', 0, 1, 'Admin', 0, '2022-08-20 06:49:13', NULL),
(1228, 447, '01', 'Wardah-CCB-01', 'from upload', 0, 1, 'Admin', 0, '2022-08-20 06:49:13', NULL),
(1229, 447, '02', 'Wardah-CCB-02', 'from upload', 0, 1, 'Admin', 0, '2022-08-20 06:49:13', NULL),
(1230, 447, '03', 'Wardah-CCB-03', 'from upload', 0, 1, 'Admin', 0, '2022-08-20 06:49:13', NULL),
(1231, 448, 'Acnederm Serum', 'Wardah-AS', 'from upload', 0, 1, 'Admin', 0, '2022-08-20 06:49:13', NULL),
(1232, 449, '01', 'Wardah-ELS-01', 'from upload', 0, 1, 'Admin', 0, '2022-08-20 06:49:13', NULL),
(1233, 449, '02', 'Wardah-ELS-02', 'from upload', 0, 1, 'Admin', 0, '2022-08-20 06:49:13', NULL),
(1234, 449, '03', 'Wardah-ELS-03', 'from upload', 0, 1, 'Admin', 0, '2022-08-20 06:49:13', NULL),
(1235, 449, '04', 'Wardah-ELS-04', 'from upload', 0, 1, 'Admin', 0, '2022-08-20 06:49:13', NULL),
(1236, 449, '05', 'Wardah-ELS-05', 'from upload', 0, 1, 'Admin', 0, '2022-08-20 06:49:13', NULL),
(1237, 450, '01', 'Wardah-IEM-01', 'from upload', 0, 1, 'Admin', 0, '2022-08-20 06:49:13', NULL),
(1238, 450, '02', 'Wardah-IEM-02', 'from upload', 0, 1, 'Admin', 0, '2022-08-20 06:49:13', NULL),
(1239, 451, 'Eyexpert Precision Liner', 'Wardah-EPL', 'from upload', 0, 1, 'Admin', 0, '2022-08-20 06:49:13', NULL),
(1240, 452, 'Eyexpert UFT Last Mascara', 'Wardah-EULM', 'from upload', 0, 1, 'Admin', 0, '2022-08-20 06:49:13', NULL),
(1241, 453, '01', 'Wardah-EMBD-01', 'from upload', 0, 1, 'Admin', 0, '2022-08-20 06:49:13', NULL),
(1242, 453, '02', 'Wardah-EMBD-02', 'from upload', 0, 1, 'Admin', 0, '2022-08-20 06:49:13', NULL),
(1243, 453, '03', 'Wardah-EMBD-03', 'from upload', 0, 1, 'Admin', 0, '2022-08-20 06:49:13', NULL),
(1244, 454, '11C', 'Wardah-CGC-11C', 'from upload', 0, 1, 'Admin', 0, '2022-08-20 06:49:13', NULL),
(1245, 454, '22N', 'Wardah-CGC-22N', 'from upload', 0, 1, 'Admin', 0, '2022-08-20 06:49:13', NULL),
(1246, 454, '23W', 'Wardah-CGC-23W', 'from upload', 0, 1, 'Admin', 0, '2022-08-20 06:49:13', NULL),
(1247, 454, '32N', 'Wardah-CGC-32N', 'from upload', 0, 1, 'Admin', 0, '2022-08-20 06:49:13', NULL),
(1248, 454, '33W', 'Wardah-CGC-33W', 'from upload', 0, 1, 'Admin', 0, '2022-08-20 06:49:13', NULL),
(1249, 454, '42N', 'Wardah-CGC-42N', 'from upload', 0, 1, 'Admin', 0, '2022-08-20 06:49:13', NULL),
(1250, 454, '43W', 'Wardah-CGC-43W', 'from upload', 0, 1, 'Admin', 0, '2022-08-20 06:49:13', NULL),
(1251, 454, '52N', 'Wardah-CGC-52N', 'from upload', 0, 1, 'Admin', 0, '2022-08-20 06:49:13', NULL),
(1252, 455, '11C', 'Wardah-CMP-11C', 'from upload', 0, 1, 'Admin', 0, '2022-08-20 06:49:13', NULL),
(1253, 455, '22N', 'Wardah-CMP-22N', 'from upload', 0, 1, 'Admin', 0, '2022-08-20 06:49:13', NULL),
(1254, 455, '23W', 'Wardah-CMP-23W', 'from upload', 0, 1, 'Admin', 0, '2022-08-20 06:49:13', NULL),
(1255, 455, '32N', 'Wardah-CMP-32N', 'from upload', 0, 1, 'Admin', 0, '2022-08-20 06:49:13', NULL),
(1256, 455, '33W', 'Wardah-CMP-33W', 'from upload', 0, 1, 'Admin', 0, '2022-08-20 06:49:13', NULL),
(1257, 455, '42N', 'Wardah-CMP-42N', 'from upload', 0, 1, 'Admin', 0, '2022-08-20 06:49:13', NULL),
(1258, 455, '43W', 'Wardah-CMP-43W', 'from upload', 0, 1, 'Admin', 0, '2022-08-20 06:49:13', NULL),
(1259, 455, '52N', 'Wardah-CMP-52N', 'from upload', 0, 1, 'Admin', 0, '2022-08-20 06:49:13', NULL),
(1260, 456, '11C', 'Wardah-CGCR-11C', 'from upload', 0, 1, 'Admin', 0, '2022-08-20 06:49:13', NULL),
(1261, 456, '22N', 'Wardah-CGCR-22N', 'from upload', 0, 1, 'Admin', 0, '2022-08-20 06:49:13', NULL),
(1262, 456, '23W', 'Wardah-CGCR-23W', 'from upload', 0, 1, 'Admin', 0, '2022-08-20 06:49:13', NULL),
(1263, 456, '32N', 'Wardah-CGCR-32N', 'from upload', 0, 1, 'Admin', 0, '2022-08-20 06:49:13', NULL),
(1264, 456, '33W', 'Wardah-CGCR-33W', 'from upload', 0, 1, 'Admin', 0, '2022-08-20 06:49:13', NULL),
(1265, 456, '42N', 'Wardah-CGCR-42N', 'from upload', 0, 1, 'Admin', 0, '2022-08-20 06:49:13', NULL),
(1266, 456, '43W', 'Wardah-CGCR-43W', 'from upload', 0, 1, 'Admin', 0, '2022-08-20 06:49:13', NULL),
(1267, 456, '52N', 'Wardah-CGCR-52N', 'from upload', 0, 1, 'Admin', 0, '2022-08-20 06:49:13', NULL),
(1268, 457, '11C', 'Wardah-CVPFR-11C', 'from upload', 0, 1, 'Admin', 0, '2022-08-20 06:49:13', NULL),
(1269, 457, '22N', 'Wardah-CVPFR-22N', 'from upload', 0, 1, 'Admin', 0, '2022-08-20 06:49:13', NULL),
(1270, 457, '23W', 'Wardah-CVPFR-23W', 'from upload', 0, 1, 'Admin', 0, '2022-08-20 06:49:13', NULL),
(1271, 457, '32N', 'Wardah-CVPFR-32N', 'from upload', 0, 1, 'Admin', 0, '2022-08-20 06:49:13', NULL),
(1272, 457, '33W', 'Wardah-CVPFR-33W', 'from upload', 0, 1, 'Admin', 0, '2022-08-20 06:49:13', NULL),
(1273, 457, '42N', 'Wardah-CVPFR-42N', 'from upload', 0, 1, 'Admin', 0, '2022-08-20 06:49:13', NULL),
(1274, 457, '43W', 'Wardah-CVPFR-43W', 'from upload', 0, 1, 'Admin', 0, '2022-08-20 06:49:13', NULL),
(1275, 457, '52N', 'Wardah-CVPFR-52N', 'from upload', 0, 1, 'Admin', 0, '2022-08-20 06:49:13', NULL),
(1276, 458, 'RenewYou Day 30 gram', 'Wardah-RD3g', 'from upload', 0, 1, 'Admin', 0, '2022-08-20 06:49:13', NULL),
(1277, 459, 'RenewYou Day 17 ml', 'Wardah-RD1m', 'from upload', 0, 1, 'Admin', 0, '2022-08-20 06:49:13', NULL),
(1278, 460, 'RenewYou Night 30 gram', 'Wardah-RN3g', 'from upload', 0, 1, 'Admin', 0, '2022-08-20 06:49:13', NULL),
(1279, 461, 'RenewYou Night 17 ml', 'Wardah-RN1m', 'from upload', 0, 1, 'Admin', 0, '2022-08-20 06:49:13', NULL),
(1280, 462, 'RenewYou Treatment Essence  100 ml', 'Wardah-RTE1m', 'from upload', 0, 1, 'Admin', 0, '2022-08-20 06:49:13', NULL),
(1281, 463, 'RenewYou Treatment Essence  50 ml', 'Wardah-RTE5m', 'from upload', 0, 1, 'Admin', 0, '2022-08-20 06:49:13', NULL),
(1282, 464, 'RenewYou Serum', 'Wardah-RS', 'from upload', 0, 1, 'Admin', 0, '2022-08-20 06:49:13', NULL),
(1283, 465, 'RenewYou Facial Wash', 'Wardah-RFW', 'from upload', 0, 1, 'Admin', 0, '2022-08-20 06:49:13', NULL),
(1284, 466, 'RenewYou Mask', 'Wardah-RM', 'from upload', 0, 1, 'Admin', 0, '2022-08-20 06:49:13', NULL),
(1285, 467, 'RenewYou Eye Cream', 'Wardah-REC', 'from upload', 0, 1, 'Admin', 0, '2022-08-20 06:49:13', NULL),
(1286, 468, 'Light', 'Wardah-CDDC-Light', 'from upload', 0, 1, 'Admin', 0, '2022-08-20 06:49:13', NULL),
(1287, 468, 'natural', 'Wardah-CDDC-natural', 'from upload', 0, 1, 'Admin', 0, '2022-08-20 06:49:13', NULL),
(1288, 469, 'C. Defense Serum', 'Wardah-CDS', 'from upload', 0, 1, 'Admin', 0, '2022-08-20 06:49:13', NULL),
(1289, 470, 'C. Defense F/F 60 ml', 'Wardah-CDF6m', 'from upload', 0, 1, 'Admin', 0, '2022-08-20 06:49:13', NULL),
(1290, 471, 'C. Defense F/F 100 ml', 'Wardah-CDF1m', 'from upload', 0, 1, 'Admin', 0, '2022-08-20 06:49:13', NULL),
(1291, 472, 'C. Defense Face Mist', 'Wardah-CDFM', 'from upload', 0, 1, 'Admin', 0, '2022-08-20 06:49:13', NULL),
(1292, 473, 'C. Defense Sleeping Mask', 'Wardah-CDSM', 'from upload', 0, 1, 'Admin', 0, '2022-08-20 06:49:13', NULL),
(1293, 474, 'C. Defense Clay Mask', 'Wardah-CDCM', 'from upload', 0, 1, 'Admin', 0, '2022-08-20 06:49:13', NULL),
(1294, 475, 'light', 'Wardah-EBC3m-light', 'from upload', 0, 1, 'Admin', 0, '2022-08-20 06:49:13', NULL),
(1295, 475, 'natural', 'Wardah-EBC3m-natural', 'from upload', 0, 1, 'Admin', 0, '2022-08-20 06:49:13', NULL),
(1296, 476, 'light', 'Wardah-EBC1m-light', 'from upload', 0, 1, 'Admin', 0, '2022-08-20 06:49:13', NULL),
(1297, 476, 'natural', 'Wardah-EBC1m-natural', 'from upload', 0, 1, 'Admin', 0, '2022-08-20 06:49:13', NULL),
(1298, 477, '01', 'Wardah-ELT-01', 'from upload', 0, 1, 'Admin', 0, '2022-08-20 06:49:13', NULL),
(1299, 477, '02', 'Wardah-ELT-02', 'from upload', 0, 1, 'Admin', 0, '2022-08-20 06:49:13', NULL),
(1300, 477, '03', 'Wardah-ELT-03', 'from upload', 0, 1, 'Admin', 0, '2022-08-20 06:49:13', NULL),
(1301, 477, '04', 'Wardah-ELT-04', 'from upload', 0, 1, 'Admin', 0, '2022-08-20 06:49:13', NULL),
(1302, 478, '01', 'Wardah-ELR-01', 'from upload', 0, 1, 'Admin', 0, '2022-08-20 06:49:13', NULL),
(1303, 478, '02', 'Wardah-ELR-02', 'from upload', 0, 1, 'Admin', 0, '2022-08-20 06:49:13', NULL),
(1304, 478, '03', 'Wardah-ELR-03', 'from upload', 0, 1, 'Admin', 0, '2022-08-20 06:49:13', NULL),
(1305, 478, '04', 'Wardah-ELR-04', 'from upload', 0, 1, 'Admin', 0, '2022-08-20 06:49:13', NULL),
(1306, 479, '01', 'Wardah-ELP-01', 'from upload', 0, 1, 'Admin', 0, '2022-08-20 06:49:13', NULL),
(1307, 479, '02', 'Wardah-ELP-02', 'from upload', 0, 1, 'Admin', 0, '2022-08-20 06:49:13', NULL),
(1308, 479, '03', 'Wardah-ELP-03', 'from upload', 0, 1, 'Admin', 0, '2022-08-20 06:49:13', NULL),
(1309, 479, '04', 'Wardah-ELP-04', 'from upload', 0, 1, 'Admin', 0, '2022-08-20 06:49:13', NULL),
(1310, 480, '01', 'Wardah-ELLF-01', 'from upload', 0, 1, 'Admin', 0, '2022-08-20 06:49:13', NULL),
(1311, 480, '02', 'Wardah-ELLF-02', 'from upload', 0, 1, 'Admin', 0, '2022-08-20 06:49:13', NULL),
(1312, 480, '03', 'Wardah-ELLF-03', 'from upload', 0, 1, 'Admin', 0, '2022-08-20 06:49:13', NULL),
(1313, 480, '04', 'Wardah-ELLF-04', 'from upload', 0, 1, 'Admin', 0, '2022-08-20 06:49:13', NULL),
(1314, 481, '01', 'Wardah-ELCF-01', 'from upload', 0, 1, 'Admin', 0, '2022-08-20 06:49:13', NULL),
(1315, 481, '02', 'Wardah-ELCF-02', 'from upload', 0, 1, 'Admin', 0, '2022-08-20 06:49:13', NULL),
(1316, 481, '03', 'Wardah-ELCF-03', 'from upload', 0, 1, 'Admin', 0, '2022-08-20 06:49:13', NULL),
(1317, 481, '04', 'Wardah-ELCF-04', 'from upload', 0, 1, 'Admin', 0, '2022-08-20 06:49:13', NULL),
(1318, 482, '01', 'Wardah-ELC-01', 'from upload', 0, 1, 'Admin', 0, '2022-08-20 06:49:13', NULL),
(1319, 482, '02', 'Wardah-ELC-02', 'from upload', 0, 1, 'Admin', 0, '2022-08-20 06:49:13', NULL),
(1320, 482, '03', 'Wardah-ELC-03', 'from upload', 0, 1, 'Admin', 0, '2022-08-20 06:49:13', NULL),
(1321, 482, '04', 'Wardah-ELC-04', 'from upload', 0, 1, 'Admin', 0, '2022-08-20 06:49:13', NULL),
(1322, 483, '01', 'Wardah-ELCR-01', 'from upload', 0, 1, 'Admin', 0, '2022-08-20 06:49:13', NULL),
(1323, 483, '02', 'Wardah-ELCR-02', 'from upload', 0, 1, 'Admin', 0, '2022-08-20 06:49:13', NULL),
(1324, 483, '03', 'Wardah-ELCR-03', 'from upload', 0, 1, 'Admin', 0, '2022-08-20 06:49:13', NULL),
(1325, 483, '04', 'Wardah-ELCR-04', 'from upload', 0, 1, 'Admin', 0, '2022-08-20 06:49:13', NULL),
(1326, 484, 'Everyday BB Shine Loose Powder', 'Wardah-EBSLP', 'from upload', 0, 1, 'Admin', 0, '2022-08-20 06:49:13', NULL),
(1327, 485, 'Aloe Hydramild F/F 60 ml', 'Wardah-AHF6m', 'from upload', 0, 1, 'Admin', 0, '2022-08-20 06:49:13', NULL),
(1328, 486, 'Aloe Hydramild F/F 100 ml', 'Wardah-AHF1m', 'from upload', 0, 1, 'Admin', 0, '2022-08-20 06:49:13', NULL),
(1329, 487, 'Aloe Multifunction Gel', 'Wardah-AMG', 'from upload', 0, 1, 'Admin', 0, '2022-08-20 06:49:13', NULL),
(1330, 488, 'Aloe Moisturizer Cream', 'Wardah-AMC', 'from upload', 0, 1, 'Admin', 0, '2022-08-20 06:49:13', NULL),
(1331, 448, 'Aloe Serum', 'Wardah-AS', 'from upload', 0, 1, 'Admin', 0, '2022-08-20 06:49:13', NULL),
(1332, 490, 'Seaweed Balancing Micellar Water 100', 'Wardah-SBMW1', 'from upload', 0, 1, 'Admin', 0, '2022-08-20 06:49:13', NULL),
(1333, 491, 'Seaweed Balancing Micellar Water 240', 'Wardah-SBMW2', 'from upload', 0, 1, 'Admin', 0, '2022-08-20 06:49:13', NULL),
(1334, 492, 'Seaweed Balancing F/F 60 ml', 'Wardah-SBF6m', 'from upload', 0, 1, 'Admin', 0, '2022-08-20 06:49:13', NULL),
(1335, 493, 'Seaweed Balancing F/F 100 ml', 'Wardah-SBF1m', 'from upload', 0, 1, 'Admin', 0, '2022-08-20 06:49:13', NULL),
(1336, 494, 'Seaweed Balancing Facial Scrub', 'Wardah-SBFS', 'from upload', 0, 1, 'Admin', 0, '2022-08-20 06:49:13', NULL),
(1337, 495, 'Seaweed Balancing Facial Mask', 'Wardah-SBFM', 'from upload', 0, 1, 'Admin', 0, '2022-08-20 06:49:13', NULL),
(1338, 496, 'Seaweed Balancing Insentive Night CR', 'Wardah-SBINC', 'from upload', 0, 1, 'Admin', 0, '2022-08-20 06:49:13', NULL),
(1339, 497, '01', 'Wardah-ET-01', 'from upload', 0, 1, 'Admin', 0, '2022-08-20 06:49:13', NULL),
(1340, 497, '02', 'Wardah-ET-02', 'from upload', 0, 1, 'Admin', 0, '2022-08-20 06:49:13', NULL),
(1341, 497, '03', 'Wardah-ET-03', 'from upload', 0, 1, 'Admin', 0, '2022-08-20 06:49:13', NULL),
(1342, 497, '04', 'Wardah-ET-04', 'from upload', 0, 1, 'Admin', 0, '2022-08-20 06:49:13', NULL),
(1343, 498, '01', 'Wardah-ER-01', 'from upload', 0, 1, 'Admin', 0, '2022-08-20 06:49:13', NULL),
(1344, 498, '02', 'Wardah-ER-02', 'from upload', 0, 1, 'Admin', 0, '2022-08-20 06:49:13', NULL),
(1345, 498, '03', 'Wardah-ER-03', 'from upload', 0, 1, 'Admin', 0, '2022-08-20 06:49:13', NULL),
(1346, 498, '04', 'Wardah-ER-04', 'from upload', 0, 1, 'Admin', 0, '2022-08-20 06:49:13', NULL),
(1347, 499, '01', 'Wardah-EBC-01', 'from upload', 0, 1, 'Admin', 0, '2022-08-20 06:49:13', NULL),
(1348, 499, '02', 'Wardah-EBC-02', 'from upload', 0, 1, 'Admin', 0, '2022-08-20 06:49:13', NULL),
(1349, 499, '03', 'Wardah-EBC-03', 'from upload', 0, 1, 'Admin', 0, '2022-08-20 06:49:13', NULL),
(1350, 499, '04', 'Wardah-EBC-04', 'from upload', 0, 1, 'Admin', 0, '2022-08-20 06:49:13', NULL),
(1351, 500, '01', 'Wardah-EBCR-01', 'from upload', 0, 1, 'Admin', 0, '2022-08-20 06:49:13', NULL),
(1352, 500, '02', 'Wardah-EBCR-02', 'from upload', 0, 1, 'Admin', 0, '2022-08-20 06:49:13', NULL),
(1353, 500, '03', 'Wardah-EBCR-03', 'from upload', 0, 1, 'Admin', 0, '2022-08-20 06:49:13', NULL),
(1354, 500, '04', 'Wardah-EBCR-04', 'from upload', 0, 1, 'Admin', 0, '2022-08-20 06:49:13', NULL),
(1355, 501, '01', 'Wardah-ELF-01', 'from upload', 0, 1, 'Admin', 0, '2022-08-20 06:49:13', NULL),
(1356, 501, '02', 'Wardah-ELF-02', 'from upload', 0, 1, 'Admin', 0, '2022-08-20 06:49:13', NULL),
(1357, 501, '03', 'Wardah-ELF-03', 'from upload', 0, 1, 'Admin', 0, '2022-08-20 06:49:13', NULL),
(1358, 501, '04', 'Wardah-ELF-04', 'from upload', 0, 1, 'Admin', 0, '2022-08-20 06:49:13', NULL),
(1359, 501, '05', 'Wardah-ELF-05', 'from upload', 0, 1, 'Admin', 0, '2022-08-20 06:49:13', NULL),
(1360, 502, '01', 'Wardah-ECF-01', 'from upload', 0, 1, 'Admin', 0, '2022-08-20 06:49:13', NULL),
(1361, 502, '02', 'Wardah-ECF-02', 'from upload', 0, 1, 'Admin', 0, '2022-08-20 06:49:13', NULL),
(1362, 502, '03', 'Wardah-ECF-03', 'from upload', 0, 1, 'Admin', 0, '2022-08-20 06:49:13', NULL),
(1363, 502, '04', 'Wardah-ECF-04', 'from upload', 0, 1, 'Admin', 0, '2022-08-20 06:49:13', NULL),
(1364, 503, '01', 'Wardah-EEP-01', 'from upload', 0, 1, 'Admin', 0, '2022-08-20 06:49:13', NULL),
(1365, 503, '02', 'Wardah-EEP-02', 'from upload', 0, 1, 'Admin', 0, '2022-08-20 06:49:13', NULL),
(1366, 504, '01', 'Wardah-EB-01', 'from upload', 0, 1, 'Admin', 0, '2022-08-20 06:49:13', NULL),
(1367, 504, '02', 'Wardah-EB-02', 'from upload', 0, 1, 'Admin', 0, '2022-08-20 06:49:13', NULL),
(1368, 505, '20', 'Wardah-ELM-20', 'from upload', 0, 1, 'Admin', 0, '2022-08-20 06:49:13', NULL),
(1369, 505, '21', 'Wardah-ELM-21', 'from upload', 0, 1, 'Admin', 0, '2022-08-20 06:49:13', NULL),
(1370, 505, '23', 'Wardah-ELM-23', 'from upload', 0, 1, 'Admin', 0, '2022-08-20 06:49:13', NULL),
(1371, 505, '26', 'Wardah-ELM-26', 'from upload', 0, 1, 'Admin', 0, '2022-08-20 06:49:13', NULL),
(1372, 505, '29', 'Wardah-ELM-29', 'from upload', 0, 1, 'Admin', 0, '2022-08-20 06:49:13', NULL),
(1373, 505, '30', 'Wardah-ELM-30', 'from upload', 0, 1, 'Admin', 0, '2022-08-20 06:49:13', NULL),
(1374, 505, '32', 'Wardah-ELM-32', 'from upload', 0, 1, 'Admin', 0, '2022-08-20 06:49:13', NULL),
(1375, 505, '36', 'Wardah-ELM-36', 'from upload', 0, 1, 'Admin', 0, '2022-08-20 06:49:13', NULL),
(1376, 505, '41', 'Wardah-ELM-41', 'from upload', 0, 1, 'Admin', 0, '2022-08-20 06:49:13', NULL),
(1377, 505, '43', 'Wardah-ELM-43', 'from upload', 0, 1, 'Admin', 0, '2022-08-20 06:49:13', NULL),
(1378, 505, '46', 'Wardah-ELM-46', 'from upload', 0, 1, 'Admin', 0, '2022-08-20 06:49:13', NULL),
(1379, 505, '01', 'Wardah-ELM-01', 'from upload', 0, 1, 'Admin', 0, '2022-08-20 06:49:13', NULL),
(1380, 505, '02', 'Wardah-ELM-02', 'from upload', 0, 1, 'Admin', 0, '2022-08-20 06:49:13', NULL),
(1381, 505, '03', 'Wardah-ELM-03', 'from upload', 0, 1, 'Admin', 0, '2022-08-20 06:49:13', NULL),
(1382, 505, '04', 'Wardah-ELM-04', 'from upload', 0, 1, 'Admin', 0, '2022-08-20 06:49:13', NULL),
(1383, 505, '05', 'Wardah-ELM-05', 'from upload', 0, 1, 'Admin', 0, '2022-08-20 06:49:13', NULL),
(1384, 505, '06', 'Wardah-ELM-06', 'from upload', 0, 1, 'Admin', 0, '2022-08-20 06:49:13', NULL),
(1385, 505, '09', 'Wardah-ELM-09', 'from upload', 0, 1, 'Admin', 0, '2022-08-20 06:49:13', NULL),
(1386, 505, '12', 'Wardah-ELM-12', 'from upload', 0, 1, 'Admin', 0, '2022-08-20 06:49:13', NULL),
(1387, 505, '13', 'Wardah-ELM-13', 'from upload', 0, 1, 'Admin', 0, '2022-08-20 06:49:13', NULL),
(1388, 505, '16', 'Wardah-ELM-16', 'from upload', 0, 1, 'Admin', 0, '2022-08-20 06:49:13', NULL),
(1389, 505, '17', 'Wardah-ELM-17', 'from upload', 0, 1, 'Admin', 0, '2022-08-20 06:49:13', NULL),
(1390, 505, '18', 'Wardah-ELM-18', 'from upload', 0, 1, 'Admin', 0, '2022-08-20 06:49:13', NULL),
(1391, 482, '01', 'Wardah-ELC-01', 'from upload', 0, 1, 'Admin', 0, '2022-08-20 06:49:13', NULL),
(1392, 482, '02', 'Wardah-ELC-02', 'from upload', 0, 1, 'Admin', 0, '2022-08-20 06:49:13', NULL),
(1393, 482, '03', 'Wardah-ELC-03', 'from upload', 0, 1, 'Admin', 0, '2022-08-20 06:49:13', NULL),
(1394, 482, '04', 'Wardah-ELC-04', 'from upload', 0, 1, 'Admin', 0, '2022-08-20 06:49:13', NULL),
(1395, 482, '05', 'Wardah-ELC-05', 'from upload', 0, 1, 'Admin', 0, '2022-08-20 06:49:13', NULL),
(1396, 482, '06', 'Wardah-ELC-06', 'from upload', 0, 1, 'Admin', 0, '2022-08-20 06:49:13', NULL),
(1397, 482, '07', 'Wardah-ELC-07', 'from upload', 0, 1, 'Admin', 0, '2022-08-20 06:49:13', NULL),
(1398, 482, '08', 'Wardah-ELC-08', 'from upload', 0, 1, 'Admin', 0, '2022-08-20 06:49:13', NULL),
(1399, 482, '09', 'Wardah-ELC-09', 'from upload', 0, 1, 'Admin', 0, '2022-08-20 06:49:13', NULL),
(1400, 482, '10', 'Wardah-ELC-10', 'from upload', 0, 1, 'Admin', 0, '2022-08-20 06:49:13', NULL),
(1401, 482, '11', 'Wardah-ELC-11', 'from upload', 0, 1, 'Admin', 0, '2022-08-20 06:49:13', NULL),
(1402, 482, '12', 'Wardah-ELC-12', 'from upload', 0, 1, 'Admin', 0, '2022-08-20 06:49:13', NULL),
(1403, 482, '13', 'Wardah-ELC-13', 'from upload', 0, 1, 'Admin', 0, '2022-08-20 06:49:13', NULL),
(1404, 482, '14', 'Wardah-ELC-14', 'from upload', 0, 1, 'Admin', 0, '2022-08-20 06:49:13', NULL),
(1405, 482, '15', 'Wardah-ELC-15', 'from upload', 0, 1, 'Admin', 0, '2022-08-20 06:49:13', NULL),
(1406, 482, '16', 'Wardah-ELC-16', 'from upload', 0, 1, 'Admin', 0, '2022-08-20 06:49:13', NULL),
(1407, 482, '17', 'Wardah-ELC-17', 'from upload', 0, 1, 'Admin', 0, '2022-08-20 06:49:13', NULL),
(1408, 482, '18', 'Wardah-ELC-18', 'from upload', 0, 1, 'Admin', 0, '2022-08-20 06:49:13', NULL),
(1409, 508, 'Exclusive Highlighter', 'Wardah-EH', 'from upload', 0, 1, 'Admin', 0, '2022-08-20 06:49:13', NULL),
(1410, 509, 'Mineral + Clarifying F/F 60 ml', 'Wardah-M+CF6m', 'from upload', 0, 1, 'Admin', 0, '2022-08-20 06:49:13', NULL),
(1411, 510, 'Mineral + Clarifying F/F 100 ml', 'Wardah-M+CF1m', 'from upload', 0, 1, 'Admin', 0, '2022-08-20 06:49:13', NULL),
(1412, 511, 'Mineral + Clarifying Clay Mask', 'Wardah-M+CCM', 'from upload', 0, 1, 'Admin', 0, '2022-08-20 06:49:13', NULL),
(1413, 512, 'Acnederm Pure Fooming Cleanser', 'Wardah-APFC', 'from upload', 0, 1, 'Admin', 0, '2022-08-20 06:49:13', NULL),
(1414, 513, 'Acnederm Face Powder', 'Wardah-AFP', 'from upload', 0, 1, 'Admin', 0, '2022-08-20 06:49:13', NULL),
(1415, 514, 'Acnederm Day Moisturizer', 'Wardah-ADM', 'from upload', 0, 1, 'Admin', 0, '2022-08-20 06:49:13', NULL),
(1416, 515, 'Acnederm Night Moisturizer', 'Wardah-ANM', 'from upload', 0, 1, 'Admin', 0, '2022-08-20 06:49:13', NULL),
(1417, 516, 'Acnederm Treatment Gel', 'Wardah-ATG', 'from upload', 0, 1, 'Admin', 0, '2022-08-20 06:49:13', NULL),
(1418, 516, 'Acnederm Tightening Gel', 'Wardah-ATG', 'from upload', 0, 1, 'Admin', 0, '2022-08-20 06:49:13', NULL),
(1419, 518, 'Acnederm Pore Blackhead', 'Wardah-APB', 'from upload', 0, 1, 'Admin', 0, '2022-08-20 06:49:13', NULL),
(1420, 519, 'natural', 'Wardah-LBC3m-natural', 'from upload', 0, 1, 'Admin', 0, '2022-08-20 06:49:13', NULL),
(1421, 519, 'light', 'Wardah-LBC3m-light', 'from upload', 0, 1, 'Admin', 0, '2022-08-20 06:49:13', NULL),
(1422, 520, 'natural', 'Wardah-LBC1m-natural', 'from upload', 0, 1, 'Admin', 0, '2022-08-20 06:49:13', NULL),
(1423, 520, 'light', 'Wardah-LBC1m-light', 'from upload', 0, 1, 'Admin', 0, '2022-08-20 06:49:13', NULL),
(1424, 521, 'Lightening Day Cream 30 gram', 'Wardah-LDC3g', 'from upload', 0, 1, 'Admin', 0, '2022-08-20 06:49:13', NULL),
(1425, 522, 'Lightening Day Cream 30 ml', 'Wardah-LDC3m', 'from upload', 0, 1, 'Admin', 0, '2022-08-20 06:49:13', NULL),
(1426, 523, 'Lightening Night Cream 30 gram', 'Wardah-LNC3g', 'from upload', 0, 1, 'Admin', 0, '2022-08-20 06:49:13', NULL),
(1427, 524, 'Lightening Night Cream 30 ml', 'Wardah-LNC3m', 'from upload', 0, 1, 'Admin', 0, '2022-08-20 06:49:13', NULL),
(1428, 525, 'Lightening Face Toner', 'Wardah-LFT', 'from upload', 0, 1, 'Admin', 0, '2022-08-20 06:49:13', NULL),
(1429, 526, 'Lightening Cleansing Milk', 'Wardah-LCM', 'from upload', 0, 1, 'Admin', 0, '2022-08-20 06:49:13', NULL),
(1430, 527, 'Lightening Micellar Gentle Wash 100', 'Wardah-LMGW1', 'from upload', 0, 1, 'Admin', 0, '2022-08-20 06:49:13', NULL),
(1431, 528, 'Lightening Micellar Gentle Wash 50', 'Wardah-LMGW5', 'from upload', 0, 1, 'Admin', 0, '2022-08-20 06:49:13', NULL),
(1432, 529, 'Lightening Whip F/F 100', 'Wardah-LWF1', 'from upload', 0, 1, 'Admin', 0, '2022-08-20 06:49:13', NULL),
(1433, 530, 'Lightening Whip F/F 50', 'Wardah-LWF5', 'from upload', 0, 1, 'Admin', 0, '2022-08-20 06:49:13', NULL),
(1434, 531, 'Lightening Day Gel 30 gram', 'Wardah-LDG3g', 'from upload', 0, 1, 'Admin', 0, '2022-08-20 06:49:13', NULL),
(1435, 532, 'Lightening Day Gel 20 ml', 'Wardah-LDG2m', 'from upload', 0, 1, 'Admin', 0, '2022-08-20 06:49:13', NULL),
(1436, 533, 'Lightening Gentle Exfoliator 50 ml', 'Wardah-LGE5m', 'from upload', 0, 1, 'Admin', 0, '2022-08-20 06:49:13', NULL),
(1437, 429, 'Lightening Face Mask', 'Wardah-LFM', 'from upload', 0, 1, 'Admin', 0, '2022-08-20 06:49:13', NULL),
(1438, 535, '01', 'Wardah-LT-01', 'from upload', 0, 1, 'Admin', 0, '2022-08-20 06:49:13', NULL),
(1439, 535, '02', 'Wardah-LT-02', 'from upload', 0, 1, 'Admin', 0, '2022-08-20 06:49:13', NULL),
(1440, 535, '03', 'Wardah-LT-03', 'from upload', 0, 1, 'Admin', 0, '2022-08-20 06:49:13', NULL),
(1441, 535, '04', 'Wardah-LT-04', 'from upload', 0, 1, 'Admin', 0, '2022-08-20 06:49:13', NULL),
(1442, 536, '01', 'Wardah-LR-01', 'from upload', 0, 1, 'Admin', 0, '2022-08-20 06:49:13', NULL),
(1443, 536, '02', 'Wardah-LR-02', 'from upload', 0, 1, 'Admin', 0, '2022-08-20 06:49:13', NULL),
(1444, 536, '03', 'Wardah-LR-03', 'from upload', 0, 1, 'Admin', 0, '2022-08-20 06:49:13', NULL),
(1445, 536, '04', 'Wardah-LR-04', 'from upload', 0, 1, 'Admin', 0, '2022-08-20 06:49:13', NULL),
(1446, 537, '01', 'Wardah-LMP-01', 'from upload', 0, 1, 'Admin', 0, '2022-08-20 06:49:13', NULL),
(1447, 537, '02', 'Wardah-LMP-02', 'from upload', 0, 1, 'Admin', 0, '2022-08-20 06:49:13', NULL),
(1448, 537, '03', 'Wardah-LMP-03', 'from upload', 0, 1, 'Admin', 0, '2022-08-20 06:49:13', NULL),
(1449, 537, '04', 'Wardah-LMP-04', 'from upload', 0, 1, 'Admin', 0, '2022-08-20 06:49:13', NULL),
(1450, 538, '01', 'Wardah-LBC-01', 'from upload', 0, 1, 'Admin', 0, '2022-08-20 06:49:13', NULL),
(1451, 538, '02', 'Wardah-LBC-02', 'from upload', 0, 1, 'Admin', 0, '2022-08-20 06:49:13', NULL),
(1452, 538, '03', 'Wardah-LBC-03', 'from upload', 0, 1, 'Admin', 0, '2022-08-20 06:49:13', NULL),
(1453, 539, '01', 'Wardah-LBCR-01', 'from upload', 0, 1, 'Admin', 0, '2022-08-20 06:49:13', NULL),
(1454, 539, '02', 'Wardah-LBCR-02', 'from upload', 0, 1, 'Admin', 0, '2022-08-20 06:49:13', NULL),
(1455, 539, '03', 'Wardah-LBCR-03', 'from upload', 0, 1, 'Admin', 0, '2022-08-20 06:49:13', NULL),
(1456, 435, '01', 'Wardah-LLF-01', 'from upload', 0, 1, 'Admin', 0, '2022-08-20 06:49:13', NULL),
(1457, 435, '02', 'Wardah-LLF-02', 'from upload', 0, 1, 'Admin', 0, '2022-08-20 06:49:13', NULL),
(1458, 435, '03', 'Wardah-LLF-03', 'from upload', 0, 1, 'Admin', 0, '2022-08-20 06:49:13', NULL),
(1459, 435, '04', 'Wardah-LLF-04', 'from upload', 0, 1, 'Admin', 0, '2022-08-20 06:49:13', NULL),
(1460, 445, '01', 'Wardah-LLC-01', 'from upload', 0, 1, 'Admin', 0, '2022-08-20 06:49:13', NULL),
(1461, 445, '02', 'Wardah-LLC-02', 'from upload', 0, 1, 'Admin', 0, '2022-08-20 06:49:13', NULL),
(1462, 542, 'Perfect Bright Creamy Foam 50', 'Wardah-PBCF5', 'from upload', 0, 1, 'Admin', 0, '2022-08-20 06:49:13', NULL),
(1463, 543, 'Perfect Bright Creamy Foam 100', 'Wardah-PBCF1', 'from upload', 0, 1, 'Admin', 0, '2022-08-20 06:49:13', NULL),
(1464, 544, 'Perfect Moisturizer Normal Skin', 'Wardah-PMNS', 'from upload', 0, 1, 'Admin', 0, '2022-08-20 06:49:13', NULL),
(1465, 545, 'Perfect Moisturizer SPF 78', 'Wardah-PMS7', 'from upload', 0, 1, 'Admin', 0, '2022-08-20 06:49:13', NULL),
(1466, 546, 'Perfect Tore Up Cream', 'Wardah-PTUC', 'from upload', 0, 1, 'Admin', 0, '2022-08-20 06:49:13', NULL),
(1467, 547, 'Perfect Peel Of Mask', 'Wardah-PPOM', 'from upload', 0, 1, 'Admin', 0, '2022-08-20 06:49:13', NULL),
(1468, 548, 'Perfect Micellar Water 700 ml', 'Wardah-PMW7m', 'from upload', 0, 1, 'Admin', 0, '2022-08-20 06:49:13', NULL),
(1469, 549, 'Perfect BB Powder', 'Wardah-PBP', 'from upload', 0, 1, 'Admin', 0, '2022-08-20 06:49:13', NULL),
(1470, 550, 'White Secret Day 30 gram', 'Wardah-WSD3g', 'from upload', 0, 1, 'Admin', 0, '2022-08-20 06:49:13', NULL),
(1471, 551, 'White Secret Day 17 ml', 'Wardah-WSD1m', 'from upload', 0, 1, 'Admin', 0, '2022-08-20 06:49:13', NULL),
(1472, 552, 'White Secret Night 30 gram', 'Wardah-WSN3g', 'from upload', 0, 1, 'Admin', 0, '2022-08-20 06:49:13', NULL),
(1473, 553, 'White Secret Night 17 ml', 'Wardah-WSN1m', 'from upload', 0, 1, 'Admin', 0, '2022-08-20 06:49:13', NULL),
(1474, 554, 'White Secret Treatment Essence 50 ml', 'Wardah-WSTE5m', 'from upload', 0, 1, 'Admin', 0, '2022-08-20 06:49:13', NULL),
(1475, 555, 'White Secret Treatment Essence 100 ml', 'Wardah-WSTE1m', 'from upload', 0, 1, 'Admin', 0, '2022-08-20 06:49:13', NULL),
(1476, 556, 'White Secret Serum', 'Wardah-WSS', 'from upload', 0, 1, 'Admin', 0, '2022-08-20 06:49:13', NULL),
(1477, 557, 'White Secret Facial Wash', 'Wardah-WSFW', 'from upload', 0, 1, 'Admin', 0, '2022-08-20 06:49:13', NULL),
(1478, 558, 'White Secret Masker', 'Wardah-WSM', 'from upload', 0, 1, 'Admin', 0, '2022-08-20 06:49:13', NULL),
(1479, 559, 'White Secret Facial Scrub', 'Wardah-WSFS', 'from upload', 0, 1, 'Admin', 0, '2022-08-20 06:49:13', NULL),
(1480, 560, 'White Secret Milk Cleanser', 'Wardah-WSMC', 'from upload', 0, 1, 'Admin', 0, '2022-08-20 06:49:13', NULL),
(1481, 561, 'White Secret Eye Lotion', 'Wardah-WSEL', 'from upload', 0, 1, 'Admin', 0, '2022-08-20 06:49:13', NULL),
(1482, 562, 'White Secret Eye Cream', 'Wardah-WSEC', 'from upload', 0, 1, 'Admin', 0, '2022-08-20 06:49:13', NULL),
(1483, 537, '01', 'Wardah-LMP-01', 'from upload', 0, 1, 'Admin', 0, '2022-08-20 06:49:13', NULL),
(1484, 537, '02', 'Wardah-LMP-02', 'from upload', 0, 1, 'Admin', 0, '2022-08-20 06:49:13', NULL),
(1485, 537, '03', 'Wardah-LMP-03', 'from upload', 0, 1, 'Admin', 0, '2022-08-20 06:49:13', NULL),
(1486, 537, '04', 'Wardah-LMP-04', 'from upload', 0, 1, 'Admin', 0, '2022-08-20 06:49:13', NULL),
(1487, 93, '01', 'Viva-F-01', 'test', 0, 1, 'Admin', 0, '2022-08-20 06:50:54', NULL);

-- --------------------------------------------------------

--
-- Table structure for table `ref_table`
--

DROP TABLE IF EXISTS `ref_table`;
CREATE TABLE IF NOT EXISTS `ref_table` (
  `id` int(11) NOT NULL AUTO_INCREMENT,
  `nama` varchar(500) NOT NULL,
  `is_active` int(1) NOT NULL DEFAULT 1,
  `user_modified` varchar(200) DEFAULT NULL,
  `is_deleted` int(1) NOT NULL DEFAULT 0,
  `created_at` timestamp NOT NULL DEFAULT current_timestamp(),
  `updated_at` timestamp NULL DEFAULT NULL,
  PRIMARY KEY (`id`)
) ENGINE=InnoDB DEFAULT CHARSET=utf8mb4;

-- --------------------------------------------------------

--
-- Table structure for table `settings`
--

DROP TABLE IF EXISTS `settings`;
CREATE TABLE IF NOT EXISTS `settings` (
  `id` int(11) NOT NULL AUTO_INCREMENT,
  `key_name` varchar(255) NOT NULL,
  `value_name` text NOT NULL,
  PRIMARY KEY (`id`)
) ENGINE=InnoDB DEFAULT CHARSET=utf8mb4;

-- --------------------------------------------------------

--
-- Table structure for table `stock_adjustment`
--

DROP TABLE IF EXISTS `stock_adjustment`;
CREATE TABLE IF NOT EXISTS `stock_adjustment` (
  `id` int(11) NOT NULL AUTO_INCREMENT,
  `ref_no` varchar(200) NOT NULL,
  `method` varchar(200) DEFAULT NULL,
  `type` varchar(200) NOT NULL,
  `remarks` varchar(500) DEFAULT NULL,
  `user_modified` varchar(200) DEFAULT NULL,
  `is_deleted` int(1) NOT NULL DEFAULT 0,
  `created_at` timestamp NOT NULL DEFAULT current_timestamp(),
  `updated_at` timestamp NULL DEFAULT NULL,
  PRIMARY KEY (`id`)
) ENGINE=InnoDB AUTO_INCREMENT=11 DEFAULT CHARSET=utf8mb4;

--
-- Dumping data for table `stock_adjustment`
--

INSERT INTO `stock_adjustment` (`id`, `ref_no`, `method`, `type`, `remarks`, `user_modified`, `is_deleted`, `created_at`, `updated_at`) VALUES
(1, 'TB/1/07/2022', 'Aplikasi', 'Penambahan', '', 'Admin', 0, '2022-07-29 03:15:53', NULL),
(2, 'TB/2/07/2022', 'Aplikasi', 'Penambahan', '', 'Admin', 0, '2022-07-29 03:16:53', NULL),
(3, 'PY/3/07/2022', 'APLIKASI', 'Penyesuaian', 'init', 'Admin', 0, '2022-07-30 03:05:09', NULL),
(4, 'TB/4/07/2022', 'Aplikasi', 'Penambahan', 'init', 'Admin', 0, '2022-07-30 03:08:42', NULL),
(5, 'TB/5/07/2022', 'Aplikasi', 'Penambahan', '', 'Admin', 0, '2022-07-30 03:10:30', NULL),
(6, 'TB/1/08/2022', 'upload', 'Penambahan', 'test upload', 'Admin', 0, '2022-08-20 08:31:31', NULL),
(7, 'TB/2/08/2022', 'upload', 'Penambahan', 'test', 'Admin', 0, '2022-08-20 08:46:08', NULL),
(8, 'TB/3/08/2022', 'Aplikasi', 'Penambahan', '', 'Admin', 0, '2022-08-20 09:00:22', NULL),
(9, 'PY/4/08/2022', 'APLIKASI', 'Penyesuaian', '', 'Admin', 0, '2022-08-20 13:04:43', NULL),
(10, 'PY/5/08/2022', 'APLIKASI', 'Penyesuaian', '', 'Admin', 0, '2022-08-21 12:57:53', NULL);

-- --------------------------------------------------------

--
-- Table structure for table `stock_adjustment_detail`
--

DROP TABLE IF EXISTS `stock_adjustment_detail`;
CREATE TABLE IF NOT EXISTS `stock_adjustment_detail` (
  `id` int(11) NOT NULL AUTO_INCREMENT,
  `stock_adjustment_id` int(11) NOT NULL,
  `stock_id` int(11) DEFAULT NULL,
  `type` varchar(200) NOT NULL,
  `product_variant_id` int(11) NOT NULL,
  `packing_id` int(11) NOT NULL,
  `total_stock` bigint(20) NOT NULL,
  `buy_price` decimal(15,0) NOT NULL,
  `expired_date` date NOT NULL,
  PRIMARY KEY (`id`)
) ENGINE=InnoDB AUTO_INCREMENT=3045 DEFAULT CHARSET=utf8mb4;

--
-- Dumping data for table `stock_adjustment_detail`
--

INSERT INTO `stock_adjustment_detail` (`id`, `stock_adjustment_id`, `stock_id`, `type`, `product_variant_id`, `packing_id`, `total_stock`, `buy_price`, `expired_date`) VALUES
(1, 1, NULL, 'plus', 24, 7, 10, '50000', '2022-07-31'),
(2, 2, NULL, 'plus', 24, 5, 1, '50000', '2022-07-31'),
(3, 2, NULL, 'plus', 25, 5, 1, '50000', '2022-07-31'),
(4, 3, 1, 'Penghapusan', 24, 5, 0, '0', '0000-00-00'),
(5, 3, 2, 'Penghapusan', 25, 5, 0, '0', '0000-00-00'),
(6, 4, NULL, 'plus', 24, 7, 1, '50000', '2022-07-30'),
(7, 4, NULL, 'plus', 25, 7, 1, '50000', '2022-07-31'),
(8, 4, NULL, 'plus', 24, 7, 1, '50000', '2022-08-01'),
(9, 5, NULL, 'plus', 59, 7, 1, '50000', '2022-07-30'),
(10, 5, NULL, 'plus', 59, 5, 1, '50000', '2022-07-31'),
(11, 5, NULL, 'plus', 59, 7, 1, '51000', '2022-07-30'),
(12, 6, NULL, 'plus', 53, 5, 530, '14002', '0000-00-00'),
(13, 6, NULL, 'plus', 91, 5, 540, '14002', '0000-00-00'),
(14, 6, NULL, 'plus', 54, 5, 550, '32034', '0000-00-00'),
(15, 6, NULL, 'plus', 220, 5, 560, '32034', '0000-00-00'),
(16, 6, NULL, 'plus', 102, 5, 1030, '6795', '0000-00-00'),
(17, 6, NULL, 'plus', 123, 5, 1040, '6795', '0000-00-00'),
(18, 6, NULL, 'plus', 192, 5, 1930, '19954', '0000-00-00'),
(19, 6, NULL, 'plus', 215, 5, 1960, '19954', '0000-00-00'),
(20, 6, NULL, 'plus', 339, 5, 3400, '35280', '0000-00-00'),
(21, 6, NULL, 'plus', 340, 5, 3410, '35280', '0000-00-00'),
(22, 6, NULL, 'plus', 587, 5, 5880, '14400', '0000-00-00'),
(23, 6, NULL, 'plus', 588, 5, 5890, '14400', '0000-00-00'),
(24, 6, NULL, 'plus', 863, 5, 8710, '67080', '0000-00-00'),
(25, 6, NULL, 'plus', 864, 5, 8720, '67080', '0000-00-00'),
(26, 6, NULL, 'plus', 865, 5, 8730, '67080', '0000-00-00'),
(27, 6, NULL, 'plus', 874, 5, 8740, '67080', '0000-00-00'),
(28, 6, NULL, 'plus', 875, 5, 8750, '67080', '0000-00-00'),
(29, 6, NULL, 'plus', 876, 5, 8760, '67080', '0000-00-00'),
(30, 6, NULL, 'plus', 1151, 5, 11520, '14859', '0000-00-00'),
(31, 6, NULL, 'plus', 1157, 5, 11530, '14859', '0000-00-00'),
(32, 6, NULL, 'plus', 1156, 5, 11580, '15250', '0000-00-00'),
(33, 6, NULL, 'plus', 1437, 5, 11590, '15250', '0000-00-00'),
(34, 6, NULL, 'plus', 1217, 5, 12230, '30501', '0000-00-00'),
(35, 6, NULL, 'plus', 1218, 5, 12240, '30501', '0000-00-00'),
(36, 6, NULL, 'plus', 1460, 5, 12250, '30501', '0000-00-00'),
(37, 6, NULL, 'plus', 1461, 5, 12260, '30501', '0000-00-00'),
(38, 6, NULL, 'plus', 1231, 5, 12390, '35976', '0000-00-00'),
(39, 6, NULL, 'plus', 1331, 5, 12400, '35976', '0000-00-00'),
(40, 6, NULL, 'plus', 1318, 5, 13270, '46946', '0000-00-00'),
(41, 6, NULL, 'plus', 1319, 5, 13280, '46946', '0000-00-00'),
(42, 6, NULL, 'plus', 1320, 5, 13290, '46946', '0000-00-00'),
(43, 6, NULL, 'plus', 1321, 5, 13300, '46946', '0000-00-00'),
(44, 6, NULL, 'plus', 1391, 5, 13310, '46946', '0000-00-00'),
(45, 6, NULL, 'plus', 1392, 5, 13320, '46946', '0000-00-00'),
(46, 6, NULL, 'plus', 1393, 5, 13330, '46946', '0000-00-00'),
(47, 6, NULL, 'plus', 1394, 5, 13340, '46946', '0000-00-00'),
(48, 6, NULL, 'plus', 1417, 5, 14250, '23854', '0000-00-00'),
(49, 6, NULL, 'plus', 1418, 5, 14260, '23854', '0000-00-00'),
(50, 6, NULL, 'plus', 1446, 5, 14530, '25809', '0000-00-00'),
(51, 6, NULL, 'plus', 1447, 5, 14540, '25809', '0000-00-00'),
(52, 6, NULL, 'plus', 1448, 5, 14550, '25809', '0000-00-00'),
(53, 6, NULL, 'plus', 1449, 5, 14560, '25809', '0000-00-00'),
(54, 6, NULL, 'plus', 1483, 5, 14570, '25809', '0000-00-00'),
(55, 6, NULL, 'plus', 1484, 5, 14580, '25809', '0000-00-00'),
(56, 6, NULL, 'plus', 1485, 5, 14590, '25809', '0000-00-00'),
(57, 6, NULL, 'plus', 1486, 5, 14600, '25809', '0000-00-00'),
(58, 6, NULL, 'plus', 1, 5, 10, '11156', '0000-00-00'),
(59, 6, NULL, 'plus', 2, 5, 20, '11156', '0000-00-00'),
(60, 6, NULL, 'plus', 3, 5, 30, '11156', '0000-00-00'),
(61, 6, NULL, 'plus', 4, 5, 40, '11156', '0000-00-00'),
(62, 6, NULL, 'plus', 5, 5, 50, '11156', '0000-00-00'),
(63, 6, NULL, 'plus', 6, 5, 60, '20081', '0000-00-00'),
(64, 6, NULL, 'plus', 7, 5, 70, '20081', '0000-00-00'),
(65, 6, NULL, 'plus', 8, 5, 80, '20081', '0000-00-00'),
(66, 6, NULL, 'plus', 9, 5, 90, '12941', '0000-00-00'),
(67, 6, NULL, 'plus', 10, 5, 100, '26328', '0000-00-00'),
(68, 6, NULL, 'plus', 11, 5, 110, '26328', '0000-00-00'),
(69, 6, NULL, 'plus', 12, 5, 120, '26328', '0000-00-00'),
(70, 6, NULL, 'plus', 13, 5, 130, '26328', '0000-00-00'),
(71, 6, NULL, 'plus', 14, 5, 140, '26328', '0000-00-00'),
(72, 6, NULL, 'plus', 15, 5, 150, '26328', '0000-00-00'),
(73, 6, NULL, 'plus', 16, 5, 160, '41501', '0000-00-00'),
(74, 6, NULL, 'plus', 17, 5, 170, '41501', '0000-00-00'),
(75, 6, NULL, 'plus', 18, 5, 180, '41501', '0000-00-00'),
(76, 6, NULL, 'plus', 19, 5, 190, '41501', '0000-00-00'),
(77, 6, NULL, 'plus', 20, 5, 200, '41501', '0000-00-00'),
(78, 6, NULL, 'plus', 21, 5, 210, '30791', '0000-00-00'),
(79, 6, NULL, 'plus', 22, 5, 220, '30791', '0000-00-00'),
(80, 6, NULL, 'plus', 23, 5, 230, '30791', '0000-00-00'),
(81, 6, NULL, 'plus', 24, 5, 240, '30791', '0000-00-00'),
(82, 6, NULL, 'plus', 25, 5, 250, '30791', '0000-00-00'),
(83, 6, NULL, 'plus', 26, 5, 260, '30791', '0000-00-00'),
(84, 6, NULL, 'plus', 27, 5, 270, '19188', '0000-00-00'),
(85, 6, NULL, 'plus', 28, 5, 280, '19188', '0000-00-00'),
(86, 6, NULL, 'plus', 29, 5, 290, '19188', '0000-00-00'),
(87, 6, NULL, 'plus', 30, 5, 300, '19188', '0000-00-00'),
(88, 6, NULL, 'plus', 31, 5, 310, '19188', '0000-00-00'),
(89, 6, NULL, 'plus', 32, 5, 320, '19188', '0000-00-00'),
(90, 6, NULL, 'plus', 33, 5, 330, '19188', '0000-00-00'),
(91, 6, NULL, 'plus', 34, 5, 340, '19188', '0000-00-00'),
(92, 6, NULL, 'plus', 35, 5, 350, '20081', '0000-00-00'),
(93, 6, NULL, 'plus', 36, 5, 360, '20081', '0000-00-00'),
(94, 6, NULL, 'plus', 37, 5, 370, '20081', '0000-00-00'),
(95, 6, NULL, 'plus', 38, 5, 380, '20081', '0000-00-00'),
(96, 6, NULL, 'plus', 39, 5, 390, '20081', '0000-00-00'),
(97, 6, NULL, 'plus', 40, 5, 400, '20081', '0000-00-00'),
(98, 6, NULL, 'plus', 41, 5, 410, '11156', '0000-00-00'),
(99, 6, NULL, 'plus', 42, 5, 420, '11156', '0000-00-00'),
(100, 6, NULL, 'plus', 43, 5, 430, '11156', '0000-00-00'),
(101, 6, NULL, 'plus', 44, 5, 440, '22758', '0000-00-00'),
(102, 6, NULL, 'plus', 45, 5, 450, '28113', '0000-00-00'),
(103, 6, NULL, 'plus', 46, 5, 460, '28113', '0000-00-00'),
(104, 6, NULL, 'plus', 47, 5, 470, '10400', '0000-00-00'),
(105, 6, NULL, 'plus', 48, 5, 480, '35809', '0000-00-00'),
(106, 6, NULL, 'plus', 49, 5, 490, '35809', '0000-00-00'),
(107, 6, NULL, 'plus', 50, 5, 500, '35809', '0000-00-00'),
(108, 6, NULL, 'plus', 51, 5, 510, '35809', '0000-00-00'),
(109, 6, NULL, 'plus', 52, 5, 520, '7338', '0000-00-00'),
(110, 6, NULL, 'plus', 55, 5, 570, '90703', '0000-00-00'),
(111, 6, NULL, 'plus', 56, 5, 580, '90703', '0000-00-00'),
(112, 6, NULL, 'plus', 57, 5, 590, '90703', '0000-00-00'),
(113, 6, NULL, 'plus', 58, 5, 600, '9894', '0000-00-00'),
(114, 6, NULL, 'plus', 59, 5, 610, '9894', '0000-00-00'),
(115, 6, NULL, 'plus', 60, 5, 620, '9894', '0000-00-00'),
(116, 6, NULL, 'plus', 61, 5, 630, '9986', '0000-00-00'),
(117, 6, NULL, 'plus', 62, 5, 640, '12265', '0000-00-00'),
(118, 6, NULL, 'plus', 63, 5, 650, '12265', '0000-00-00'),
(119, 6, NULL, 'plus', 64, 5, 660, '12265', '0000-00-00'),
(120, 6, NULL, 'plus', 65, 5, 670, '10406', '0000-00-00'),
(121, 6, NULL, 'plus', 66, 5, 680, '10406', '0000-00-00'),
(122, 6, NULL, 'plus', 67, 5, 690, '10406', '0000-00-00'),
(123, 6, NULL, 'plus', 97, 5, 700, '10406', '0000-00-00'),
(124, 6, NULL, 'plus', 68, 5, 710, '11708', '0000-00-00'),
(125, 6, NULL, 'plus', 69, 5, 720, '11708', '0000-00-00'),
(126, 6, NULL, 'plus', 70, 5, 730, '11708', '0000-00-00'),
(127, 6, NULL, 'plus', 71, 5, 740, '10760', '0000-00-00'),
(128, 6, NULL, 'plus', 72, 5, 750, '10760', '0000-00-00'),
(129, 6, NULL, 'plus', 73, 5, 760, '10760', '0000-00-00'),
(130, 6, NULL, 'plus', 74, 5, 770, '10760', '0000-00-00'),
(131, 6, NULL, 'plus', 75, 5, 780, '28200', '0000-00-00'),
(132, 6, NULL, 'plus', 76, 5, 790, '28200', '0000-00-00'),
(133, 6, NULL, 'plus', 77, 5, 800, '28200', '0000-00-00'),
(134, 6, NULL, 'plus', 78, 5, 810, '21685', '0000-00-00'),
(135, 6, NULL, 'plus', 79, 5, 820, '15584', '0000-00-00'),
(136, 6, NULL, 'plus', 80, 5, 830, '4328', '0000-00-00'),
(137, 6, NULL, 'plus', 81, 5, 840, '5194', '0000-00-00'),
(138, 6, NULL, 'plus', 82, 5, 850, '15584', '0000-00-00'),
(139, 6, NULL, 'plus', 83, 5, 860, '15584', '0000-00-00'),
(140, 6, NULL, 'plus', 84, 5, 870, '15584', '0000-00-00'),
(141, 6, NULL, 'plus', 85, 5, 880, '21109', '0000-00-00'),
(142, 6, NULL, 'plus', 86, 5, 890, '21109', '0000-00-00'),
(143, 6, NULL, 'plus', 87, 5, 900, '21109', '0000-00-00'),
(144, 6, NULL, 'plus', 88, 5, 910, '13670', '0000-00-00'),
(145, 6, NULL, 'plus', 89, 5, 920, '13670', '0000-00-00'),
(146, 6, NULL, 'plus', 90, 5, 930, '13670', '0000-00-00'),
(147, 6, NULL, 'plus', 92, 5, 940, '6809', '0000-00-00'),
(148, 6, NULL, 'plus', 93, 5, 950, '11324', '0000-00-00'),
(149, 6, NULL, 'plus', 94, 5, 960, '11324', '0000-00-00'),
(150, 6, NULL, 'plus', 95, 5, 970, '11324', '0000-00-00'),
(151, 6, NULL, 'plus', 96, 5, 980, '11630', '0000-00-00'),
(152, 6, NULL, 'plus', 98, 5, 990, '19052', '0000-00-00'),
(153, 6, NULL, 'plus', 99, 5, 1000, '19052', '0000-00-00'),
(154, 6, NULL, 'plus', 100, 5, 1010, '19052', '0000-00-00'),
(155, 6, NULL, 'plus', 101, 5, 1020, '31168', '0000-00-00'),
(156, 6, NULL, 'plus', 103, 5, 1050, '3822', '0000-00-00'),
(157, 6, NULL, 'plus', 104, 5, 1060, '3822', '0000-00-00'),
(158, 6, NULL, 'plus', 105, 5, 1070, '3822', '0000-00-00'),
(159, 6, NULL, 'plus', 106, 5, 1080, '3822', '0000-00-00'),
(160, 6, NULL, 'plus', 107, 5, 1090, '3822', '0000-00-00'),
(161, 6, NULL, 'plus', 108, 5, 1100, '3822', '0000-00-00'),
(162, 6, NULL, 'plus', 109, 5, 1110, '1614', '0000-00-00'),
(163, 6, NULL, 'plus', 110, 5, 1120, '5133', '0000-00-00'),
(164, 6, NULL, 'plus', 111, 5, 1130, '5133', '0000-00-00'),
(165, 6, NULL, 'plus', 112, 5, 1140, '5133', '0000-00-00'),
(166, 6, NULL, 'plus', 113, 5, 1150, '5133', '0000-00-00'),
(167, 6, NULL, 'plus', 114, 5, 1160, '5133', '0000-00-00'),
(168, 6, NULL, 'plus', 115, 5, 1170, '5133', '0000-00-00'),
(169, 6, NULL, 'plus', 116, 5, 1180, '5765', '0000-00-00'),
(170, 6, NULL, 'plus', 117, 5, 1190, '5765', '0000-00-00'),
(171, 6, NULL, 'plus', 118, 5, 1200, '5765', '0000-00-00'),
(172, 6, NULL, 'plus', 119, 5, 1210, '5765', '0000-00-00'),
(173, 6, NULL, 'plus', 120, 5, 1220, '5765', '0000-00-00'),
(174, 6, NULL, 'plus', 121, 5, 1230, '5765', '0000-00-00'),
(175, 6, NULL, 'plus', 122, 5, 1240, '4370', '0000-00-00'),
(176, 6, NULL, 'plus', 124, 5, 1250, '14347', '0000-00-00'),
(177, 6, NULL, 'plus', 125, 5, 1260, '6143', '0000-00-00'),
(178, 6, NULL, 'plus', 126, 5, 1270, '7070', '0000-00-00'),
(179, 6, NULL, 'plus', 127, 5, 1280, '9069', '0000-00-00'),
(180, 6, NULL, 'plus', 128, 5, 1290, '8162', '0000-00-00'),
(181, 6, NULL, 'plus', 129, 5, 1300, '57924', '0000-00-00'),
(182, 6, NULL, 'plus', 130, 5, 1310, '9069', '0000-00-00'),
(183, 6, NULL, 'plus', 131, 5, 1320, '3875', '0000-00-00'),
(184, 6, NULL, 'plus', 132, 5, 1330, '7585', '0000-00-00'),
(185, 6, NULL, 'plus', 133, 5, 1340, '6262', '0000-00-00'),
(186, 6, NULL, 'plus', 134, 5, 1350, '6262', '0000-00-00'),
(187, 6, NULL, 'plus', 135, 5, 1360, '6262', '0000-00-00'),
(188, 6, NULL, 'plus', 136, 5, 1370, '6312', '0000-00-00'),
(189, 6, NULL, 'plus', 137, 5, 1380, '5477', '0000-00-00'),
(190, 6, NULL, 'plus', 138, 5, 1390, '5477', '0000-00-00'),
(191, 6, NULL, 'plus', 139, 5, 1400, '5477', '0000-00-00'),
(192, 6, NULL, 'plus', 140, 5, 1410, '29556', '0000-00-00'),
(193, 6, NULL, 'plus', 141, 5, 1420, '42011', '0000-00-00'),
(194, 6, NULL, 'plus', 142, 5, 1430, '42011', '0000-00-00'),
(195, 6, NULL, 'plus', 143, 5, 1440, '42011', '0000-00-00'),
(196, 6, NULL, 'plus', 144, 5, 1450, '38919', '0000-00-00'),
(197, 6, NULL, 'plus', 145, 5, 1460, '38919', '0000-00-00'),
(198, 6, NULL, 'plus', 146, 5, 1470, '38919', '0000-00-00'),
(199, 6, NULL, 'plus', 147, 5, 1480, '38919', '0000-00-00'),
(200, 6, NULL, 'plus', 148, 5, 1490, '8327', '0000-00-00'),
(201, 6, NULL, 'plus', 149, 5, 1500, '8327', '0000-00-00'),
(202, 6, NULL, 'plus', 150, 5, 1510, '8327', '0000-00-00'),
(203, 6, NULL, 'plus', 151, 5, 1520, '8327', '0000-00-00'),
(204, 6, NULL, 'plus', 152, 5, 1530, '30561', '0000-00-00'),
(205, 6, NULL, 'plus', 153, 5, 1540, '30561', '0000-00-00'),
(206, 6, NULL, 'plus', 154, 5, 1550, '30561', '0000-00-00'),
(207, 6, NULL, 'plus', 155, 5, 1560, '43157', '0000-00-00'),
(208, 6, NULL, 'plus', 156, 5, 1570, '43157', '0000-00-00'),
(209, 6, NULL, 'plus', 157, 5, 1580, '43157', '0000-00-00'),
(210, 6, NULL, 'plus', 158, 5, 1590, '52184', '0000-00-00'),
(211, 6, NULL, 'plus', 159, 5, 1600, '52184', '0000-00-00'),
(212, 6, NULL, 'plus', 160, 5, 1610, '52184', '0000-00-00'),
(213, 6, NULL, 'plus', 161, 5, 1620, '30321', '0000-00-00'),
(214, 6, NULL, 'plus', 162, 5, 1630, '43157', '0000-00-00'),
(215, 6, NULL, 'plus', 163, 5, 1640, '43157', '0000-00-00'),
(216, 6, NULL, 'plus', 164, 5, 1650, '8327', '0000-00-00'),
(217, 6, NULL, 'plus', 165, 5, 1660, '8327', '0000-00-00'),
(218, 6, NULL, 'plus', 166, 5, 1670, '5771', '0000-00-00'),
(219, 6, NULL, 'plus', 167, 5, 1680, '4926', '0000-00-00'),
(220, 6, NULL, 'plus', 168, 5, 1690, '1071', '0000-00-00'),
(221, 6, NULL, 'plus', 169, 5, 1700, '923', '0000-00-00'),
(222, 6, NULL, 'plus', 170, 5, 1710, '1665', '0000-00-00'),
(223, 6, NULL, 'plus', 171, 5, 1720, '11000', '0000-00-00'),
(224, 6, NULL, 'plus', 172, 5, 1730, '11000', '0000-00-00'),
(225, 6, NULL, 'plus', 173, 5, 1740, '11000', '0000-00-00'),
(226, 6, NULL, 'plus', 174, 5, 1750, '11320', '0000-00-00'),
(227, 6, NULL, 'plus', 175, 5, 1760, '11320', '0000-00-00'),
(228, 6, NULL, 'plus', 176, 5, 1770, '11320', '0000-00-00'),
(229, 6, NULL, 'plus', 177, 5, 1780, '25250', '0000-00-00'),
(230, 6, NULL, 'plus', 178, 5, 1790, '25250', '0000-00-00'),
(231, 6, NULL, 'plus', 179, 5, 1800, '25250', '0000-00-00'),
(232, 6, NULL, 'plus', 180, 5, 1810, '16665', '0000-00-00'),
(233, 6, NULL, 'plus', 181, 5, 1820, '16665', '0000-00-00'),
(234, 6, NULL, 'plus', 182, 5, 1830, '16665', '0000-00-00'),
(235, 6, NULL, 'plus', 183, 5, 1840, '35714', '0000-00-00'),
(236, 6, NULL, 'plus', 184, 5, 1850, '35714', '0000-00-00'),
(237, 6, NULL, 'plus', 185, 5, 1860, '35714', '0000-00-00'),
(238, 6, NULL, 'plus', 186, 5, 1870, '35714', '0000-00-00'),
(239, 6, NULL, 'plus', 187, 5, 1880, '32405', '0000-00-00'),
(240, 6, NULL, 'plus', 188, 5, 1890, '32405', '0000-00-00'),
(241, 6, NULL, 'plus', 189, 5, 1900, '31663', '0000-00-00'),
(242, 6, NULL, 'plus', 190, 5, 1910, '31663', '0000-00-00'),
(243, 6, NULL, 'plus', 191, 5, 1920, '31663', '0000-00-00'),
(244, 6, NULL, 'plus', 193, 5, 1940, '19954', '0000-00-00'),
(245, 6, NULL, 'plus', 194, 5, 1950, '19954', '0000-00-00'),
(246, 6, NULL, 'plus', 216, 5, 1970, '19954', '0000-00-00'),
(247, 6, NULL, 'plus', 217, 5, 1980, '19954', '0000-00-00'),
(248, 6, NULL, 'plus', 195, 5, 1990, '29381', '0000-00-00'),
(249, 6, NULL, 'plus', 196, 5, 2000, '29381', '0000-00-00'),
(250, 6, NULL, 'plus', 197, 5, 2010, '29381', '0000-00-00'),
(251, 6, NULL, 'plus', 198, 5, 2020, '12574', '0000-00-00'),
(252, 6, NULL, 'plus', 199, 5, 2030, '12574', '0000-00-00'),
(253, 6, NULL, 'plus', 200, 5, 2040, '12574', '0000-00-00'),
(254, 6, NULL, 'plus', 201, 5, 2050, '7544', '0000-00-00'),
(255, 6, NULL, 'plus', 202, 5, 2060, '20331', '0000-00-00'),
(256, 6, NULL, 'plus', 203, 5, 2070, '20331', '0000-00-00'),
(257, 6, NULL, 'plus', 204, 5, 2080, '20331', '0000-00-00'),
(258, 6, NULL, 'plus', 205, 5, 2090, '20331', '0000-00-00'),
(259, 6, NULL, 'plus', 206, 5, 2100, '20331', '0000-00-00'),
(260, 6, NULL, 'plus', 207, 5, 2110, '20331', '0000-00-00'),
(261, 6, NULL, 'plus', 208, 5, 2120, '20331', '0000-00-00'),
(262, 6, NULL, 'plus', 209, 5, 2130, '20331', '0000-00-00'),
(263, 6, NULL, 'plus', 210, 5, 2140, '27728', '0000-00-00'),
(264, 6, NULL, 'plus', 211, 5, 2150, '27728', '0000-00-00'),
(265, 6, NULL, 'plus', 212, 5, 2160, '27728', '0000-00-00'),
(266, 6, NULL, 'plus', 213, 5, 2170, '27728', '0000-00-00'),
(267, 6, NULL, 'plus', 214, 5, 2180, '27728', '0000-00-00'),
(268, 6, NULL, 'plus', 218, 5, 2190, '34219', '0000-00-00'),
(269, 6, NULL, 'plus', 219, 5, 2200, '34219', '0000-00-00'),
(270, 6, NULL, 'plus', 221, 5, 2210, '46822', '0000-00-00'),
(271, 6, NULL, 'plus', 222, 5, 2220, '5260', '0000-00-00'),
(272, 6, NULL, 'plus', 223, 5, 2230, '5260', '0000-00-00'),
(273, 6, NULL, 'plus', 224, 5, 2240, '5260', '0000-00-00'),
(274, 6, NULL, 'plus', 1487, 5, 2250, '5260', '0000-00-00'),
(275, 6, NULL, 'plus', 225, 5, 2260, '21150', '0000-00-00'),
(276, 6, NULL, 'plus', 226, 5, 2270, '21150', '0000-00-00'),
(277, 6, NULL, 'plus', 227, 5, 2280, '21150', '0000-00-00'),
(278, 6, NULL, 'plus', 228, 5, 2290, '21150', '0000-00-00'),
(279, 6, NULL, 'plus', 229, 5, 2300, '21150', '0000-00-00'),
(280, 6, NULL, 'plus', 230, 5, 2310, '21150', '0000-00-00'),
(281, 6, NULL, 'plus', 231, 5, 2320, '15996', '0000-00-00'),
(282, 6, NULL, 'plus', 232, 5, 2330, '9894', '0000-00-00'),
(283, 6, NULL, 'plus', 233, 5, 2340, '13110', '0000-00-00'),
(284, 6, NULL, 'plus', 234, 5, 2350, '13110', '0000-00-00'),
(285, 6, NULL, 'plus', 235, 5, 2360, '13110', '0000-00-00'),
(286, 6, NULL, 'plus', 236, 5, 2370, '13110', '0000-00-00'),
(287, 6, NULL, 'plus', 237, 5, 2380, '13110', '0000-00-00'),
(288, 6, NULL, 'plus', 238, 5, 2390, '13110', '0000-00-00'),
(289, 6, NULL, 'plus', 239, 5, 2400, '13110', '0000-00-00'),
(290, 6, NULL, 'plus', 240, 5, 2410, '13110', '0000-00-00'),
(291, 6, NULL, 'plus', 241, 5, 2420, '13110', '0000-00-00'),
(292, 6, NULL, 'plus', 242, 5, 2430, '13110', '0000-00-00'),
(293, 6, NULL, 'plus', 243, 5, 2440, '13110', '0000-00-00'),
(294, 6, NULL, 'plus', 244, 5, 2450, '13110', '0000-00-00'),
(295, 6, NULL, 'plus', 245, 5, 2460, '24300', '0000-00-00'),
(296, 6, NULL, 'plus', 246, 5, 2470, '24300', '0000-00-00'),
(297, 6, NULL, 'plus', 247, 5, 2480, '24300', '0000-00-00'),
(298, 6, NULL, 'plus', 248, 5, 2490, '24300', '0000-00-00'),
(299, 6, NULL, 'plus', 249, 5, 2500, '24300', '0000-00-00'),
(300, 6, NULL, 'plus', 250, 5, 2510, '24300', '0000-00-00'),
(301, 6, NULL, 'plus', 251, 5, 2520, '24300', '0000-00-00'),
(302, 6, NULL, 'plus', 252, 5, 2530, '24300', '0000-00-00'),
(303, 6, NULL, 'plus', 253, 5, 2540, '24300', '0000-00-00'),
(304, 6, NULL, 'plus', 254, 5, 2550, '24300', '0000-00-00'),
(305, 6, NULL, 'plus', 255, 5, 2560, '24300', '0000-00-00'),
(306, 6, NULL, 'plus', 256, 5, 2570, '24300', '0000-00-00'),
(307, 6, NULL, 'plus', 257, 5, 2580, '24300', '0000-00-00'),
(308, 6, NULL, 'plus', 258, 5, 2590, '24300', '0000-00-00'),
(309, 6, NULL, 'plus', 259, 5, 2600, '24300', '0000-00-00'),
(310, 6, NULL, 'plus', 260, 5, 2610, '24300', '0000-00-00'),
(311, 6, NULL, 'plus', 261, 5, 2620, '24300', '0000-00-00'),
(312, 6, NULL, 'plus', 262, 5, 2630, '24300', '0000-00-00'),
(313, 6, NULL, 'plus', 263, 5, 2640, '24300', '0000-00-00'),
(314, 6, NULL, 'plus', 264, 5, 2650, '9234', '0000-00-00'),
(315, 6, NULL, 'plus', 265, 5, 2660, '25734', '0000-00-00'),
(316, 6, NULL, 'plus', 266, 5, 2670, '25734', '0000-00-00'),
(317, 6, NULL, 'plus', 267, 5, 2680, '25734', '0000-00-00'),
(318, 6, NULL, 'plus', 268, 5, 2690, '25734', '0000-00-00'),
(319, 6, NULL, 'plus', 269, 5, 2700, '25734', '0000-00-00'),
(320, 6, NULL, 'plus', 270, 5, 2710, '114480', '0000-00-00'),
(321, 6, NULL, 'plus', 271, 5, 2720, '82800', '0000-00-00'),
(322, 6, NULL, 'plus', 272, 5, 2730, '39600', '0000-00-00'),
(323, 6, NULL, 'plus', 273, 5, 2740, '90000', '0000-00-00'),
(324, 6, NULL, 'plus', 274, 5, 2750, '42980', '0000-00-00'),
(325, 6, NULL, 'plus', 275, 5, 2760, '92880', '0000-00-00'),
(326, 6, NULL, 'plus', 276, 5, 2770, '39600', '0000-00-00'),
(327, 6, NULL, 'plus', 277, 5, 2780, '82800', '0000-00-00'),
(328, 6, NULL, 'plus', 278, 5, 2790, '40320', '0000-00-00'),
(329, 6, NULL, 'plus', 279, 5, 2800, '37440', '0000-00-00'),
(330, 6, NULL, 'plus', 280, 5, 2810, '48960', '0000-00-00'),
(331, 6, NULL, 'plus', 281, 5, 2820, '48960', '0000-00-00'),
(332, 6, NULL, 'plus', 282, 5, 2830, '86900', '0000-00-00'),
(333, 6, NULL, 'plus', 283, 5, 2840, '100080', '0000-00-00'),
(334, 6, NULL, 'plus', 284, 5, 2850, '100080', '0000-00-00'),
(335, 6, NULL, 'plus', 285, 5, 2860, '100080', '0000-00-00'),
(336, 6, NULL, 'plus', 286, 5, 2870, '41760', '0000-00-00'),
(337, 6, NULL, 'plus', 287, 5, 2880, '41760', '0000-00-00'),
(338, 6, NULL, 'plus', 288, 5, 2890, '41760', '0000-00-00'),
(339, 6, NULL, 'plus', 289, 5, 2900, '119980', '0000-00-00'),
(340, 6, NULL, 'plus', 290, 5, 2910, '53280', '0000-00-00'),
(341, 6, NULL, 'plus', 291, 5, 2920, '53280', '0000-00-00'),
(342, 6, NULL, 'plus', 292, 5, 2930, '53280', '0000-00-00'),
(343, 6, NULL, 'plus', 293, 5, 2940, '53280', '0000-00-00'),
(344, 6, NULL, 'plus', 294, 5, 2950, '53280', '0000-00-00'),
(345, 6, NULL, 'plus', 295, 5, 2960, '27360', '0000-00-00'),
(346, 6, NULL, 'plus', 296, 5, 2970, '27360', '0000-00-00'),
(347, 6, NULL, 'plus', 297, 5, 2980, '27360', '0000-00-00'),
(348, 6, NULL, 'plus', 298, 5, 2990, '27360', '0000-00-00'),
(349, 6, NULL, 'plus', 299, 5, 3000, '63360', '0000-00-00'),
(350, 6, NULL, 'plus', 300, 5, 3010, '20160', '0000-00-00'),
(351, 6, NULL, 'plus', 301, 5, 3020, '43200', '0000-00-00'),
(352, 6, NULL, 'plus', 302, 5, 3030, '25200', '0000-00-00'),
(353, 6, NULL, 'plus', 303, 5, 3040, '48240', '0000-00-00'),
(354, 6, NULL, 'plus', 304, 5, 3050, '27360', '0000-00-00'),
(355, 6, NULL, 'plus', 305, 5, 3060, '25200', '0000-00-00'),
(356, 6, NULL, 'plus', 306, 5, 3070, '25200', '0000-00-00'),
(357, 6, NULL, 'plus', 307, 5, 3080, '36000', '0000-00-00'),
(358, 6, NULL, 'plus', 308, 5, 3090, '36000', '0000-00-00'),
(359, 6, NULL, 'plus', 309, 5, 3100, '36000', '0000-00-00'),
(360, 6, NULL, 'plus', 310, 5, 3110, '36000', '0000-00-00'),
(361, 6, NULL, 'plus', 311, 5, 3120, '58680', '0000-00-00'),
(362, 6, NULL, 'plus', 312, 5, 3130, '41760', '0000-00-00'),
(363, 6, NULL, 'plus', 313, 5, 3140, '33100', '0000-00-00'),
(364, 6, NULL, 'plus', 314, 5, 3150, '59040', '0000-00-00'),
(365, 6, NULL, 'plus', 315, 5, 3160, '38160', '0000-00-00'),
(366, 6, NULL, 'plus', 316, 5, 3170, '64080', '0000-00-00'),
(367, 6, NULL, 'plus', 317, 5, 3180, '92520', '0000-00-00'),
(368, 6, NULL, 'plus', 318, 5, 3190, '92520', '0000-00-00'),
(369, 6, NULL, 'plus', 319, 5, 3200, '92520', '0000-00-00'),
(370, 6, NULL, 'plus', 320, 5, 3210, '42480', '0000-00-00'),
(371, 6, NULL, 'plus', 321, 5, 3220, '42480', '0000-00-00'),
(372, 6, NULL, 'plus', 322, 5, 3230, '42480', '0000-00-00'),
(373, 6, NULL, 'plus', 323, 5, 3240, '35280', '0000-00-00'),
(374, 6, NULL, 'plus', 324, 5, 3250, '42480', '0000-00-00'),
(375, 6, NULL, 'plus', 325, 5, 3260, '42480', '0000-00-00'),
(376, 6, NULL, 'plus', 326, 5, 3270, '42480', '0000-00-00'),
(377, 6, NULL, 'plus', 327, 5, 3280, '42480', '0000-00-00'),
(378, 6, NULL, 'plus', 328, 5, 3290, '42480', '0000-00-00'),
(379, 6, NULL, 'plus', 329, 5, 3300, '35280', '0000-00-00'),
(380, 6, NULL, 'plus', 330, 5, 3310, '35280', '0000-00-00'),
(381, 6, NULL, 'plus', 331, 5, 3320, '35280', '0000-00-00'),
(382, 6, NULL, 'plus', 332, 5, 3330, '35280', '0000-00-00'),
(383, 6, NULL, 'plus', 333, 5, 3340, '35280', '0000-00-00'),
(384, 6, NULL, 'plus', 334, 5, 3350, '35280', '0000-00-00'),
(385, 6, NULL, 'plus', 335, 5, 3360, '35280', '0000-00-00'),
(386, 6, NULL, 'plus', 336, 5, 3370, '35280', '0000-00-00'),
(387, 6, NULL, 'plus', 337, 5, 3380, '35280', '0000-00-00'),
(388, 6, NULL, 'plus', 338, 5, 3390, '35280', '0000-00-00'),
(389, 6, NULL, 'plus', 341, 5, 3420, '82800', '0000-00-00'),
(390, 6, NULL, 'plus', 342, 5, 3430, '82800', '0000-00-00'),
(391, 6, NULL, 'plus', 343, 5, 3440, '82800', '0000-00-00'),
(392, 6, NULL, 'plus', 344, 5, 3450, '32400', '0000-00-00'),
(393, 6, NULL, 'plus', 345, 5, 3460, '32400', '0000-00-00'),
(394, 6, NULL, 'plus', 346, 5, 3470, '75600', '0000-00-00'),
(395, 6, NULL, 'plus', 347, 5, 3480, '75600', '0000-00-00'),
(396, 6, NULL, 'plus', 348, 5, 3490, '75600', '0000-00-00'),
(397, 6, NULL, 'plus', 349, 5, 3500, '75600', '0000-00-00'),
(398, 6, NULL, 'plus', 350, 5, 3510, '75600', '0000-00-00'),
(399, 6, NULL, 'plus', 351, 5, 3520, '75600', '0000-00-00'),
(400, 6, NULL, 'plus', 352, 5, 3530, '75600', '0000-00-00'),
(401, 6, NULL, 'plus', 353, 5, 3540, '75600', '0000-00-00'),
(402, 6, NULL, 'plus', 354, 5, 3550, '50040', '0000-00-00'),
(403, 6, NULL, 'plus', 355, 5, 3560, '50040', '0000-00-00'),
(404, 6, NULL, 'plus', 356, 5, 3570, '50040', '0000-00-00'),
(405, 6, NULL, 'plus', 357, 5, 3580, '41760', '0000-00-00'),
(406, 6, NULL, 'plus', 358, 5, 3590, '41760', '0000-00-00'),
(407, 6, NULL, 'plus', 359, 5, 3600, '41760', '0000-00-00'),
(408, 6, NULL, 'plus', 360, 5, 3610, '41760', '0000-00-00'),
(409, 6, NULL, 'plus', 361, 5, 3620, '59700', '0000-00-00'),
(410, 6, NULL, 'plus', 362, 5, 3630, '59700', '0000-00-00'),
(411, 6, NULL, 'plus', 363, 5, 3640, '64080', '0000-00-00'),
(412, 6, NULL, 'plus', 364, 5, 3650, '49680', '0000-00-00'),
(413, 6, NULL, 'plus', 365, 5, 3660, '49680', '0000-00-00'),
(414, 6, NULL, 'plus', 366, 5, 3670, '52184', '0000-00-00'),
(415, 6, NULL, 'plus', 367, 5, 3680, '52184', '0000-00-00'),
(416, 6, NULL, 'plus', 368, 5, 3690, '52184', '0000-00-00'),
(417, 6, NULL, 'plus', 369, 5, 3700, '52184', '0000-00-00'),
(418, 6, NULL, 'plus', 370, 5, 3710, '20880', '0000-00-00'),
(419, 6, NULL, 'plus', 371, 5, 3720, '20880', '0000-00-00'),
(420, 6, NULL, 'plus', 372, 5, 3730, '25200', '0000-00-00'),
(421, 6, NULL, 'plus', 373, 5, 3740, '15280', '0000-00-00'),
(422, 6, NULL, 'plus', 374, 5, 3750, '15280', '0000-00-00'),
(423, 6, NULL, 'plus', 375, 5, 3760, '15280', '0000-00-00'),
(424, 6, NULL, 'plus', 376, 5, 3770, '15280', '0000-00-00'),
(425, 6, NULL, 'plus', 377, 5, 3780, '15280', '0000-00-00'),
(426, 6, NULL, 'plus', 378, 5, 3790, '15280', '0000-00-00'),
(427, 6, NULL, 'plus', 379, 5, 3800, '15280', '0000-00-00'),
(428, 6, NULL, 'plus', 380, 5, 3810, '10800', '0000-00-00'),
(429, 6, NULL, 'plus', 381, 5, 3820, '37440', '0000-00-00'),
(430, 6, NULL, 'plus', 382, 5, 3830, '28800', '0000-00-00'),
(431, 6, NULL, 'plus', 383, 5, 3840, '28800', '0000-00-00'),
(432, 6, NULL, 'plus', 384, 5, 3850, '32400', '0000-00-00'),
(433, 6, NULL, 'plus', 385, 5, 3860, '61200', '0000-00-00'),
(434, 6, NULL, 'plus', 386, 5, 3870, '63360', '0000-00-00'),
(435, 6, NULL, 'plus', 387, 5, 3880, '46800', '0000-00-00'),
(436, 6, NULL, 'plus', 388, 5, 3890, '61200', '0000-00-00'),
(437, 6, NULL, 'plus', 389, 5, 3900, '61200', '0000-00-00'),
(438, 6, NULL, 'plus', 390, 5, 3910, '61200', '0000-00-00'),
(439, 6, NULL, 'plus', 391, 5, 3920, '61200', '0000-00-00'),
(440, 6, NULL, 'plus', 392, 5, 3930, '61200', '0000-00-00'),
(441, 6, NULL, 'plus', 393, 5, 3940, '61200', '0000-00-00'),
(442, 6, NULL, 'plus', 394, 5, 3950, '61200', '0000-00-00'),
(443, 6, NULL, 'plus', 395, 5, 3960, '61200', '0000-00-00'),
(444, 6, NULL, 'plus', 396, 5, 3970, '61200', '0000-00-00'),
(445, 6, NULL, 'plus', 397, 5, 3980, '61200', '0000-00-00'),
(446, 6, NULL, 'plus', 398, 5, 3990, '61200', '0000-00-00'),
(447, 6, NULL, 'plus', 399, 5, 4000, '66960', '0000-00-00'),
(448, 6, NULL, 'plus', 400, 5, 4010, '66960', '0000-00-00'),
(449, 6, NULL, 'plus', 401, 5, 4020, '66960', '0000-00-00'),
(450, 6, NULL, 'plus', 402, 5, 4030, '66960', '0000-00-00'),
(451, 6, NULL, 'plus', 403, 5, 4040, '66960', '0000-00-00'),
(452, 6, NULL, 'plus', 404, 5, 4050, '49680', '0000-00-00'),
(453, 6, NULL, 'plus', 405, 5, 4060, '49680', '0000-00-00'),
(454, 6, NULL, 'plus', 406, 5, 4070, '49680', '0000-00-00'),
(455, 6, NULL, 'plus', 407, 5, 4080, '49680', '0000-00-00'),
(456, 6, NULL, 'plus', 408, 5, 4090, '49680', '0000-00-00'),
(457, 6, NULL, 'plus', 409, 5, 4100, '49680', '0000-00-00'),
(458, 6, NULL, 'plus', 410, 5, 4110, '49680', '0000-00-00'),
(459, 6, NULL, 'plus', 411, 5, 4120, '49680', '0000-00-00'),
(460, 6, NULL, 'plus', 412, 5, 4130, '49680', '0000-00-00'),
(461, 6, NULL, 'plus', 413, 5, 4140, '49680', '0000-00-00'),
(462, 6, NULL, 'plus', 414, 5, 4150, '32400', '0000-00-00'),
(463, 6, NULL, 'plus', 415, 5, 4160, '32400', '0000-00-00'),
(464, 6, NULL, 'plus', 416, 5, 4170, '32400', '0000-00-00'),
(465, 6, NULL, 'plus', 417, 5, 4180, '32400', '0000-00-00'),
(466, 6, NULL, 'plus', 418, 5, 4190, '32400', '0000-00-00'),
(467, 6, NULL, 'plus', 419, 5, 4200, '54000', '0000-00-00'),
(468, 6, NULL, 'plus', 420, 5, 4210, '54000', '0000-00-00'),
(469, 6, NULL, 'plus', 421, 5, 4220, '54000', '0000-00-00'),
(470, 6, NULL, 'plus', 422, 5, 4230, '56880', '0000-00-00'),
(471, 6, NULL, 'plus', 423, 5, 4240, '56880', '0000-00-00'),
(472, 6, NULL, 'plus', 424, 5, 4250, '56880', '0000-00-00'),
(473, 6, NULL, 'plus', 425, 5, 4260, '56880', '0000-00-00'),
(474, 6, NULL, 'plus', 426, 5, 4270, '36000', '0000-00-00'),
(475, 6, NULL, 'plus', 427, 5, 4280, '36000', '0000-00-00'),
(476, 6, NULL, 'plus', 428, 5, 4290, '64080', '0000-00-00'),
(477, 6, NULL, 'plus', 429, 5, 4300, '64080', '0000-00-00'),
(478, 6, NULL, 'plus', 430, 5, 4310, '64080', '0000-00-00'),
(479, 6, NULL, 'plus', 431, 5, 4320, '85680', '0000-00-00'),
(480, 6, NULL, 'plus', 432, 5, 4330, '85680', '0000-00-00'),
(481, 6, NULL, 'plus', 433, 5, 4340, '85680', '0000-00-00'),
(482, 6, NULL, 'plus', 434, 5, 4350, '49680', '0000-00-00'),
(483, 6, NULL, 'plus', 435, 5, 4360, '49680', '0000-00-00'),
(484, 6, NULL, 'plus', 436, 5, 4370, '166400', '0000-00-00'),
(485, 6, NULL, 'plus', 437, 5, 4380, '166400', '0000-00-00'),
(486, 6, NULL, 'plus', 438, 5, 4390, '166400', '0000-00-00'),
(487, 6, NULL, 'plus', 439, 5, 4400, '166400', '0000-00-00'),
(488, 6, NULL, 'plus', 440, 5, 4410, '166400', '0000-00-00'),
(489, 6, NULL, 'plus', 441, 5, 4420, '112000', '0000-00-00'),
(490, 6, NULL, 'plus', 442, 5, 4430, '112000', '0000-00-00'),
(491, 6, NULL, 'plus', 443, 5, 4440, '112000', '0000-00-00'),
(492, 6, NULL, 'plus', 444, 5, 4450, '112000', '0000-00-00'),
(493, 6, NULL, 'plus', 445, 5, 4460, '112000', '0000-00-00'),
(494, 6, NULL, 'plus', 446, 5, 4470, '146420', '0000-00-00'),
(495, 6, NULL, 'plus', 447, 5, 4480, '146420', '0000-00-00'),
(496, 6, NULL, 'plus', 448, 5, 4490, '146420', '0000-00-00'),
(497, 6, NULL, 'plus', 449, 5, 4500, '146420', '0000-00-00'),
(498, 6, NULL, 'plus', 450, 5, 4510, '146420', '0000-00-00'),
(499, 6, NULL, 'plus', 451, 5, 4520, '147200', '0000-00-00'),
(500, 6, NULL, 'plus', 452, 5, 4530, '129600', '0000-00-00'),
(501, 6, NULL, 'plus', 453, 5, 4540, '129600', '0000-00-00'),
(502, 6, NULL, 'plus', 454, 5, 4550, '129600', '0000-00-00'),
(503, 6, NULL, 'plus', 455, 5, 4560, '129600', '0000-00-00'),
(504, 6, NULL, 'plus', 456, 5, 4570, '76800', '0000-00-00'),
(505, 6, NULL, 'plus', 457, 5, 4580, '92020', '0000-00-00'),
(506, 6, NULL, 'plus', 458, 5, 4590, '92020', '0000-00-00'),
(507, 6, NULL, 'plus', 459, 5, 4600, '92020', '0000-00-00'),
(508, 6, NULL, 'plus', 460, 5, 4610, '92020', '0000-00-00'),
(509, 6, NULL, 'plus', 461, 5, 4620, '92020', '0000-00-00'),
(510, 6, NULL, 'plus', 462, 5, 4630, '92020', '0000-00-00'),
(511, 6, NULL, 'plus', 463, 5, 4640, '92020', '0000-00-00'),
(512, 6, NULL, 'plus', 464, 5, 4650, '92020', '0000-00-00'),
(513, 6, NULL, 'plus', 465, 5, 4660, '122400', '0000-00-00'),
(514, 6, NULL, 'plus', 466, 5, 4670, '122400', '0000-00-00'),
(515, 6, NULL, 'plus', 467, 5, 4680, '122400', '0000-00-00'),
(516, 6, NULL, 'plus', 468, 5, 4690, '122400', '0000-00-00'),
(517, 6, NULL, 'plus', 469, 5, 4700, '80800', '0000-00-00'),
(518, 6, NULL, 'plus', 470, 5, 4710, '80800', '0000-00-00'),
(519, 6, NULL, 'plus', 471, 5, 4720, '80800', '0000-00-00'),
(520, 6, NULL, 'plus', 472, 5, 4730, '80800', '0000-00-00'),
(521, 6, NULL, 'plus', 473, 5, 4740, '102400', '0000-00-00'),
(522, 6, NULL, 'plus', 474, 5, 4750, '102400', '0000-00-00'),
(523, 6, NULL, 'plus', 475, 5, 4760, '102400', '0000-00-00'),
(524, 6, NULL, 'plus', 476, 5, 4770, '102400', '0000-00-00'),
(525, 6, NULL, 'plus', 477, 5, 4780, '94400', '0000-00-00'),
(526, 6, NULL, 'plus', 478, 5, 4790, '94400', '0000-00-00'),
(527, 6, NULL, 'plus', 479, 5, 4800, '94400', '0000-00-00'),
(528, 6, NULL, 'plus', 480, 5, 4810, '94400', '0000-00-00'),
(529, 6, NULL, 'plus', 481, 5, 4820, '110400', '0000-00-00'),
(530, 6, NULL, 'plus', 482, 5, 4830, '110400', '0000-00-00'),
(531, 6, NULL, 'plus', 483, 5, 4840, '110400', '0000-00-00'),
(532, 6, NULL, 'plus', 484, 5, 4850, '110400', '0000-00-00'),
(533, 6, NULL, 'plus', 485, 5, 4860, '89600', '0000-00-00'),
(534, 6, NULL, 'plus', 486, 5, 4870, '64800', '0000-00-00'),
(535, 6, NULL, 'plus', 487, 5, 4880, '64800', '0000-00-00'),
(536, 6, NULL, 'plus', 488, 5, 4890, '110400', '0000-00-00'),
(537, 6, NULL, 'plus', 489, 5, 4900, '97600', '0000-00-00'),
(538, 6, NULL, 'plus', 490, 5, 4910, '97600', '0000-00-00'),
(539, 6, NULL, 'plus', 491, 5, 4920, '97600', '0000-00-00'),
(540, 6, NULL, 'plus', 492, 5, 4930, '97600', '0000-00-00'),
(541, 6, NULL, 'plus', 540, 5, 4940, '97600', '0000-00-00'),
(542, 6, NULL, 'plus', 493, 5, 4950, '20081', '0000-00-00'),
(543, 6, NULL, 'plus', 494, 5, 4960, '20081', '0000-00-00'),
(544, 6, NULL, 'plus', 495, 5, 4970, '20081', '0000-00-00'),
(545, 6, NULL, 'plus', 496, 5, 4980, '20081', '0000-00-00'),
(546, 6, NULL, 'plus', 497, 5, 4990, '20081', '0000-00-00'),
(547, 6, NULL, 'plus', 498, 5, 5000, '20081', '0000-00-00'),
(548, 6, NULL, 'plus', 499, 5, 5010, '20081', '0000-00-00'),
(549, 6, NULL, 'plus', 500, 5, 5020, '20081', '0000-00-00'),
(550, 6, NULL, 'plus', 501, 5, 5030, '20081', '0000-00-00'),
(551, 6, NULL, 'plus', 502, 5, 5040, '20081', '0000-00-00'),
(552, 6, NULL, 'plus', 503, 5, 5050, '151200', '0000-00-00'),
(553, 6, NULL, 'plus', 504, 5, 5060, '94400', '0000-00-00'),
(554, 6, NULL, 'plus', 505, 5, 5070, '90400', '0000-00-00'),
(555, 6, NULL, 'plus', 506, 5, 5080, '90400', '0000-00-00'),
(556, 6, NULL, 'plus', 507, 5, 5090, '90400', '0000-00-00'),
(557, 6, NULL, 'plus', 508, 5, 5100, '81600', '0000-00-00'),
(558, 6, NULL, 'plus', 509, 5, 5110, '81600', '0000-00-00'),
(559, 6, NULL, 'plus', 510, 5, 5120, '81600', '0000-00-00'),
(560, 6, NULL, 'plus', 511, 5, 5130, '81600', '0000-00-00'),
(561, 6, NULL, 'plus', 512, 5, 5140, '81600', '0000-00-00'),
(562, 6, NULL, 'plus', 513, 5, 5150, '81600', '0000-00-00'),
(563, 6, NULL, 'plus', 514, 5, 5160, '81600', '0000-00-00'),
(564, 6, NULL, 'plus', 515, 5, 5170, '81600', '0000-00-00'),
(565, 6, NULL, 'plus', 516, 5, 5180, '81600', '0000-00-00'),
(566, 6, NULL, 'plus', 517, 5, 5190, '81600', '0000-00-00'),
(567, 6, NULL, 'plus', 518, 5, 5200, '81600', '0000-00-00'),
(568, 6, NULL, 'plus', 519, 5, 5210, '81600', '0000-00-00'),
(569, 6, NULL, 'plus', 520, 5, 5220, '81600', '0000-00-00'),
(570, 6, NULL, 'plus', 521, 5, 5230, '81600', '0000-00-00'),
(571, 6, NULL, 'plus', 522, 5, 5240, '81600', '0000-00-00'),
(572, 6, NULL, 'plus', 523, 5, 5250, '81600', '0000-00-00'),
(573, 6, NULL, 'plus', 524, 5, 5260, '81600', '0000-00-00'),
(574, 6, NULL, 'plus', 525, 5, 5270, '81600', '0000-00-00'),
(575, 6, NULL, 'plus', 526, 5, 5280, '81600', '0000-00-00'),
(576, 6, NULL, 'plus', 527, 5, 5290, '81600', '0000-00-00'),
(577, 6, NULL, 'plus', 528, 5, 5300, '77600', '0000-00-00'),
(578, 6, NULL, 'plus', 529, 5, 5310, '77600', '0000-00-00'),
(579, 6, NULL, 'plus', 530, 5, 5320, '77600', '0000-00-00'),
(580, 6, NULL, 'plus', 531, 5, 5330, '77600', '0000-00-00'),
(581, 6, NULL, 'plus', 532, 5, 5340, '77600', '0000-00-00'),
(582, 6, NULL, 'plus', 533, 5, 5350, '48000', '0000-00-00'),
(583, 6, NULL, 'plus', 534, 5, 5360, '48000', '0000-00-00'),
(584, 6, NULL, 'plus', 535, 5, 5370, '28785', '0000-00-00'),
(585, 6, NULL, 'plus', 536, 5, 5380, '28785', '0000-00-00'),
(586, 6, NULL, 'plus', 537, 5, 5390, '28785', '0000-00-00'),
(587, 6, NULL, 'plus', 538, 5, 5400, '28785', '0000-00-00'),
(588, 6, NULL, 'plus', 539, 5, 5410, '65600', '0000-00-00'),
(589, 6, NULL, 'plus', 541, 5, 5420, '94400', '0000-00-00'),
(590, 6, NULL, 'plus', 542, 5, 5430, '48000', '0000-00-00'),
(591, 6, NULL, 'plus', 543, 5, 5440, '72800', '0000-00-00'),
(592, 6, NULL, 'plus', 544, 5, 5450, '122400', '0000-00-00'),
(593, 6, NULL, 'plus', 545, 5, 5460, '89600', '0000-00-00'),
(594, 6, NULL, 'plus', 546, 5, 5470, '89600', '0000-00-00'),
(595, 6, NULL, 'plus', 547, 5, 5480, '89600', '0000-00-00'),
(596, 6, NULL, 'plus', 548, 5, 5490, '64800', '0000-00-00'),
(597, 6, NULL, 'plus', 549, 5, 5500, '77600', '0000-00-00'),
(598, 6, NULL, 'plus', 550, 5, 5510, '77600', '0000-00-00'),
(599, 6, NULL, 'plus', 551, 5, 5520, '77600', '0000-00-00'),
(600, 6, NULL, 'plus', 552, 5, 5530, '77600', '0000-00-00'),
(601, 6, NULL, 'plus', 553, 5, 5540, '77600', '0000-00-00'),
(602, 6, NULL, 'plus', 554, 5, 5550, '77600', '0000-00-00'),
(603, 6, NULL, 'plus', 555, 5, 5560, '18400', '0000-00-00'),
(604, 6, NULL, 'plus', 556, 5, 5570, '18400', '0000-00-00'),
(605, 6, NULL, 'plus', 557, 5, 5580, '12400', '0000-00-00'),
(606, 6, NULL, 'plus', 558, 5, 5590, '21200', '0000-00-00'),
(607, 6, NULL, 'plus', 559, 5, 5600, '11200', '0000-00-00'),
(608, 6, NULL, 'plus', 560, 5, 5610, '21200', '0000-00-00'),
(609, 6, NULL, 'plus', 561, 5, 5620, '17200', '0000-00-00'),
(610, 6, NULL, 'plus', 562, 5, 5630, '26000', '0000-00-00'),
(611, 6, NULL, 'plus', 563, 5, 5640, '26000', '0000-00-00'),
(612, 6, NULL, 'plus', 564, 5, 5650, '98000', '0000-00-00'),
(613, 6, NULL, 'plus', 565, 5, 5660, '98000', '0000-00-00'),
(614, 6, NULL, 'plus', 570, 5, 5670, '98000', '0000-00-00'),
(615, 6, NULL, 'plus', 571, 5, 5680, '98000', '0000-00-00'),
(616, 6, NULL, 'plus', 572, 5, 5690, '98000', '0000-00-00'),
(617, 6, NULL, 'plus', 573, 5, 5700, '98000', '0000-00-00'),
(618, 6, NULL, 'plus', 566, 5, 5710, '40800', '0000-00-00'),
(619, 6, NULL, 'plus', 567, 5, 5720, '40800', '0000-00-00'),
(620, 6, NULL, 'plus', 568, 5, 5730, '40800', '0000-00-00'),
(621, 6, NULL, 'plus', 569, 5, 5740, '40800', '0000-00-00'),
(622, 6, NULL, 'plus', 574, 5, 5750, '42400', '0000-00-00'),
(623, 6, NULL, 'plus', 575, 5, 5760, '42400', '0000-00-00'),
(624, 6, NULL, 'plus', 576, 5, 5770, '42400', '0000-00-00'),
(625, 6, NULL, 'plus', 577, 5, 5780, '42400', '0000-00-00'),
(626, 6, NULL, 'plus', 578, 5, 5790, '26800', '0000-00-00'),
(627, 6, NULL, 'plus', 579, 5, 5800, '26800', '0000-00-00'),
(628, 6, NULL, 'plus', 580, 5, 5810, '26800', '0000-00-00'),
(629, 6, NULL, 'plus', 581, 5, 5820, '26800', '0000-00-00'),
(630, 6, NULL, 'plus', 582, 5, 5830, '18800', '0000-00-00'),
(631, 6, NULL, 'plus', 583, 5, 5840, '26400', '0000-00-00'),
(632, 6, NULL, 'plus', 584, 5, 5850, '14400', '0000-00-00'),
(633, 6, NULL, 'plus', 585, 5, 5860, '18400', '0000-00-00'),
(634, 6, NULL, 'plus', 586, 5, 5870, '22400', '0000-00-00'),
(635, 6, NULL, 'plus', 589, 5, 5900, '20400', '0000-00-00'),
(636, 6, NULL, 'plus', 590, 5, 5910, '24000', '0000-00-00'),
(637, 6, NULL, 'plus', 591, 5, 5920, '30400', '0000-00-00'),
(638, 6, NULL, 'plus', 592, 5, 5930, '22000', '0000-00-00'),
(639, 6, NULL, 'plus', 593, 5, 5940, '25200', '0000-00-00'),
(640, 6, NULL, 'plus', 594, 5, 5950, '25200', '0000-00-00'),
(641, 6, NULL, 'plus', 595, 5, 5960, '22400', '0000-00-00'),
(642, 6, NULL, 'plus', 596, 5, 5970, '21200', '0000-00-00'),
(643, 6, NULL, 'plus', 597, 5, 5980, '18000', '0000-00-00'),
(644, 6, NULL, 'plus', 598, 5, 5990, '30791', '0000-00-00'),
(645, 6, NULL, 'plus', 599, 5, 6000, '30791', '0000-00-00'),
(646, 6, NULL, 'plus', 600, 5, 6010, '30791', '0000-00-00'),
(647, 6, NULL, 'plus', 601, 5, 6020, '30791', '0000-00-00'),
(648, 6, NULL, 'plus', 602, 5, 6030, '30791', '0000-00-00'),
(649, 6, NULL, 'plus', 603, 5, 6040, '30791', '0000-00-00'),
(650, 6, NULL, 'plus', 604, 5, 6050, '30791', '0000-00-00'),
(651, 6, NULL, 'plus', 605, 5, 6060, '30791', '0000-00-00'),
(652, 6, NULL, 'plus', 606, 5, 6070, '30791', '0000-00-00'),
(653, 6, NULL, 'plus', 607, 5, 6080, '30791', '0000-00-00'),
(654, 6, NULL, 'plus', 608, 5, 6090, '30791', '0000-00-00'),
(655, 6, NULL, 'plus', 609, 5, 6100, '30791', '0000-00-00'),
(656, 6, NULL, 'plus', 610, 5, 6110, '30791', '0000-00-00'),
(657, 6, NULL, 'plus', 611, 5, 6120, '30791', '0000-00-00'),
(658, 6, NULL, 'plus', 612, 5, 6130, '30791', '0000-00-00'),
(659, 6, NULL, 'plus', 613, 5, 6140, '36000', '0000-00-00'),
(660, 6, NULL, 'plus', 614, 5, 6150, '36000', '0000-00-00'),
(661, 6, NULL, 'plus', 615, 5, 6160, '36000', '0000-00-00'),
(662, 6, NULL, 'plus', 616, 5, 6170, '36000', '0000-00-00'),
(663, 6, NULL, 'plus', 617, 5, 6180, '36000', '0000-00-00'),
(664, 6, NULL, 'plus', 618, 5, 6190, '36000', '0000-00-00'),
(665, 6, NULL, 'plus', 619, 5, 6200, '34400', '0000-00-00'),
(666, 6, NULL, 'plus', 620, 5, 6210, '34400', '0000-00-00'),
(667, 6, NULL, 'plus', 621, 5, 6220, '34400', '0000-00-00'),
(668, 6, NULL, 'plus', 622, 5, 6230, '34400', '0000-00-00'),
(669, 6, NULL, 'plus', 623, 5, 6240, '34400', '0000-00-00'),
(670, 6, NULL, 'plus', 624, 5, 6250, '24400', '0000-00-00'),
(671, 6, NULL, 'plus', 625, 5, 6260, '24400', '0000-00-00'),
(672, 6, NULL, 'plus', 626, 5, 6270, '24400', '0000-00-00'),
(673, 6, NULL, 'plus', 627, 5, 6280, '36800', '0000-00-00'),
(674, 6, NULL, 'plus', 628, 5, 6290, '36800', '0000-00-00'),
(675, 6, NULL, 'plus', 629, 5, 6300, '36800', '0000-00-00'),
(676, 6, NULL, 'plus', 630, 5, 6310, '36800', '0000-00-00'),
(677, 6, NULL, 'plus', 631, 5, 6320, '36800', '0000-00-00'),
(678, 6, NULL, 'plus', 632, 5, 6330, '19188', '0000-00-00'),
(679, 6, NULL, 'plus', 633, 5, 6340, '19188', '0000-00-00'),
(680, 6, NULL, 'plus', 634, 5, 6350, '19188', '0000-00-00'),
(681, 6, NULL, 'plus', 635, 5, 6360, '19188', '0000-00-00'),
(682, 6, NULL, 'plus', 636, 5, 6370, '19188', '0000-00-00'),
(683, 6, NULL, 'plus', 637, 5, 6380, '19188', '0000-00-00'),
(684, 6, NULL, 'plus', 638, 5, 6390, '19188', '0000-00-00'),
(685, 6, NULL, 'plus', 639, 5, 6400, '19188', '0000-00-00'),
(686, 6, NULL, 'plus', 640, 5, 6410, '19188', '0000-00-00'),
(687, 6, NULL, 'plus', 641, 5, 6420, '20081', '0000-00-00'),
(688, 6, NULL, 'plus', 642, 5, 6430, '20081', '0000-00-00'),
(689, 6, NULL, 'plus', 643, 5, 6440, '20081', '0000-00-00'),
(690, 6, NULL, 'plus', 644, 5, 6450, '20081', '0000-00-00'),
(691, 6, NULL, 'plus', 645, 5, 6460, '20081', '0000-00-00'),
(692, 6, NULL, 'plus', 646, 5, 6470, '20081', '0000-00-00'),
(693, 6, NULL, 'plus', 647, 5, 6480, '48800', '0000-00-00'),
(694, 6, NULL, 'plus', 648, 5, 6490, '38800', '0000-00-00'),
(695, 6, NULL, 'plus', 649, 5, 6500, '30400', '0000-00-00'),
(696, 6, NULL, 'plus', 650, 5, 6510, '42400', '0000-00-00'),
(697, 6, NULL, 'plus', 651, 5, 6520, '29200', '0000-00-00'),
(698, 6, NULL, 'plus', 652, 5, 6530, '29200', '0000-00-00'),
(699, 6, NULL, 'plus', 653, 5, 6540, '13600', '0000-00-00'),
(700, 6, NULL, 'plus', 654, 5, 6550, '19200', '0000-00-00'),
(701, 6, NULL, 'plus', 655, 5, 6560, '38000', '0000-00-00'),
(702, 6, NULL, 'plus', 656, 5, 6570, '16400', '0000-00-00'),
(703, 6, NULL, 'plus', 657, 5, 6580, '32400', '0000-00-00'),
(704, 6, NULL, 'plus', 658, 5, 6590, '38400', '0000-00-00'),
(705, 6, NULL, 'plus', 659, 5, 6600, '36000', '0000-00-00'),
(706, 6, NULL, 'plus', 660, 5, 6610, '22000', '0000-00-00'),
(707, 6, NULL, 'plus', 661, 5, 6620, '12800', '0000-00-00'),
(708, 6, NULL, 'plus', 662, 5, 6630, '43200', '0000-00-00'),
(709, 6, NULL, 'plus', 663, 5, 6640, '63325', '0000-00-00'),
(710, 6, NULL, 'plus', 664, 5, 6650, '35959', '0000-00-00'),
(711, 6, NULL, 'plus', 665, 5, 6660, '12240', '0000-00-00'),
(712, 6, NULL, 'plus', 666, 5, 6670, '12240', '0000-00-00'),
(713, 6, NULL, 'plus', 667, 5, 6680, '11900', '0000-00-00'),
(714, 6, NULL, 'plus', 668, 5, 6690, '11900', '0000-00-00'),
(715, 6, NULL, 'plus', 669, 5, 6700, '20825', '0000-00-00'),
(716, 6, NULL, 'plus', 670, 5, 6710, '20825', '0000-00-00'),
(717, 6, NULL, 'plus', 671, 5, 6720, '20825', '0000-00-00'),
(718, 6, NULL, 'plus', 672, 5, 6730, '20825', '0000-00-00'),
(719, 6, NULL, 'plus', 673, 5, 6740, '8245', '0000-00-00'),
(720, 6, NULL, 'plus', 674, 5, 6750, '45175', '0000-00-00'),
(721, 6, NULL, 'plus', 675, 5, 6760, '30515', '0000-00-00'),
(722, 6, NULL, 'plus', 676, 5, 6770, '15810', '0000-00-00'),
(723, 6, NULL, 'plus', 677, 5, 6780, '15810', '0000-00-00'),
(724, 6, NULL, 'plus', 678, 5, 6790, '15810', '0000-00-00'),
(725, 6, NULL, 'plus', 679, 5, 6800, '15810', '0000-00-00'),
(726, 6, NULL, 'plus', 680, 5, 6810, '15810', '0000-00-00'),
(727, 6, NULL, 'plus', 681, 5, 6820, '15810', '0000-00-00'),
(728, 6, NULL, 'plus', 682, 5, 6830, '15810', '0000-00-00'),
(729, 6, NULL, 'plus', 683, 5, 6840, '15810', '0000-00-00'),
(730, 6, NULL, 'plus', 684, 5, 6850, '15810', '0000-00-00'),
(731, 6, NULL, 'plus', 685, 5, 6860, '15810', '0000-00-00'),
(732, 6, NULL, 'plus', 686, 5, 6870, '15810', '0000-00-00'),
(733, 6, NULL, 'plus', 687, 5, 6880, '15810', '0000-00-00'),
(734, 6, NULL, 'plus', 688, 5, 6890, '15810', '0000-00-00'),
(735, 6, NULL, 'plus', 689, 5, 6900, '15810', '0000-00-00'),
(736, 6, NULL, 'plus', 690, 5, 6910, '15810', '0000-00-00'),
(737, 6, NULL, 'plus', 691, 5, 6920, '5533', '0000-00-00'),
(738, 6, NULL, 'plus', 692, 5, 6930, '5477', '0000-00-00'),
(739, 6, NULL, 'plus', 693, 5, 6940, '5477', '0000-00-00'),
(740, 6, NULL, 'plus', 694, 5, 6950, '5477', '0000-00-00'),
(741, 6, NULL, 'plus', 695, 5, 6960, '5477', '0000-00-00'),
(742, 6, NULL, 'plus', 696, 5, 6970, '5477', '0000-00-00'),
(743, 6, NULL, 'plus', 697, 5, 6980, '14229', '0000-00-00'),
(744, 6, NULL, 'plus', 698, 5, 6990, '14229', '0000-00-00'),
(745, 6, NULL, 'plus', 699, 5, 7000, '14229', '0000-00-00'),
(746, 6, NULL, 'plus', 700, 5, 7010, '14229', '0000-00-00'),
(747, 6, NULL, 'plus', 701, 5, 7020, '3557', '0000-00-00'),
(748, 6, NULL, 'plus', 702, 5, 7030, '28400', '0000-00-00'),
(749, 6, NULL, 'plus', 703, 5, 7040, '28400', '0000-00-00'),
(750, 6, NULL, 'plus', 704, 5, 7050, '52800', '0000-00-00'),
(751, 6, NULL, 'plus', 705, 5, 7060, '52800', '0000-00-00'),
(752, 6, NULL, 'plus', 706, 5, 7070, '52800', '0000-00-00'),
(753, 6, NULL, 'plus', 707, 5, 7080, '52800', '0000-00-00'),
(754, 6, NULL, 'plus', 708, 5, 7090, '18800', '0000-00-00'),
(755, 6, NULL, 'plus', 709, 5, 7100, '18400', '0000-00-00'),
(756, 6, NULL, 'plus', 710, 5, 7110, '18400', '0000-00-00'),
(757, 6, NULL, 'plus', 711, 5, 7120, '18400', '0000-00-00'),
(758, 6, NULL, 'plus', 712, 5, 7130, '37440', '0000-00-00'),
(759, 6, NULL, 'plus', 713, 5, 7140, '44460', '0000-00-00'),
(760, 6, NULL, 'plus', 714, 5, 7150, '31200', '0000-00-00'),
(761, 6, NULL, 'plus', 715, 5, 7160, '31200', '0000-00-00'),
(762, 6, NULL, 'plus', 716, 5, 7170, '26520', '0000-00-00'),
(763, 6, NULL, 'plus', 717, 5, 7180, '31200', '0000-00-00'),
(764, 6, NULL, 'plus', 718, 5, 7190, '31200', '0000-00-00'),
(765, 6, NULL, 'plus', 719, 5, 7200, '37440', '0000-00-00'),
(766, 6, NULL, 'plus', 720, 5, 7210, '31200', '0000-00-00'),
(767, 6, NULL, 'plus', 721, 5, 7220, '35100', '0000-00-00'),
(768, 6, NULL, 'plus', 722, 5, 7230, '31200', '0000-00-00'),
(769, 6, NULL, 'plus', 723, 5, 7240, '31200', '0000-00-00'),
(770, 6, NULL, 'plus', 724, 5, 7250, '37440', '0000-00-00'),
(771, 6, NULL, 'plus', 725, 5, 7260, '38220', '0000-00-00'),
(772, 6, NULL, 'plus', 726, 5, 7270, '39000', '0000-00-00'),
(773, 6, NULL, 'plus', 727, 5, 7280, '39000', '0000-00-00'),
(774, 6, NULL, 'plus', 728, 5, 7290, '62400', '0000-00-00'),
(775, 6, NULL, 'plus', 729, 5, 7300, '94400', '0000-00-00'),
(776, 6, NULL, 'plus', 730, 5, 7310, '39000', '0000-00-00'),
(777, 6, NULL, 'plus', 731, 5, 7320, '39000', '0000-00-00'),
(778, 6, NULL, 'plus', 732, 5, 7330, '47580', '0000-00-00'),
(779, 6, NULL, 'plus', 733, 5, 7340, '64080', '0000-00-00'),
(780, 6, NULL, 'plus', 734, 5, 7350, '64080', '0000-00-00'),
(781, 6, NULL, 'plus', 735, 5, 7360, '64080', '0000-00-00'),
(782, 6, NULL, 'plus', 736, 5, 7370, '64080', '0000-00-00'),
(783, 6, NULL, 'plus', 737, 5, 7380, '53040', '0000-00-00'),
(784, 6, NULL, 'plus', 896, 5, 7390, '53040', '0000-00-00'),
(785, 6, NULL, 'plus', 897, 5, 7400, '53040', '0000-00-00'),
(786, 6, NULL, 'plus', 898, 5, 7410, '53040', '0000-00-00'),
(787, 6, NULL, 'plus', 899, 5, 7420, '53040', '0000-00-00'),
(788, 6, NULL, 'plus', 900, 5, 7430, '53040', '0000-00-00'),
(789, 6, NULL, 'plus', 901, 5, 7440, '53040', '0000-00-00'),
(790, 6, NULL, 'plus', 902, 5, 7450, '53040', '0000-00-00'),
(791, 6, NULL, 'plus', 738, 5, 7460, '38220', '0000-00-00'),
(792, 6, NULL, 'plus', 739, 5, 7470, '35880', '0000-00-00'),
(793, 6, NULL, 'plus', 740, 5, 7480, '35880', '0000-00-00'),
(794, 6, NULL, 'plus', 741, 5, 7490, '35880', '0000-00-00'),
(795, 6, NULL, 'plus', 742, 5, 7500, '35880', '0000-00-00'),
(796, 6, NULL, 'plus', 743, 5, 7510, '35880', '0000-00-00'),
(797, 6, NULL, 'plus', 744, 5, 7520, '67800', '0000-00-00'),
(798, 6, NULL, 'plus', 745, 5, 7530, '19188', '0000-00-00'),
(799, 6, NULL, 'plus', 746, 5, 7540, '19188', '0000-00-00'),
(800, 6, NULL, 'plus', 747, 5, 7550, '19188', '0000-00-00'),
(801, 6, NULL, 'plus', 748, 5, 7560, '19188', '0000-00-00'),
(802, 6, NULL, 'plus', 749, 5, 7570, '19188', '0000-00-00'),
(803, 6, NULL, 'plus', 750, 5, 7580, '19188', '0000-00-00'),
(804, 6, NULL, 'plus', 751, 5, 7590, '19188', '0000-00-00'),
(805, 6, NULL, 'plus', 752, 5, 7600, '19188', '0000-00-00'),
(806, 6, NULL, 'plus', 753, 5, 7610, '20081', '0000-00-00'),
(807, 6, NULL, 'plus', 754, 5, 7620, '20081', '0000-00-00'),
(808, 6, NULL, 'plus', 755, 5, 7630, '20081', '0000-00-00'),
(809, 6, NULL, 'plus', 756, 5, 7640, '20081', '0000-00-00'),
(810, 6, NULL, 'plus', 757, 5, 7650, '20081', '0000-00-00'),
(811, 6, NULL, 'plus', 758, 5, 7660, '20081', '0000-00-00'),
(812, 6, NULL, 'plus', 759, 5, 7670, '20081', '0000-00-00'),
(813, 6, NULL, 'plus', 760, 5, 7680, '20081', '0000-00-00'),
(814, 6, NULL, 'plus', 761, 5, 7690, '41800', '0000-00-00'),
(815, 6, NULL, 'plus', 762, 5, 7700, '41800', '0000-00-00'),
(816, 6, NULL, 'plus', 763, 5, 7710, '41800', '0000-00-00'),
(817, 6, NULL, 'plus', 764, 5, 7720, '41800', '0000-00-00'),
(818, 6, NULL, 'plus', 765, 5, 7730, '41800', '0000-00-00'),
(819, 6, NULL, 'plus', 766, 5, 7740, '41800', '0000-00-00'),
(820, 6, NULL, 'plus', 767, 5, 7750, '41800', '0000-00-00'),
(821, 6, NULL, 'plus', 768, 5, 7760, '41800', '0000-00-00'),
(822, 6, NULL, 'plus', 769, 5, 7770, '41800', '0000-00-00'),
(823, 6, NULL, 'plus', 770, 5, 7780, '41800', '0000-00-00'),
(824, 6, NULL, 'plus', 771, 5, 7790, '41800', '0000-00-00'),
(825, 6, NULL, 'plus', 772, 5, 7800, '41800', '0000-00-00'),
(826, 6, NULL, 'plus', 773, 5, 7810, '41800', '0000-00-00'),
(827, 6, NULL, 'plus', 774, 5, 7820, '41800', '0000-00-00'),
(828, 6, NULL, 'plus', 775, 5, 7830, '41800', '0000-00-00'),
(829, 6, NULL, 'plus', 776, 5, 7840, '41800', '0000-00-00'),
(830, 6, NULL, 'plus', 777, 5, 7850, '41800', '0000-00-00'),
(831, 6, NULL, 'plus', 778, 5, 7860, '41800', '0000-00-00'),
(832, 6, NULL, 'plus', 779, 5, 7870, '41800', '0000-00-00'),
(833, 6, NULL, 'plus', 780, 5, 7880, '41800', '0000-00-00'),
(834, 6, NULL, 'plus', 781, 5, 7890, '41800', '0000-00-00'),
(835, 6, NULL, 'plus', 782, 5, 7900, '41800', '0000-00-00'),
(836, 6, NULL, 'plus', 783, 5, 7910, '41800', '0000-00-00'),
(837, 6, NULL, 'plus', 784, 5, 7920, '41800', '0000-00-00'),
(838, 6, NULL, 'plus', 785, 5, 7930, '41800', '0000-00-00'),
(839, 6, NULL, 'plus', 786, 5, 7940, '41800', '0000-00-00'),
(840, 6, NULL, 'plus', 787, 5, 7950, '41800', '0000-00-00'),
(841, 6, NULL, 'plus', 788, 5, 7960, '41800', '0000-00-00'),
(842, 6, NULL, 'plus', 789, 5, 7970, '41800', '0000-00-00'),
(843, 6, NULL, 'plus', 790, 5, 7980, '41800', '0000-00-00'),
(844, 6, NULL, 'plus', 791, 5, 7990, '41800', '0000-00-00'),
(845, 6, NULL, 'plus', 792, 5, 8000, '41800', '0000-00-00'),
(846, 6, NULL, 'plus', 793, 5, 8010, '41800', '0000-00-00'),
(847, 6, NULL, 'plus', 794, 5, 8020, '41800', '0000-00-00'),
(848, 6, NULL, 'plus', 795, 5, 8030, '41800', '0000-00-00'),
(849, 6, NULL, 'plus', 796, 5, 8040, '41800', '0000-00-00'),
(850, 6, NULL, 'plus', 797, 5, 8050, '41800', '0000-00-00');
INSERT INTO `stock_adjustment_detail` (`id`, `stock_adjustment_id`, `stock_id`, `type`, `product_variant_id`, `packing_id`, `total_stock`, `buy_price`, `expired_date`) VALUES
(851, 6, NULL, 'plus', 798, 5, 8060, '41800', '0000-00-00'),
(852, 6, NULL, 'plus', 799, 5, 8070, '41800', '0000-00-00'),
(853, 6, NULL, 'plus', 800, 5, 8080, '41800', '0000-00-00'),
(854, 6, NULL, 'plus', 801, 5, 8090, '41800', '0000-00-00'),
(855, 6, NULL, 'plus', 802, 5, 8100, '41800', '0000-00-00'),
(856, 6, NULL, 'plus', 803, 5, 8110, '41800', '0000-00-00'),
(857, 6, NULL, 'plus', 804, 5, 8120, '41800', '0000-00-00'),
(858, 6, NULL, 'plus', 805, 5, 8130, '41800', '0000-00-00'),
(859, 6, NULL, 'plus', 806, 5, 8140, '41800', '0000-00-00'),
(860, 6, NULL, 'plus', 807, 5, 8150, '41800', '0000-00-00'),
(861, 6, NULL, 'plus', 808, 5, 8160, '41800', '0000-00-00'),
(862, 6, NULL, 'plus', 809, 5, 8170, '41800', '0000-00-00'),
(863, 6, NULL, 'plus', 810, 5, 8180, '41800', '0000-00-00'),
(864, 6, NULL, 'plus', 811, 5, 8190, '41800', '0000-00-00'),
(865, 6, NULL, 'plus', 812, 5, 8200, '41800', '0000-00-00'),
(866, 6, NULL, 'plus', 813, 5, 8210, '41800', '0000-00-00'),
(867, 6, NULL, 'plus', 814, 5, 8220, '41800', '0000-00-00'),
(868, 6, NULL, 'plus', 815, 5, 8230, '41800', '0000-00-00'),
(869, 6, NULL, 'plus', 816, 5, 8240, '41800', '0000-00-00'),
(870, 6, NULL, 'plus', 817, 5, 8250, '41800', '0000-00-00'),
(871, 6, NULL, 'plus', 818, 5, 8260, '41800', '0000-00-00'),
(872, 6, NULL, 'plus', 819, 5, 8270, '41800', '0000-00-00'),
(873, 6, NULL, 'plus', 820, 5, 8280, '41800', '0000-00-00'),
(874, 6, NULL, 'plus', 821, 5, 8290, '41800', '0000-00-00'),
(875, 6, NULL, 'plus', 822, 5, 8300, '58500', '0000-00-00'),
(876, 6, NULL, 'plus', 823, 5, 8310, '58500', '0000-00-00'),
(877, 6, NULL, 'plus', 824, 5, 8320, '58500', '0000-00-00'),
(878, 6, NULL, 'plus', 825, 5, 8330, '58500', '0000-00-00'),
(879, 6, NULL, 'plus', 826, 5, 8340, '58500', '0000-00-00'),
(880, 6, NULL, 'plus', 827, 5, 8350, '58500', '0000-00-00'),
(881, 6, NULL, 'plus', 828, 5, 8360, '58500', '0000-00-00'),
(882, 6, NULL, 'plus', 829, 5, 8370, '59780', '0000-00-00'),
(883, 6, NULL, 'plus', 830, 5, 8380, '59780', '0000-00-00'),
(884, 6, NULL, 'plus', 831, 5, 8390, '59780', '0000-00-00'),
(885, 6, NULL, 'plus', 832, 5, 8400, '59780', '0000-00-00'),
(886, 6, NULL, 'plus', 833, 5, 8410, '59780', '0000-00-00'),
(887, 6, NULL, 'plus', 834, 5, 8420, '59780', '0000-00-00'),
(888, 6, NULL, 'plus', 835, 5, 8430, '59780', '0000-00-00'),
(889, 6, NULL, 'plus', 836, 5, 8440, '81900', '0000-00-00'),
(890, 6, NULL, 'plus', 837, 5, 8450, '81900', '0000-00-00'),
(891, 6, NULL, 'plus', 838, 5, 8460, '81900', '0000-00-00'),
(892, 6, NULL, 'plus', 839, 5, 8470, '81900', '0000-00-00'),
(893, 6, NULL, 'plus', 840, 5, 8480, '81900', '0000-00-00'),
(894, 6, NULL, 'plus', 841, 5, 8490, '81900', '0000-00-00'),
(895, 6, NULL, 'plus', 842, 5, 8500, '54600', '0000-00-00'),
(896, 6, NULL, 'plus', 843, 5, 8510, '54600', '0000-00-00'),
(897, 6, NULL, 'plus', 844, 5, 8520, '54600', '0000-00-00'),
(898, 6, NULL, 'plus', 845, 5, 8530, '54600', '0000-00-00'),
(899, 6, NULL, 'plus', 846, 5, 8540, '54600', '0000-00-00'),
(900, 6, NULL, 'plus', 847, 5, 8550, '54600', '0000-00-00'),
(901, 6, NULL, 'plus', 848, 5, 8560, '80340', '0000-00-00'),
(902, 6, NULL, 'plus', 849, 5, 8570, '80340', '0000-00-00'),
(903, 6, NULL, 'plus', 850, 5, 8580, '80340', '0000-00-00'),
(904, 6, NULL, 'plus', 851, 5, 8590, '80340', '0000-00-00'),
(905, 6, NULL, 'plus', 852, 5, 8600, '44460', '0000-00-00'),
(906, 6, NULL, 'plus', 853, 5, 8610, '44460', '0000-00-00'),
(907, 6, NULL, 'plus', 854, 5, 8620, '44460', '0000-00-00'),
(908, 6, NULL, 'plus', 855, 5, 8630, '44460', '0000-00-00'),
(909, 6, NULL, 'plus', 856, 5, 8640, '31980', '0000-00-00'),
(910, 6, NULL, 'plus', 857, 5, 8650, '31980', '0000-00-00'),
(911, 6, NULL, 'plus', 858, 5, 8660, '31980', '0000-00-00'),
(912, 6, NULL, 'plus', 859, 5, 8670, '31980', '0000-00-00'),
(913, 6, NULL, 'plus', 860, 5, 8680, '44460', '0000-00-00'),
(914, 6, NULL, 'plus', 861, 5, 8690, '44460', '0000-00-00'),
(915, 6, NULL, 'plus', 862, 5, 8700, '44460', '0000-00-00'),
(916, 6, NULL, 'plus', 866, 5, 8770, '53040', '0000-00-00'),
(917, 6, NULL, 'plus', 867, 5, 8780, '53040', '0000-00-00'),
(918, 6, NULL, 'plus', 868, 5, 8790, '53040', '0000-00-00'),
(919, 6, NULL, 'plus', 869, 5, 8800, '49140', '0000-00-00'),
(920, 6, NULL, 'plus', 870, 5, 8810, '49140', '0000-00-00'),
(921, 6, NULL, 'plus', 871, 5, 8820, '49140', '0000-00-00'),
(922, 6, NULL, 'plus', 872, 5, 8830, '49140', '0000-00-00'),
(923, 6, NULL, 'plus', 873, 5, 8840, '49140', '0000-00-00'),
(924, 6, NULL, 'plus', 877, 5, 8850, '52260', '0000-00-00'),
(925, 6, NULL, 'plus', 878, 5, 8860, '71760', '0000-00-00'),
(926, 6, NULL, 'plus', 879, 5, 8870, '56160', '0000-00-00'),
(927, 6, NULL, 'plus', 880, 5, 8880, '31980', '0000-00-00'),
(928, 6, NULL, 'plus', 881, 5, 8890, '31980', '0000-00-00'),
(929, 6, NULL, 'plus', 882, 5, 8900, '31980', '0000-00-00'),
(930, 6, NULL, 'plus', 883, 5, 8910, '46020', '0000-00-00'),
(931, 6, NULL, 'plus', 884, 5, 8920, '46800', '0000-00-00'),
(932, 6, NULL, 'plus', 885, 5, 8930, '47580', '0000-00-00'),
(933, 6, NULL, 'plus', 886, 5, 8940, '51480', '0000-00-00'),
(934, 6, NULL, 'plus', 887, 5, 8950, '78000', '0000-00-00'),
(935, 6, NULL, 'plus', 888, 5, 8960, '58500', '0000-00-00'),
(936, 6, NULL, 'plus', 889, 5, 8970, '91260', '0000-00-00'),
(937, 6, NULL, 'plus', 890, 5, 8980, '58500', '0000-00-00'),
(938, 6, NULL, 'plus', 891, 5, 8990, '36660', '0000-00-00'),
(939, 6, NULL, 'plus', 892, 5, 9000, '34320', '0000-00-00'),
(940, 6, NULL, 'plus', 893, 5, 9010, '38220', '0000-00-00'),
(941, 6, NULL, 'plus', 894, 5, 9020, '36660', '0000-00-00'),
(942, 6, NULL, 'plus', 895, 5, 9030, '39000', '0000-00-00'),
(943, 6, NULL, 'plus', 903, 5, 9040, '54600', '0000-00-00'),
(944, 6, NULL, 'plus', 904, 5, 9050, '54600', '0000-00-00'),
(945, 6, NULL, 'plus', 905, 5, 9060, '54600', '0000-00-00'),
(946, 6, NULL, 'plus', 906, 5, 9070, '54600', '0000-00-00'),
(947, 6, NULL, 'plus', 907, 5, 9080, '54600', '0000-00-00'),
(948, 6, NULL, 'plus', 908, 5, 9090, '54600', '0000-00-00'),
(949, 6, NULL, 'plus', 909, 5, 9100, '54600', '0000-00-00'),
(950, 6, NULL, 'plus', 910, 5, 9110, '54600', '0000-00-00'),
(951, 6, NULL, 'plus', 911, 5, 9120, '54600', '0000-00-00'),
(952, 6, NULL, 'plus', 912, 5, 9130, '54600', '0000-00-00'),
(953, 6, NULL, 'plus', 913, 5, 9140, '54600', '0000-00-00'),
(954, 6, NULL, 'plus', 914, 5, 9150, '74100', '0000-00-00'),
(955, 6, NULL, 'plus', 915, 5, 9160, '74100', '0000-00-00'),
(956, 6, NULL, 'plus', 916, 5, 9170, '74100', '0000-00-00'),
(957, 6, NULL, 'plus', 917, 5, 9180, '74100', '0000-00-00'),
(958, 6, NULL, 'plus', 918, 5, 9190, '74100', '0000-00-00'),
(959, 6, NULL, 'plus', 919, 5, 9200, '74100', '0000-00-00'),
(960, 6, NULL, 'plus', 920, 5, 9210, '74100', '0000-00-00'),
(961, 6, NULL, 'plus', 921, 5, 9220, '74100', '0000-00-00'),
(962, 6, NULL, 'plus', 922, 5, 9230, '74100', '0000-00-00'),
(963, 6, NULL, 'plus', 923, 5, 9240, '74100', '0000-00-00'),
(964, 6, NULL, 'plus', 924, 5, 9250, '74100', '0000-00-00'),
(965, 6, NULL, 'plus', 925, 5, 9260, '74100', '0000-00-00'),
(966, 6, NULL, 'plus', 926, 5, 9270, '74100', '0000-00-00'),
(967, 6, NULL, 'plus', 927, 5, 9280, '30420', '0000-00-00'),
(968, 6, NULL, 'plus', 928, 5, 9290, '30420', '0000-00-00'),
(969, 6, NULL, 'plus', 929, 5, 9300, '30420', '0000-00-00'),
(970, 6, NULL, 'plus', 930, 5, 9310, '11700', '0000-00-00'),
(971, 6, NULL, 'plus', 931, 5, 9320, '4328', '0000-00-00'),
(972, 6, NULL, 'plus', 932, 5, 9330, '19500', '0000-00-00'),
(973, 6, NULL, 'plus', 933, 5, 9340, '28080', '0000-00-00'),
(974, 6, NULL, 'plus', 934, 5, 9350, '47500', '0000-00-00'),
(975, 6, NULL, 'plus', 935, 5, 9360, '91896', '0000-00-00'),
(976, 6, NULL, 'plus', 936, 5, 9370, '91896', '0000-00-00'),
(977, 6, NULL, 'plus', 937, 5, 9380, '91896', '0000-00-00'),
(978, 6, NULL, 'plus', 938, 5, 9390, '91896', '0000-00-00'),
(979, 6, NULL, 'plus', 954, 5, 9400, '91896', '0000-00-00'),
(980, 6, NULL, 'plus', 955, 5, 9410, '91896', '0000-00-00'),
(981, 6, NULL, 'plus', 939, 5, 9420, '104019', '0000-00-00'),
(982, 6, NULL, 'plus', 940, 5, 9430, '104019', '0000-00-00'),
(983, 6, NULL, 'plus', 941, 5, 9440, '104019', '0000-00-00'),
(984, 6, NULL, 'plus', 942, 5, 9450, '104019', '0000-00-00'),
(985, 6, NULL, 'plus', 943, 5, 9460, '91114', '0000-00-00'),
(986, 6, NULL, 'plus', 944, 5, 9470, '91114', '0000-00-00'),
(987, 6, NULL, 'plus', 945, 5, 9480, '91114', '0000-00-00'),
(988, 6, NULL, 'plus', 946, 5, 9490, '91114', '0000-00-00'),
(989, 6, NULL, 'plus', 947, 5, 9500, '64132', '0000-00-00'),
(990, 6, NULL, 'plus', 948, 5, 9510, '64132', '0000-00-00'),
(991, 6, NULL, 'plus', 949, 5, 9520, '64132', '0000-00-00'),
(992, 6, NULL, 'plus', 950, 5, 9530, '64132', '0000-00-00'),
(993, 6, NULL, 'plus', 951, 5, 9540, '79774', '0000-00-00'),
(994, 6, NULL, 'plus', 952, 5, 9550, '79774', '0000-00-00'),
(995, 6, NULL, 'plus', 953, 5, 9560, '113800', '0000-00-00'),
(996, 6, NULL, 'plus', 956, 5, 9570, '57093', '0000-00-00'),
(997, 6, NULL, 'plus', 957, 5, 9580, '57093', '0000-00-00'),
(998, 6, NULL, 'plus', 958, 5, 9590, '66478', '0000-00-00'),
(999, 6, NULL, 'plus', 959, 5, 9600, '68042', '0000-00-00'),
(1000, 6, NULL, 'plus', 960, 5, 9610, '68042', '0000-00-00'),
(1001, 6, NULL, 'plus', 961, 5, 9620, '61003', '0000-00-00'),
(1002, 6, NULL, 'plus', 962, 5, 9630, '61003', '0000-00-00'),
(1003, 6, NULL, 'plus', 963, 5, 9640, '68042', '0000-00-00'),
(1004, 6, NULL, 'plus', 964, 5, 9650, '68042', '0000-00-00'),
(1005, 6, NULL, 'plus', 965, 5, 9660, '68042', '0000-00-00'),
(1006, 6, NULL, 'plus', 966, 5, 9670, '67651', '0000-00-00'),
(1007, 6, NULL, 'plus', 967, 5, 9680, '67651', '0000-00-00'),
(1008, 6, NULL, 'plus', 968, 5, 9690, '67651', '0000-00-00'),
(1009, 6, NULL, 'plus', 969, 5, 9700, '67651', '0000-00-00'),
(1010, 6, NULL, 'plus', 970, 5, 9710, '67651', '0000-00-00'),
(1011, 6, NULL, 'plus', 971, 5, 9720, '67651', '0000-00-00'),
(1012, 6, NULL, 'plus', 972, 5, 9730, '67651', '0000-00-00'),
(1013, 6, NULL, 'plus', 973, 5, 9740, '67651', '0000-00-00'),
(1014, 6, NULL, 'plus', 974, 5, 9750, '67651', '0000-00-00'),
(1015, 6, NULL, 'plus', 975, 5, 9760, '57093', '0000-00-00'),
(1016, 6, NULL, 'plus', 976, 5, 9770, '57093', '0000-00-00'),
(1017, 6, NULL, 'plus', 977, 5, 9780, '57093', '0000-00-00'),
(1018, 6, NULL, 'plus', 978, 5, 9790, '57093', '0000-00-00'),
(1019, 6, NULL, 'plus', 979, 5, 9800, '57093', '0000-00-00'),
(1020, 6, NULL, 'plus', 980, 5, 9810, '37500', '0000-00-00'),
(1021, 6, NULL, 'plus', 981, 5, 9820, '50445', '0000-00-00'),
(1022, 6, NULL, 'plus', 982, 5, 9830, '57875', '0000-00-00'),
(1023, 6, NULL, 'plus', 983, 5, 9840, '31284', '0000-00-00'),
(1024, 6, NULL, 'plus', 984, 5, 9850, '37540', '0000-00-00'),
(1025, 6, NULL, 'plus', 985, 5, 9860, '32066', '0000-00-00'),
(1026, 6, NULL, 'plus', 986, 5, 9870, '32066', '0000-00-00'),
(1027, 6, NULL, 'plus', 987, 5, 9880, '32066', '0000-00-00'),
(1028, 6, NULL, 'plus', 988, 5, 9890, '59830', '0000-00-00'),
(1029, 6, NULL, 'plus', 989, 5, 9900, '20725', '0000-00-00'),
(1030, 6, NULL, 'plus', 990, 5, 9910, '31284', '0000-00-00'),
(1031, 6, NULL, 'plus', 991, 5, 9920, '28785', '0000-00-00'),
(1032, 6, NULL, 'plus', 992, 5, 9930, '28785', '0000-00-00'),
(1033, 6, NULL, 'plus', 993, 5, 9940, '90400', '0000-00-00'),
(1034, 6, NULL, 'plus', 994, 5, 9950, '39887', '0000-00-00'),
(1035, 6, NULL, 'plus', 995, 5, 9960, '20334', '0000-00-00'),
(1036, 6, NULL, 'plus', 996, 5, 9970, '20334', '0000-00-00'),
(1037, 6, NULL, 'plus', 997, 5, 9980, '19161', '0000-00-00'),
(1038, 6, NULL, 'plus', 998, 5, 9990, '19161', '0000-00-00'),
(1039, 6, NULL, 'plus', 999, 5, 10000, '54355', '0000-00-00'),
(1040, 6, NULL, 'plus', 1000, 5, 10010, '54355', '0000-00-00'),
(1041, 6, NULL, 'plus', 1001, 5, 10020, '54355', '0000-00-00'),
(1042, 6, NULL, 'plus', 1002, 5, 10030, '55138', '0000-00-00'),
(1043, 6, NULL, 'plus', 1003, 5, 10040, '55138', '0000-00-00'),
(1044, 6, NULL, 'plus', 1004, 5, 10050, '55138', '0000-00-00'),
(1045, 6, NULL, 'plus', 1005, 5, 10060, '55138', '0000-00-00'),
(1046, 6, NULL, 'plus', 1006, 5, 10070, '55138', '0000-00-00'),
(1047, 6, NULL, 'plus', 1007, 5, 10080, '55138', '0000-00-00'),
(1048, 6, NULL, 'plus', 1008, 5, 10090, '55138', '0000-00-00'),
(1049, 6, NULL, 'plus', 1009, 5, 10100, '55138', '0000-00-00'),
(1050, 6, NULL, 'plus', 1010, 5, 10110, '55138', '0000-00-00'),
(1051, 6, NULL, 'plus', 1011, 5, 10120, '55138', '0000-00-00'),
(1052, 6, NULL, 'plus', 1012, 5, 10130, '55138', '0000-00-00'),
(1053, 6, NULL, 'plus', 1013, 5, 10140, '55138', '0000-00-00'),
(1054, 6, NULL, 'plus', 1014, 5, 10150, '55138', '0000-00-00'),
(1055, 6, NULL, 'plus', 1015, 5, 10160, '55138', '0000-00-00'),
(1056, 6, NULL, 'plus', 1016, 5, 10170, '32848', '0000-00-00'),
(1057, 6, NULL, 'plus', 1017, 5, 10180, '32848', '0000-00-00'),
(1058, 6, NULL, 'plus', 1018, 5, 10190, '32848', '0000-00-00'),
(1059, 6, NULL, 'plus', 1019, 5, 10200, '32848', '0000-00-00'),
(1060, 6, NULL, 'plus', 1020, 5, 10210, '32848', '0000-00-00'),
(1061, 6, NULL, 'plus', 1021, 5, 10220, '32848', '0000-00-00'),
(1062, 6, NULL, 'plus', 1022, 5, 10230, '32848', '0000-00-00'),
(1063, 6, NULL, 'plus', 1023, 5, 10240, '32848', '0000-00-00'),
(1064, 6, NULL, 'plus', 1024, 5, 10250, '32848', '0000-00-00'),
(1065, 6, NULL, 'plus', 1025, 5, 10260, '32848', '0000-00-00'),
(1066, 6, NULL, 'plus', 1026, 5, 10270, '32848', '0000-00-00'),
(1067, 6, NULL, 'plus', 1027, 5, 10280, '32848', '0000-00-00'),
(1068, 6, NULL, 'plus', 1028, 5, 10290, '32848', '0000-00-00'),
(1069, 6, NULL, 'plus', 1029, 5, 10300, '36758', '0000-00-00'),
(1070, 6, NULL, 'plus', 1030, 5, 10310, '36758', '0000-00-00'),
(1071, 6, NULL, 'plus', 1031, 5, 10320, '36758', '0000-00-00'),
(1072, 6, NULL, 'plus', 1032, 5, 10330, '36758', '0000-00-00'),
(1073, 6, NULL, 'plus', 1033, 5, 10340, '36758', '0000-00-00'),
(1074, 6, NULL, 'plus', 1034, 5, 10350, '36758', '0000-00-00'),
(1075, 6, NULL, 'plus', 1035, 5, 10360, '36758', '0000-00-00'),
(1076, 6, NULL, 'plus', 1036, 5, 10370, '36758', '0000-00-00'),
(1077, 6, NULL, 'plus', 1037, 5, 10380, '36758', '0000-00-00'),
(1078, 6, NULL, 'plus', 1038, 5, 10390, '36758', '0000-00-00'),
(1079, 6, NULL, 'plus', 1039, 5, 10400, '36758', '0000-00-00'),
(1080, 6, NULL, 'plus', 1040, 5, 10410, '36758', '0000-00-00'),
(1081, 6, NULL, 'plus', 1041, 5, 10420, '36758', '0000-00-00'),
(1082, 6, NULL, 'plus', 1042, 5, 10430, '36758', '0000-00-00'),
(1083, 6, NULL, 'plus', 1043, 5, 10440, '36758', '0000-00-00'),
(1084, 6, NULL, 'plus', 1044, 5, 10450, '36758', '0000-00-00'),
(1085, 6, NULL, 'plus', 1045, 5, 10460, '36758', '0000-00-00'),
(1086, 6, NULL, 'plus', 1046, 5, 10470, '36758', '0000-00-00'),
(1087, 6, NULL, 'plus', 1047, 5, 10480, '36758', '0000-00-00'),
(1088, 6, NULL, 'plus', 1048, 5, 10490, '36758', '0000-00-00'),
(1089, 6, NULL, 'plus', 1049, 5, 10500, '36758', '0000-00-00'),
(1090, 6, NULL, 'plus', 1050, 5, 10510, '36758', '0000-00-00'),
(1091, 6, NULL, 'plus', 1051, 5, 10520, '36758', '0000-00-00'),
(1092, 6, NULL, 'plus', 1052, 5, 10530, '36758', '0000-00-00'),
(1093, 6, NULL, 'plus', 1053, 5, 10540, '36758', '0000-00-00'),
(1094, 6, NULL, 'plus', 1054, 5, 10550, '36758', '0000-00-00'),
(1095, 6, NULL, 'plus', 1055, 5, 10560, '36758', '0000-00-00'),
(1096, 6, NULL, 'plus', 1056, 5, 10570, '36758', '0000-00-00'),
(1097, 6, NULL, 'plus', 1057, 5, 10580, '36758', '0000-00-00'),
(1098, 6, NULL, 'plus', 1058, 5, 10590, '36758', '0000-00-00'),
(1099, 6, NULL, 'plus', 1059, 5, 10600, '36758', '0000-00-00'),
(1100, 6, NULL, 'plus', 1060, 5, 10610, '36758', '0000-00-00'),
(1101, 6, NULL, 'plus', 1061, 5, 10620, '36758', '0000-00-00'),
(1102, 6, NULL, 'plus', 1062, 5, 10630, '36758', '0000-00-00'),
(1103, 6, NULL, 'plus', 1063, 5, 10640, '36758', '0000-00-00'),
(1104, 6, NULL, 'plus', 1064, 5, 10650, '33630', '0000-00-00'),
(1105, 6, NULL, 'plus', 1065, 5, 10660, '33630', '0000-00-00'),
(1106, 6, NULL, 'plus', 1066, 5, 10670, '33630', '0000-00-00'),
(1107, 6, NULL, 'plus', 1067, 5, 10680, '34412', '0000-00-00'),
(1108, 6, NULL, 'plus', 1068, 5, 10690, '34412', '0000-00-00'),
(1109, 6, NULL, 'plus', 1069, 5, 10700, '39105', '0000-00-00'),
(1110, 6, NULL, 'plus', 1070, 5, 10710, '39105', '0000-00-00'),
(1111, 6, NULL, 'plus', 1071, 5, 10720, '39105', '0000-00-00'),
(1112, 6, NULL, 'plus', 1072, 5, 10730, '39105', '0000-00-00'),
(1113, 6, NULL, 'plus', 1073, 5, 10740, '39105', '0000-00-00'),
(1114, 6, NULL, 'plus', 1074, 5, 10750, '27764', '0000-00-00'),
(1115, 6, NULL, 'plus', 1075, 5, 10760, '27764', '0000-00-00'),
(1116, 6, NULL, 'plus', 1076, 5, 10770, '27764', '0000-00-00'),
(1117, 6, NULL, 'plus', 1077, 5, 10780, '27764', '0000-00-00'),
(1118, 6, NULL, 'plus', 1078, 5, 10790, '27764', '0000-00-00'),
(1119, 6, NULL, 'plus', 1079, 5, 10800, '41842', '0000-00-00'),
(1120, 6, NULL, 'plus', 1080, 5, 10810, '41842', '0000-00-00'),
(1121, 6, NULL, 'plus', 1081, 5, 10820, '41842', '0000-00-00'),
(1122, 6, NULL, 'plus', 1082, 5, 10830, '41842', '0000-00-00'),
(1123, 6, NULL, 'plus', 1083, 5, 10840, '41842', '0000-00-00'),
(1124, 6, NULL, 'plus', 1084, 5, 10850, '10558', '0000-00-00'),
(1125, 6, NULL, 'plus', 1085, 5, 10860, '10558', '0000-00-00'),
(1126, 6, NULL, 'plus', 1086, 5, 10870, '10558', '0000-00-00'),
(1127, 6, NULL, 'plus', 1087, 5, 10880, '10558', '0000-00-00'),
(1128, 6, NULL, 'plus', 1137, 5, 10890, '10558', '0000-00-00'),
(1129, 6, NULL, 'plus', 1088, 5, 10900, '18770', '0000-00-00'),
(1130, 6, NULL, 'plus', 1089, 5, 10910, '18770', '0000-00-00'),
(1131, 6, NULL, 'plus', 1090, 5, 10920, '19943', '0000-00-00'),
(1132, 6, NULL, 'plus', 1091, 5, 10930, '35194', '0000-00-00'),
(1133, 6, NULL, 'plus', 1092, 5, 10940, '36758', '0000-00-00'),
(1134, 6, NULL, 'plus', 1093, 5, 10950, '36758', '0000-00-00'),
(1135, 6, NULL, 'plus', 1094, 5, 10960, '36758', '0000-00-00'),
(1136, 6, NULL, 'plus', 1095, 5, 10970, '36758', '0000-00-00'),
(1137, 6, NULL, 'plus', 1096, 5, 10980, '36758', '0000-00-00'),
(1138, 6, NULL, 'plus', 1097, 5, 10990, '36758', '0000-00-00'),
(1139, 6, NULL, 'plus', 1098, 5, 11000, '36758', '0000-00-00'),
(1140, 6, NULL, 'plus', 1099, 5, 11010, '36758', '0000-00-00'),
(1141, 6, NULL, 'plus', 1100, 5, 11020, '36758', '0000-00-00'),
(1142, 6, NULL, 'plus', 1101, 5, 11030, '36758', '0000-00-00'),
(1143, 6, NULL, 'plus', 1102, 5, 11040, '36758', '0000-00-00'),
(1144, 6, NULL, 'plus', 1103, 5, 11050, '36758', '0000-00-00'),
(1145, 6, NULL, 'plus', 1104, 5, 11060, '36758', '0000-00-00'),
(1146, 6, NULL, 'plus', 1105, 5, 11070, '36758', '0000-00-00'),
(1147, 6, NULL, 'plus', 1106, 5, 11080, '35976', '0000-00-00'),
(1148, 6, NULL, 'plus', 1107, 5, 11090, '35976', '0000-00-00'),
(1149, 6, NULL, 'plus', 1108, 5, 11100, '34412', '0000-00-00'),
(1150, 6, NULL, 'plus', 1109, 5, 11110, '34412', '0000-00-00'),
(1151, 6, NULL, 'plus', 1110, 5, 11120, '34412', '0000-00-00'),
(1152, 6, NULL, 'plus', 1111, 5, 11130, '34412', '0000-00-00'),
(1153, 6, NULL, 'plus', 1112, 5, 11140, '20725', '0000-00-00'),
(1154, 6, NULL, 'plus', 1113, 5, 11150, '31284', '0000-00-00'),
(1155, 6, NULL, 'plus', 1114, 5, 11160, '12513', '0000-00-00'),
(1156, 6, NULL, 'plus', 1115, 5, 11170, '12513', '0000-00-00'),
(1157, 6, NULL, 'plus', 1116, 5, 11180, '12513', '0000-00-00'),
(1158, 6, NULL, 'plus', 1117, 5, 11190, '12513', '0000-00-00'),
(1159, 6, NULL, 'plus', 1118, 5, 11200, '12513', '0000-00-00'),
(1160, 6, NULL, 'plus', 1119, 5, 11210, '15642', '0000-00-00'),
(1161, 6, NULL, 'plus', 1120, 5, 11220, '15642', '0000-00-00'),
(1162, 6, NULL, 'plus', 1121, 5, 11230, '15642', '0000-00-00'),
(1163, 6, NULL, 'plus', 1122, 5, 11240, '15642', '0000-00-00'),
(1164, 6, NULL, 'plus', 1123, 5, 11250, '15642', '0000-00-00'),
(1165, 6, NULL, 'plus', 1124, 5, 11260, '14859', '0000-00-00'),
(1166, 6, NULL, 'plus', 1125, 5, 11270, '26200', '0000-00-00'),
(1167, 6, NULL, 'plus', 1126, 5, 11280, '19161', '0000-00-00'),
(1168, 6, NULL, 'plus', 1127, 5, 11290, '18379', '0000-00-00'),
(1169, 6, NULL, 'plus', 1128, 5, 11300, '20081', '0000-00-00'),
(1170, 6, NULL, 'plus', 1129, 5, 11310, '20081', '0000-00-00'),
(1171, 6, NULL, 'plus', 1130, 5, 11320, '20081', '0000-00-00'),
(1172, 6, NULL, 'plus', 1131, 5, 11330, '20081', '0000-00-00'),
(1173, 6, NULL, 'plus', 1132, 5, 11340, '24636', '0000-00-00'),
(1174, 6, NULL, 'plus', 1133, 5, 11350, '24636', '0000-00-00'),
(1175, 6, NULL, 'plus', 1134, 5, 11360, '24636', '0000-00-00'),
(1176, 6, NULL, 'plus', 1135, 5, 11370, '24636', '0000-00-00'),
(1177, 6, NULL, 'plus', 1136, 5, 11380, '17597', '0000-00-00'),
(1178, 6, NULL, 'plus', 1138, 5, 11390, '82120', '0000-00-00'),
(1179, 6, NULL, 'plus', 1139, 5, 11400, '35976', '0000-00-00'),
(1180, 6, NULL, 'plus', 1140, 5, 11410, '84466', '0000-00-00'),
(1181, 6, NULL, 'plus', 1141, 5, 11420, '37540', '0000-00-00'),
(1182, 6, NULL, 'plus', 1142, 5, 11430, '98935', '0000-00-00'),
(1183, 6, NULL, 'plus', 1143, 5, 11440, '95807', '0000-00-00'),
(1184, 6, NULL, 'plus', 1144, 5, 11450, '29893', '0000-00-00'),
(1185, 6, NULL, 'plus', 1145, 5, 11460, '55920', '0000-00-00'),
(1186, 6, NULL, 'plus', 1146, 5, 11470, '41451', '0000-00-00'),
(1187, 6, NULL, 'plus', 1147, 5, 11480, '26200', '0000-00-00'),
(1188, 6, NULL, 'plus', 1148, 5, 11490, '16033', '0000-00-00'),
(1189, 6, NULL, 'plus', 1149, 5, 11500, '35976', '0000-00-00'),
(1190, 6, NULL, 'plus', 1150, 5, 11510, '107538', '0000-00-00'),
(1191, 6, NULL, 'plus', 1152, 5, 11540, '16424', '0000-00-00'),
(1192, 6, NULL, 'plus', 1153, 5, 11550, '23854', '0000-00-00'),
(1193, 6, NULL, 'plus', 1154, 5, 11560, '17206', '0000-00-00'),
(1194, 6, NULL, 'plus', 1155, 5, 11570, '25027', '0000-00-00'),
(1195, 6, NULL, 'plus', 1158, 5, 11600, '49506', '0000-00-00'),
(1196, 6, NULL, 'plus', 1159, 5, 11610, '49506', '0000-00-00'),
(1197, 6, NULL, 'plus', 1160, 5, 11620, '49506', '0000-00-00'),
(1198, 6, NULL, 'plus', 1161, 5, 11630, '49506', '0000-00-00'),
(1199, 6, NULL, 'plus', 1162, 5, 11640, '49506', '0000-00-00'),
(1200, 6, NULL, 'plus', 1163, 5, 11650, '49506', '0000-00-00'),
(1201, 6, NULL, 'plus', 1164, 5, 11660, '49506', '0000-00-00'),
(1202, 6, NULL, 'plus', 1165, 5, 11670, '49506', '0000-00-00'),
(1203, 6, NULL, 'plus', 1166, 5, 11680, '49506', '0000-00-00'),
(1204, 6, NULL, 'plus', 1167, 5, 11690, '49506', '0000-00-00'),
(1205, 6, NULL, 'plus', 1168, 5, 11700, '49506', '0000-00-00'),
(1206, 6, NULL, 'plus', 1169, 5, 11710, '49506', '0000-00-00'),
(1207, 6, NULL, 'plus', 1170, 5, 11720, '49506', '0000-00-00'),
(1208, 6, NULL, 'plus', 1171, 5, 11730, '49506', '0000-00-00'),
(1209, 6, NULL, 'plus', 1172, 5, 11740, '49506', '0000-00-00'),
(1210, 6, NULL, 'plus', 1173, 5, 11750, '49506', '0000-00-00'),
(1211, 6, NULL, 'plus', 1174, 5, 11760, '49506', '0000-00-00'),
(1212, 6, NULL, 'plus', 1175, 5, 11770, '49506', '0000-00-00'),
(1213, 6, NULL, 'plus', 1176, 5, 11780, '32848', '0000-00-00'),
(1214, 6, NULL, 'plus', 1177, 5, 11790, '32848', '0000-00-00'),
(1215, 6, NULL, 'plus', 1178, 5, 11800, '32848', '0000-00-00'),
(1216, 6, NULL, 'plus', 1179, 5, 11810, '32848', '0000-00-00'),
(1217, 6, NULL, 'plus', 1180, 5, 11820, '32848', '0000-00-00'),
(1218, 6, NULL, 'plus', 1181, 5, 11830, '44188', '0000-00-00'),
(1219, 6, NULL, 'plus', 1182, 5, 11840, '13686', '0000-00-00'),
(1220, 6, NULL, 'plus', 1183, 5, 11850, '13686', '0000-00-00'),
(1221, 6, NULL, 'plus', 1184, 5, 11860, '13686', '0000-00-00'),
(1222, 6, NULL, 'plus', 1185, 5, 11870, '13686', '0000-00-00'),
(1223, 6, NULL, 'plus', 1186, 5, 11880, '37149', '0000-00-00'),
(1224, 6, NULL, 'plus', 1456, 5, 11890, '37149', '0000-00-00'),
(1225, 6, NULL, 'plus', 1457, 5, 11900, '37149', '0000-00-00'),
(1226, 6, NULL, 'plus', 1458, 5, 11910, '37149', '0000-00-00'),
(1227, 6, NULL, 'plus', 1459, 5, 11920, '37149', '0000-00-00'),
(1228, 6, NULL, 'plus', 1187, 5, 11930, '41451', '0000-00-00'),
(1229, 6, NULL, 'plus', 1188, 5, 11940, '52400', '0000-00-00'),
(1230, 6, NULL, 'plus', 1189, 5, 11950, '52400', '0000-00-00'),
(1231, 6, NULL, 'plus', 1190, 5, 11960, '52400', '0000-00-00'),
(1232, 6, NULL, 'plus', 1191, 5, 11970, '52400', '0000-00-00'),
(1233, 6, NULL, 'plus', 1192, 5, 11980, '52400', '0000-00-00'),
(1234, 6, NULL, 'plus', 1193, 5, 11990, '52400', '0000-00-00'),
(1235, 6, NULL, 'plus', 1194, 5, 12000, '52400', '0000-00-00'),
(1236, 6, NULL, 'plus', 1195, 5, 12010, '52400', '0000-00-00'),
(1237, 6, NULL, 'plus', 1196, 5, 12020, '53964', '0000-00-00'),
(1238, 6, NULL, 'plus', 1197, 5, 12030, '53964', '0000-00-00'),
(1239, 6, NULL, 'plus', 1198, 5, 12040, '53964', '0000-00-00'),
(1240, 6, NULL, 'plus', 1199, 5, 12050, '53964', '0000-00-00'),
(1241, 6, NULL, 'plus', 1200, 5, 12060, '53964', '0000-00-00'),
(1242, 6, NULL, 'plus', 1201, 5, 12070, '53964', '0000-00-00'),
(1243, 6, NULL, 'plus', 1202, 5, 12080, '53964', '0000-00-00'),
(1244, 6, NULL, 'plus', 1203, 5, 12090, '53964', '0000-00-00'),
(1245, 6, NULL, 'plus', 1204, 5, 12100, '73126', '0000-00-00'),
(1246, 6, NULL, 'plus', 1205, 5, 12110, '27373', '0000-00-00'),
(1247, 6, NULL, 'plus', 1206, 5, 12120, '46926', '0000-00-00'),
(1248, 6, NULL, 'plus', 1207, 5, 12130, '46926', '0000-00-00'),
(1249, 6, NULL, 'plus', 1208, 5, 12140, '46926', '0000-00-00'),
(1250, 6, NULL, 'plus', 1209, 5, 12150, '46926', '0000-00-00'),
(1251, 6, NULL, 'plus', 1210, 5, 12160, '46926', '0000-00-00'),
(1252, 6, NULL, 'plus', 1211, 5, 12170, '46926', '0000-00-00'),
(1253, 6, NULL, 'plus', 1212, 5, 12180, '46926', '0000-00-00'),
(1254, 6, NULL, 'plus', 1213, 5, 12190, '46926', '0000-00-00'),
(1255, 6, NULL, 'plus', 1214, 5, 12200, '23071', '0000-00-00'),
(1256, 6, NULL, 'plus', 1215, 5, 12210, '37540', '0000-00-00'),
(1257, 6, NULL, 'plus', 1216, 5, 12220, '57093', '0000-00-00'),
(1258, 6, NULL, 'plus', 1219, 5, 12270, '71171', '0000-00-00'),
(1259, 6, NULL, 'plus', 1220, 5, 12280, '71171', '0000-00-00'),
(1260, 6, NULL, 'plus', 1221, 5, 12290, '71171', '0000-00-00'),
(1261, 6, NULL, 'plus', 1222, 5, 12300, '71171', '0000-00-00'),
(1262, 6, NULL, 'plus', 1223, 5, 12310, '71171', '0000-00-00'),
(1263, 6, NULL, 'plus', 1224, 5, 12320, '71171', '0000-00-00'),
(1264, 6, NULL, 'plus', 1225, 5, 12330, '71171', '0000-00-00'),
(1265, 6, NULL, 'plus', 1226, 5, 12340, '71171', '0000-00-00'),
(1266, 6, NULL, 'plus', 1227, 5, 12350, '71171', '0000-00-00'),
(1267, 6, NULL, 'plus', 1228, 5, 12360, '37540', '0000-00-00'),
(1268, 6, NULL, 'plus', 1229, 5, 12370, '37540', '0000-00-00'),
(1269, 6, NULL, 'plus', 1230, 5, 12380, '37540', '0000-00-00'),
(1270, 6, NULL, 'plus', 1232, 5, 12410, '33630', '0000-00-00'),
(1271, 6, NULL, 'plus', 1233, 5, 12420, '33630', '0000-00-00'),
(1272, 6, NULL, 'plus', 1234, 5, 12430, '33630', '0000-00-00'),
(1273, 6, NULL, 'plus', 1235, 5, 12440, '33630', '0000-00-00'),
(1274, 6, NULL, 'plus', 1236, 5, 12450, '33630', '0000-00-00'),
(1275, 6, NULL, 'plus', 1237, 5, 12460, '71953', '0000-00-00'),
(1276, 6, NULL, 'plus', 1238, 5, 12470, '71953', '0000-00-00'),
(1277, 6, NULL, 'plus', 1239, 5, 12480, '40669', '0000-00-00'),
(1278, 6, NULL, 'plus', 1240, 5, 12490, '45361', '0000-00-00'),
(1279, 6, NULL, 'plus', 1241, 5, 12500, '36758', '0000-00-00'),
(1280, 6, NULL, 'plus', 1242, 5, 12510, '36758', '0000-00-00'),
(1281, 6, NULL, 'plus', 1243, 5, 12520, '36758', '0000-00-00'),
(1282, 6, NULL, 'plus', 1244, 5, 12530, '79383', '0000-00-00'),
(1283, 6, NULL, 'plus', 1245, 5, 12540, '79383', '0000-00-00'),
(1284, 6, NULL, 'plus', 1246, 5, 12550, '79383', '0000-00-00'),
(1285, 6, NULL, 'plus', 1247, 5, 12560, '79383', '0000-00-00'),
(1286, 6, NULL, 'plus', 1248, 5, 12570, '79383', '0000-00-00'),
(1287, 6, NULL, 'plus', 1249, 5, 12580, '79383', '0000-00-00'),
(1288, 6, NULL, 'plus', 1250, 5, 12590, '79383', '0000-00-00'),
(1289, 6, NULL, 'plus', 1251, 5, 12600, '79383', '0000-00-00'),
(1290, 6, NULL, 'plus', 1252, 5, 12610, '63350', '0000-00-00'),
(1291, 6, NULL, 'plus', 1253, 5, 12620, '63350', '0000-00-00'),
(1292, 6, NULL, 'plus', 1254, 5, 12630, '63350', '0000-00-00'),
(1293, 6, NULL, 'plus', 1255, 5, 12640, '63350', '0000-00-00'),
(1294, 6, NULL, 'plus', 1256, 5, 12650, '63350', '0000-00-00'),
(1295, 6, NULL, 'plus', 1257, 5, 12660, '63350', '0000-00-00'),
(1296, 6, NULL, 'plus', 1258, 5, 12670, '63350', '0000-00-00'),
(1297, 6, NULL, 'plus', 1259, 5, 12680, '63350', '0000-00-00'),
(1298, 6, NULL, 'plus', 1260, 5, 12690, '61394', '0000-00-00'),
(1299, 6, NULL, 'plus', 1261, 5, 12700, '61394', '0000-00-00'),
(1300, 6, NULL, 'plus', 1262, 5, 12710, '61394', '0000-00-00'),
(1301, 6, NULL, 'plus', 1263, 5, 12720, '61394', '0000-00-00'),
(1302, 6, NULL, 'plus', 1264, 5, 12730, '61394', '0000-00-00'),
(1303, 6, NULL, 'plus', 1265, 5, 12740, '61394', '0000-00-00'),
(1304, 6, NULL, 'plus', 1266, 5, 12750, '61394', '0000-00-00'),
(1305, 6, NULL, 'plus', 1267, 5, 12760, '61394', '0000-00-00'),
(1306, 6, NULL, 'plus', 1268, 5, 12770, '35976', '0000-00-00'),
(1307, 6, NULL, 'plus', 1269, 5, 12780, '35976', '0000-00-00'),
(1308, 6, NULL, 'plus', 1270, 5, 12790, '35976', '0000-00-00'),
(1309, 6, NULL, 'plus', 1271, 5, 12800, '35976', '0000-00-00'),
(1310, 6, NULL, 'plus', 1272, 5, 12810, '35976', '0000-00-00'),
(1311, 6, NULL, 'plus', 1273, 5, 12820, '35976', '0000-00-00'),
(1312, 6, NULL, 'plus', 1274, 5, 12830, '35976', '0000-00-00'),
(1313, 6, NULL, 'plus', 1275, 5, 12840, '35976', '0000-00-00'),
(1314, 6, NULL, 'plus', 1276, 5, 12850, '77427', '0000-00-00'),
(1315, 6, NULL, 'plus', 1277, 5, 12860, '35976', '0000-00-00'),
(1316, 6, NULL, 'plus', 1278, 5, 12870, '79774', '0000-00-00'),
(1317, 6, NULL, 'plus', 1279, 5, 12880, '35976', '0000-00-00'),
(1318, 6, NULL, 'plus', 1280, 5, 12890, '115750', '0000-00-00'),
(1319, 6, NULL, 'plus', 1281, 5, 12900, '68433', '0000-00-00'),
(1320, 6, NULL, 'plus', 1282, 5, 12910, '61394', '0000-00-00'),
(1321, 6, NULL, 'plus', 1283, 5, 12920, '25418', '0000-00-00'),
(1322, 6, NULL, 'plus', 1284, 5, 12930, '82902', '0000-00-00'),
(1323, 6, NULL, 'plus', 1285, 5, 12940, '64523', '0000-00-00'),
(1324, 6, NULL, 'plus', 1286, 5, 12950, '23854', '0000-00-00'),
(1325, 6, NULL, 'plus', 1287, 5, 12960, '23854', '0000-00-00'),
(1326, 6, NULL, 'plus', 1288, 5, 12970, '62568', '0000-00-00'),
(1327, 6, NULL, 'plus', 1289, 5, 12980, '15642', '0000-00-00'),
(1328, 6, NULL, 'plus', 1290, 5, 12990, '23463', '0000-00-00'),
(1329, 6, NULL, 'plus', 1291, 5, 13000, '28937', '0000-00-00'),
(1330, 6, NULL, 'plus', 1292, 5, 13010, '34412', '0000-00-00'),
(1331, 6, NULL, 'plus', 1293, 5, 13020, '32066', '0000-00-00'),
(1332, 6, NULL, 'plus', 1294, 5, 13030, '37540', '0000-00-00'),
(1333, 6, NULL, 'plus', 1295, 5, 13040, '37540', '0000-00-00'),
(1334, 6, NULL, 'plus', 1296, 5, 13050, '21507', '0000-00-00'),
(1335, 6, NULL, 'plus', 1297, 5, 13060, '21507', '0000-00-00'),
(1336, 6, NULL, 'plus', 1298, 5, 13070, '37540', '0000-00-00'),
(1337, 6, NULL, 'plus', 1299, 5, 13080, '37540', '0000-00-00'),
(1338, 6, NULL, 'plus', 1300, 5, 13090, '37540', '0000-00-00'),
(1339, 6, NULL, 'plus', 1301, 5, 13100, '37540', '0000-00-00'),
(1340, 6, NULL, 'plus', 1302, 5, 13110, '26200', '0000-00-00'),
(1341, 6, NULL, 'plus', 1303, 5, 13120, '26200', '0000-00-00'),
(1342, 6, NULL, 'plus', 1304, 5, 13130, '26200', '0000-00-00'),
(1343, 6, NULL, 'plus', 1305, 5, 13140, '26200', '0000-00-00'),
(1344, 6, NULL, 'plus', 1306, 5, 13150, '32066', '0000-00-00'),
(1345, 6, NULL, 'plus', 1307, 5, 13160, '32066', '0000-00-00'),
(1346, 6, NULL, 'plus', 1308, 5, 13170, '32066', '0000-00-00'),
(1347, 6, NULL, 'plus', 1309, 5, 13180, '32066', '0000-00-00'),
(1348, 6, NULL, 'plus', 1310, 5, 13190, '29719', '0000-00-00'),
(1349, 6, NULL, 'plus', 1311, 5, 13200, '29719', '0000-00-00'),
(1350, 6, NULL, 'plus', 1312, 5, 13210, '29719', '0000-00-00'),
(1351, 6, NULL, 'plus', 1313, 5, 13220, '29719', '0000-00-00'),
(1352, 6, NULL, 'plus', 1314, 5, 13230, '27764', '0000-00-00'),
(1353, 6, NULL, 'plus', 1315, 5, 13240, '27764', '0000-00-00'),
(1354, 6, NULL, 'plus', 1316, 5, 13250, '27764', '0000-00-00'),
(1355, 6, NULL, 'plus', 1317, 5, 13260, '27764', '0000-00-00'),
(1356, 6, NULL, 'plus', 1395, 5, 13350, '46946', '0000-00-00'),
(1357, 6, NULL, 'plus', 1396, 5, 13360, '46946', '0000-00-00'),
(1358, 6, NULL, 'plus', 1397, 5, 13370, '46946', '0000-00-00'),
(1359, 6, NULL, 'plus', 1398, 5, 13380, '46946', '0000-00-00'),
(1360, 6, NULL, 'plus', 1399, 5, 13390, '46946', '0000-00-00'),
(1361, 6, NULL, 'plus', 1400, 5, 13400, '46946', '0000-00-00'),
(1362, 6, NULL, 'plus', 1401, 5, 13410, '46946', '0000-00-00'),
(1363, 6, NULL, 'plus', 1402, 5, 13420, '46946', '0000-00-00'),
(1364, 6, NULL, 'plus', 1403, 5, 13430, '46946', '0000-00-00'),
(1365, 6, NULL, 'plus', 1404, 5, 13440, '46946', '0000-00-00'),
(1366, 6, NULL, 'plus', 1405, 5, 13450, '46946', '0000-00-00'),
(1367, 6, NULL, 'plus', 1406, 5, 13460, '46946', '0000-00-00'),
(1368, 6, NULL, 'plus', 1407, 5, 13470, '46946', '0000-00-00'),
(1369, 6, NULL, 'plus', 1408, 5, 13480, '46946', '0000-00-00'),
(1370, 6, NULL, 'plus', 1322, 5, 13490, '24636', '0000-00-00'),
(1371, 6, NULL, 'plus', 1323, 5, 13500, '24636', '0000-00-00'),
(1372, 6, NULL, 'plus', 1324, 5, 13510, '24636', '0000-00-00'),
(1373, 6, NULL, 'plus', 1325, 5, 13520, '24636', '0000-00-00'),
(1374, 6, NULL, 'plus', 1326, 5, 13530, '43797', '0000-00-00'),
(1375, 6, NULL, 'plus', 1327, 5, 13540, '12904', '0000-00-00'),
(1376, 6, NULL, 'plus', 1328, 5, 13550, '21507', '0000-00-00'),
(1377, 6, NULL, 'plus', 1329, 5, 13560, '28937', '0000-00-00'),
(1378, 6, NULL, 'plus', 1330, 5, 13570, '16033', '0000-00-00'),
(1379, 6, NULL, 'plus', 1332, 5, 13580, '21507', '0000-00-00'),
(1380, 6, NULL, 'plus', 1333, 5, 13590, '39105', '0000-00-00'),
(1381, 6, NULL, 'plus', 1334, 5, 13600, '12122', '0000-00-00'),
(1382, 6, NULL, 'plus', 1335, 5, 13610, '20725', '0000-00-00'),
(1383, 6, NULL, 'plus', 1336, 5, 13620, '12122', '0000-00-00'),
(1384, 6, NULL, 'plus', 1337, 5, 13630, '14468', '0000-00-00'),
(1385, 6, NULL, 'plus', 1338, 5, 13640, '28937', '0000-00-00'),
(1386, 6, NULL, 'plus', 1339, 5, 13650, '68824', '0000-00-00'),
(1387, 6, NULL, 'plus', 1340, 5, 13660, '68824', '0000-00-00'),
(1388, 6, NULL, 'plus', 1341, 5, 13670, '68824', '0000-00-00'),
(1389, 6, NULL, 'plus', 1342, 5, 13680, '68824', '0000-00-00'),
(1390, 6, NULL, 'plus', 1343, 5, 13690, '39887', '0000-00-00'),
(1391, 6, NULL, 'plus', 1344, 5, 13700, '39887', '0000-00-00'),
(1392, 6, NULL, 'plus', 1345, 5, 13710, '39887', '0000-00-00'),
(1393, 6, NULL, 'plus', 1346, 5, 13720, '39887', '0000-00-00'),
(1394, 6, NULL, 'plus', 1347, 5, 13730, '104801', '0000-00-00'),
(1395, 6, NULL, 'plus', 1348, 5, 13740, '104801', '0000-00-00'),
(1396, 6, NULL, 'plus', 1349, 5, 13750, '104801', '0000-00-00'),
(1397, 6, NULL, 'plus', 1350, 5, 13760, '104801', '0000-00-00'),
(1398, 6, NULL, 'plus', 1351, 5, 13770, '74299', '0000-00-00'),
(1399, 6, NULL, 'plus', 1352, 5, 13780, '74299', '0000-00-00'),
(1400, 6, NULL, 'plus', 1353, 5, 13790, '74299', '0000-00-00'),
(1401, 6, NULL, 'plus', 1354, 5, 13800, '74299', '0000-00-00'),
(1402, 6, NULL, 'plus', 1355, 5, 13810, '62176', '0000-00-00'),
(1403, 6, NULL, 'plus', 1356, 5, 13820, '62176', '0000-00-00'),
(1404, 6, NULL, 'plus', 1357, 5, 13830, '62176', '0000-00-00'),
(1405, 6, NULL, 'plus', 1358, 5, 13840, '62176', '0000-00-00'),
(1406, 6, NULL, 'plus', 1359, 5, 13850, '62176', '0000-00-00'),
(1407, 6, NULL, 'plus', 1360, 5, 13860, '71953', '0000-00-00'),
(1408, 6, NULL, 'plus', 1361, 5, 13870, '71953', '0000-00-00'),
(1409, 6, NULL, 'plus', 1362, 5, 13880, '71953', '0000-00-00'),
(1410, 6, NULL, 'plus', 1363, 5, 13890, '71953', '0000-00-00'),
(1411, 6, NULL, 'plus', 1364, 5, 13900, '75472', '0000-00-00'),
(1412, 6, NULL, 'plus', 1365, 5, 13910, '75472', '0000-00-00'),
(1413, 6, NULL, 'plus', 1366, 5, 13920, '46143', '0000-00-00'),
(1414, 6, NULL, 'plus', 1367, 5, 13930, '46143', '0000-00-00'),
(1415, 6, NULL, 'plus', 1368, 5, 13940, '32066', '0000-00-00'),
(1416, 6, NULL, 'plus', 1369, 5, 13950, '32066', '0000-00-00'),
(1417, 6, NULL, 'plus', 1370, 5, 13960, '32066', '0000-00-00'),
(1418, 6, NULL, 'plus', 1371, 5, 13970, '32066', '0000-00-00'),
(1419, 6, NULL, 'plus', 1372, 5, 13980, '32066', '0000-00-00'),
(1420, 6, NULL, 'plus', 1373, 5, 13990, '32066', '0000-00-00'),
(1421, 6, NULL, 'plus', 1374, 5, 14000, '32066', '0000-00-00'),
(1422, 6, NULL, 'plus', 1375, 5, 14010, '32066', '0000-00-00'),
(1423, 6, NULL, 'plus', 1376, 5, 14020, '32066', '0000-00-00'),
(1424, 6, NULL, 'plus', 1377, 5, 14030, '32066', '0000-00-00'),
(1425, 6, NULL, 'plus', 1378, 5, 14040, '32066', '0000-00-00'),
(1426, 6, NULL, 'plus', 1379, 5, 14050, '32066', '0000-00-00'),
(1427, 6, NULL, 'plus', 1380, 5, 14060, '32066', '0000-00-00'),
(1428, 6, NULL, 'plus', 1381, 5, 14070, '32066', '0000-00-00'),
(1429, 6, NULL, 'plus', 1382, 5, 14080, '32066', '0000-00-00'),
(1430, 6, NULL, 'plus', 1383, 5, 14090, '32066', '0000-00-00'),
(1431, 6, NULL, 'plus', 1384, 5, 14100, '32066', '0000-00-00'),
(1432, 6, NULL, 'plus', 1385, 5, 14110, '32066', '0000-00-00'),
(1433, 6, NULL, 'plus', 1386, 5, 14120, '32066', '0000-00-00'),
(1434, 6, NULL, 'plus', 1387, 5, 14130, '32066', '0000-00-00'),
(1435, 6, NULL, 'plus', 1388, 5, 14140, '32066', '0000-00-00'),
(1436, 6, NULL, 'plus', 1389, 5, 14150, '32066', '0000-00-00'),
(1437, 6, NULL, 'plus', 1390, 5, 14160, '32066', '0000-00-00'),
(1438, 6, NULL, 'plus', 1409, 5, 14170, '52009', '0000-00-00'),
(1439, 6, NULL, 'plus', 1410, 5, 14180, '13295', '0000-00-00'),
(1440, 6, NULL, 'plus', 1411, 5, 14190, '19943', '0000-00-00'),
(1441, 6, NULL, 'plus', 1412, 5, 14200, '14468', '0000-00-00'),
(1442, 6, NULL, 'plus', 1413, 5, 14210, '18379', '0000-00-00'),
(1443, 6, NULL, 'plus', 1414, 5, 14220, '34412', '0000-00-00'),
(1444, 6, NULL, 'plus', 1415, 5, 14230, '25418', '0000-00-00'),
(1445, 6, NULL, 'plus', 1416, 5, 14240, '25418', '0000-00-00'),
(1446, 6, NULL, 'plus', 1419, 5, 14270, '30110', '0000-00-00'),
(1447, 6, NULL, 'plus', 1420, 5, 14280, '47708', '0000-00-00'),
(1448, 6, NULL, 'plus', 1421, 5, 14290, '47708', '0000-00-00'),
(1449, 6, NULL, 'plus', 1422, 5, 14300, '47708', '0000-00-00'),
(1450, 6, NULL, 'plus', 1423, 5, 14310, '47708', '0000-00-00'),
(1451, 6, NULL, 'plus', 1424, 5, 14320, '31284', '0000-00-00'),
(1452, 6, NULL, 'plus', 1425, 5, 14330, '31284', '0000-00-00'),
(1453, 6, NULL, 'plus', 1426, 5, 14340, '31284', '0000-00-00'),
(1454, 6, NULL, 'plus', 1427, 5, 14350, '31284', '0000-00-00'),
(1455, 6, NULL, 'plus', 1428, 5, 14360, '31284', '0000-00-00'),
(1456, 6, NULL, 'plus', 1429, 5, 14370, '31284', '0000-00-00'),
(1457, 6, NULL, 'plus', 1430, 5, 14380, '31284', '0000-00-00'),
(1458, 6, NULL, 'plus', 1431, 5, 14390, '31284', '0000-00-00'),
(1459, 6, NULL, 'plus', 1432, 5, 14400, '31284', '0000-00-00'),
(1460, 6, NULL, 'plus', 1433, 5, 14410, '31284', '0000-00-00'),
(1461, 6, NULL, 'plus', 1434, 5, 14420, '31284', '0000-00-00'),
(1462, 6, NULL, 'plus', 1435, 5, 14430, '31284', '0000-00-00'),
(1463, 6, NULL, 'plus', 1436, 5, 14440, '31284', '0000-00-00'),
(1464, 6, NULL, 'plus', 1438, 5, 14450, '40278', '0000-00-00'),
(1465, 6, NULL, 'plus', 1439, 5, 14460, '40278', '0000-00-00'),
(1466, 6, NULL, 'plus', 1440, 5, 14470, '40278', '0000-00-00'),
(1467, 6, NULL, 'plus', 1441, 5, 14480, '40278', '0000-00-00'),
(1468, 6, NULL, 'plus', 1442, 5, 14490, '27373', '0000-00-00'),
(1469, 6, NULL, 'plus', 1443, 5, 14500, '27373', '0000-00-00'),
(1470, 6, NULL, 'plus', 1444, 5, 14510, '27373', '0000-00-00'),
(1471, 6, NULL, 'plus', 1445, 5, 14520, '27373', '0000-00-00'),
(1472, 6, NULL, 'plus', 1450, 5, 14610, '44188', '0000-00-00'),
(1473, 6, NULL, 'plus', 1451, 5, 14620, '44188', '0000-00-00'),
(1474, 6, NULL, 'plus', 1452, 5, 14630, '44188', '0000-00-00'),
(1475, 6, NULL, 'plus', 1453, 5, 14640, '30501', '0000-00-00'),
(1476, 6, NULL, 'plus', 1454, 5, 14650, '30501', '0000-00-00'),
(1477, 6, NULL, 'plus', 1455, 5, 14660, '30501', '0000-00-00'),
(1478, 6, NULL, 'plus', 1462, 5, 14670, '13686', '0000-00-00'),
(1479, 6, NULL, 'plus', 1463, 5, 14680, '19943', '0000-00-00'),
(1480, 6, NULL, 'plus', 1464, 5, 14690, '19552', '0000-00-00'),
(1481, 6, NULL, 'plus', 1465, 5, 14700, '19552', '0000-00-00'),
(1482, 6, NULL, 'plus', 1466, 5, 14710, '20334', '0000-00-00'),
(1483, 6, NULL, 'plus', 1467, 5, 14720, '25418', '0000-00-00'),
(1484, 6, NULL, 'plus', 1468, 5, 14730, '21898', '0000-00-00'),
(1485, 6, NULL, 'plus', 1469, 5, 14740, '17988', '0000-00-00'),
(1486, 6, NULL, 'plus', 1470, 5, 14750, '75863', '0000-00-00'),
(1487, 6, NULL, 'plus', 1471, 5, 14760, '35976', '0000-00-00'),
(1488, 6, NULL, 'plus', 1472, 5, 14770, '78210', '0000-00-00'),
(1489, 6, NULL, 'plus', 1473, 5, 14780, '35976', '0000-00-00'),
(1490, 6, NULL, 'plus', 1474, 5, 14790, '60612', '0000-00-00'),
(1491, 6, NULL, 'plus', 1475, 5, 14800, '107538', '0000-00-00'),
(1492, 6, NULL, 'plus', 1476, 5, 14810, '62959', '0000-00-00'),
(1493, 6, NULL, 'plus', 1477, 5, 14820, '23854', '0000-00-00'),
(1494, 6, NULL, 'plus', 1478, 5, 14830, '81338', '0000-00-00'),
(1495, 6, NULL, 'plus', 1479, 5, 14840, '19943', '0000-00-00'),
(1496, 6, NULL, 'plus', 1480, 5, 14850, '23854', '0000-00-00'),
(1497, 6, NULL, 'plus', 1481, 5, 14860, '57484', '0000-00-00'),
(1498, 6, NULL, 'plus', 1482, 5, 14870, '62959', '0000-00-00'),
(1499, 7, NULL, 'plus', 53, 5, 530, '14002', '0000-00-00'),
(1500, 7, NULL, 'plus', 91, 5, 540, '14002', '0000-00-00'),
(1501, 7, NULL, 'plus', 54, 5, 550, '32034', '0000-00-00'),
(1502, 7, NULL, 'plus', 220, 5, 560, '32034', '0000-00-00'),
(1503, 7, NULL, 'plus', 102, 5, 1030, '6795', '0000-00-00'),
(1504, 7, NULL, 'plus', 123, 5, 1040, '6795', '0000-00-00'),
(1505, 7, NULL, 'plus', 192, 5, 1930, '19954', '0000-00-00'),
(1506, 7, NULL, 'plus', 215, 5, 1960, '19954', '0000-00-00'),
(1507, 7, NULL, 'plus', 339, 5, 3400, '35280', '0000-00-00'),
(1508, 7, NULL, 'plus', 340, 5, 3410, '35280', '0000-00-00'),
(1509, 7, NULL, 'plus', 587, 5, 5880, '14400', '0000-00-00'),
(1510, 7, NULL, 'plus', 588, 5, 5890, '14400', '0000-00-00'),
(1511, 7, NULL, 'plus', 863, 5, 8710, '67080', '0000-00-00'),
(1512, 7, NULL, 'plus', 864, 5, 8720, '67080', '0000-00-00'),
(1513, 7, NULL, 'plus', 865, 5, 8730, '67080', '0000-00-00'),
(1514, 7, NULL, 'plus', 874, 5, 8740, '67080', '0000-00-00'),
(1515, 7, NULL, 'plus', 875, 5, 8750, '67080', '0000-00-00'),
(1516, 7, NULL, 'plus', 876, 5, 8760, '67080', '0000-00-00'),
(1517, 7, NULL, 'plus', 1151, 5, 11520, '14859', '0000-00-00'),
(1518, 7, NULL, 'plus', 1157, 5, 11530, '14859', '0000-00-00'),
(1519, 7, NULL, 'plus', 1156, 5, 11580, '15250', '0000-00-00'),
(1520, 7, NULL, 'plus', 1437, 5, 11590, '15250', '0000-00-00'),
(1521, 7, NULL, 'plus', 1217, 5, 12230, '30501', '0000-00-00'),
(1522, 7, NULL, 'plus', 1218, 5, 12240, '30501', '0000-00-00'),
(1523, 7, NULL, 'plus', 1460, 5, 12250, '30501', '0000-00-00'),
(1524, 7, NULL, 'plus', 1461, 5, 12260, '30501', '0000-00-00'),
(1525, 7, NULL, 'plus', 1231, 5, 12390, '35976', '0000-00-00'),
(1526, 7, NULL, 'plus', 1331, 5, 12400, '35976', '0000-00-00'),
(1527, 7, NULL, 'plus', 1318, 5, 13270, '46946', '0000-00-00'),
(1528, 7, NULL, 'plus', 1319, 5, 13280, '46946', '0000-00-00'),
(1529, 7, NULL, 'plus', 1320, 5, 13290, '46946', '0000-00-00'),
(1530, 7, NULL, 'plus', 1321, 5, 13300, '46946', '0000-00-00'),
(1531, 7, NULL, 'plus', 1391, 5, 13310, '46946', '0000-00-00'),
(1532, 7, NULL, 'plus', 1392, 5, 13320, '46946', '0000-00-00'),
(1533, 7, NULL, 'plus', 1393, 5, 13330, '46946', '0000-00-00'),
(1534, 7, NULL, 'plus', 1394, 5, 13340, '46946', '0000-00-00'),
(1535, 7, NULL, 'plus', 1417, 5, 14250, '23854', '0000-00-00'),
(1536, 7, NULL, 'plus', 1418, 5, 14260, '23854', '0000-00-00'),
(1537, 7, NULL, 'plus', 1446, 5, 14530, '25809', '0000-00-00'),
(1538, 7, NULL, 'plus', 1447, 5, 14540, '25809', '0000-00-00'),
(1539, 7, NULL, 'plus', 1448, 5, 14550, '25809', '0000-00-00'),
(1540, 7, NULL, 'plus', 1449, 5, 14560, '25809', '0000-00-00'),
(1541, 7, NULL, 'plus', 1483, 5, 14570, '25809', '0000-00-00'),
(1542, 7, NULL, 'plus', 1484, 5, 14580, '25809', '0000-00-00'),
(1543, 7, NULL, 'plus', 1485, 5, 14590, '25809', '0000-00-00'),
(1544, 7, NULL, 'plus', 1486, 5, 14600, '25809', '0000-00-00'),
(1545, 7, NULL, 'plus', 1, 5, 10, '11156', '0000-00-00'),
(1546, 7, NULL, 'plus', 2, 5, 20, '11156', '0000-00-00'),
(1547, 7, NULL, 'plus', 3, 5, 30, '11156', '0000-00-00'),
(1548, 7, NULL, 'plus', 4, 5, 40, '11156', '0000-00-00'),
(1549, 7, NULL, 'plus', 5, 5, 50, '11156', '0000-00-00'),
(1550, 7, NULL, 'plus', 6, 5, 60, '20081', '0000-00-00'),
(1551, 7, NULL, 'plus', 7, 5, 70, '20081', '0000-00-00'),
(1552, 7, NULL, 'plus', 8, 5, 80, '20081', '0000-00-00'),
(1553, 7, NULL, 'plus', 9, 5, 90, '12941', '0000-00-00'),
(1554, 7, NULL, 'plus', 10, 5, 100, '26328', '0000-00-00'),
(1555, 7, NULL, 'plus', 11, 5, 110, '26328', '0000-00-00'),
(1556, 7, NULL, 'plus', 12, 5, 120, '26328', '0000-00-00'),
(1557, 7, NULL, 'plus', 13, 5, 130, '26328', '0000-00-00'),
(1558, 7, NULL, 'plus', 14, 5, 140, '26328', '0000-00-00'),
(1559, 7, NULL, 'plus', 15, 5, 150, '26328', '0000-00-00'),
(1560, 7, NULL, 'plus', 16, 5, 160, '41501', '0000-00-00'),
(1561, 7, NULL, 'plus', 17, 5, 170, '41501', '0000-00-00'),
(1562, 7, NULL, 'plus', 18, 5, 180, '41501', '0000-00-00'),
(1563, 7, NULL, 'plus', 19, 5, 190, '41501', '0000-00-00'),
(1564, 7, NULL, 'plus', 20, 5, 200, '41501', '0000-00-00'),
(1565, 7, NULL, 'plus', 21, 5, 210, '30791', '0000-00-00'),
(1566, 7, NULL, 'plus', 22, 5, 220, '30791', '0000-00-00'),
(1567, 7, NULL, 'plus', 23, 5, 230, '30791', '0000-00-00'),
(1568, 7, NULL, 'plus', 24, 5, 240, '30791', '0000-00-00'),
(1569, 7, NULL, 'plus', 25, 5, 250, '30791', '0000-00-00'),
(1570, 7, NULL, 'plus', 26, 5, 260, '30791', '0000-00-00'),
(1571, 7, NULL, 'plus', 27, 5, 270, '19188', '0000-00-00'),
(1572, 7, NULL, 'plus', 28, 5, 280, '19188', '0000-00-00'),
(1573, 7, NULL, 'plus', 29, 5, 290, '19188', '0000-00-00'),
(1574, 7, NULL, 'plus', 30, 5, 300, '19188', '0000-00-00'),
(1575, 7, NULL, 'plus', 31, 5, 310, '19188', '0000-00-00'),
(1576, 7, NULL, 'plus', 32, 5, 320, '19188', '0000-00-00'),
(1577, 7, NULL, 'plus', 33, 5, 330, '19188', '0000-00-00'),
(1578, 7, NULL, 'plus', 34, 5, 340, '19188', '0000-00-00'),
(1579, 7, NULL, 'plus', 35, 5, 350, '20081', '0000-00-00'),
(1580, 7, NULL, 'plus', 36, 5, 360, '20081', '0000-00-00'),
(1581, 7, NULL, 'plus', 37, 5, 370, '20081', '0000-00-00'),
(1582, 7, NULL, 'plus', 38, 5, 380, '20081', '0000-00-00'),
(1583, 7, NULL, 'plus', 39, 5, 390, '20081', '0000-00-00'),
(1584, 7, NULL, 'plus', 40, 5, 400, '20081', '0000-00-00'),
(1585, 7, NULL, 'plus', 41, 5, 410, '11156', '0000-00-00'),
(1586, 7, NULL, 'plus', 42, 5, 420, '11156', '0000-00-00'),
(1587, 7, NULL, 'plus', 43, 5, 430, '11156', '0000-00-00'),
(1588, 7, NULL, 'plus', 44, 5, 440, '22758', '0000-00-00'),
(1589, 7, NULL, 'plus', 45, 5, 450, '28113', '0000-00-00'),
(1590, 7, NULL, 'plus', 46, 5, 460, '28113', '0000-00-00'),
(1591, 7, NULL, 'plus', 47, 5, 470, '10400', '0000-00-00'),
(1592, 7, NULL, 'plus', 48, 5, 480, '35809', '0000-00-00'),
(1593, 7, NULL, 'plus', 49, 5, 490, '35809', '0000-00-00'),
(1594, 7, NULL, 'plus', 50, 5, 500, '35809', '0000-00-00'),
(1595, 7, NULL, 'plus', 51, 5, 510, '35809', '0000-00-00'),
(1596, 7, NULL, 'plus', 52, 5, 520, '7338', '0000-00-00'),
(1597, 7, NULL, 'plus', 55, 5, 570, '90703', '0000-00-00'),
(1598, 7, NULL, 'plus', 56, 5, 580, '90703', '0000-00-00'),
(1599, 7, NULL, 'plus', 57, 5, 590, '90703', '0000-00-00'),
(1600, 7, NULL, 'plus', 58, 5, 600, '9894', '0000-00-00'),
(1601, 7, NULL, 'plus', 59, 5, 610, '9894', '0000-00-00'),
(1602, 7, NULL, 'plus', 60, 5, 620, '9894', '0000-00-00'),
(1603, 7, NULL, 'plus', 61, 5, 630, '9986', '0000-00-00'),
(1604, 7, NULL, 'plus', 62, 5, 640, '12265', '0000-00-00'),
(1605, 7, NULL, 'plus', 63, 5, 650, '12265', '0000-00-00'),
(1606, 7, NULL, 'plus', 64, 5, 660, '12265', '0000-00-00'),
(1607, 7, NULL, 'plus', 65, 5, 670, '10406', '0000-00-00'),
(1608, 7, NULL, 'plus', 66, 5, 680, '10406', '0000-00-00'),
(1609, 7, NULL, 'plus', 67, 5, 690, '10406', '0000-00-00'),
(1610, 7, NULL, 'plus', 97, 5, 700, '10406', '0000-00-00'),
(1611, 7, NULL, 'plus', 68, 5, 710, '11708', '0000-00-00'),
(1612, 7, NULL, 'plus', 69, 5, 720, '11708', '0000-00-00'),
(1613, 7, NULL, 'plus', 70, 5, 730, '11708', '0000-00-00'),
(1614, 7, NULL, 'plus', 71, 5, 740, '10760', '0000-00-00'),
(1615, 7, NULL, 'plus', 72, 5, 750, '10760', '0000-00-00'),
(1616, 7, NULL, 'plus', 73, 5, 760, '10760', '0000-00-00'),
(1617, 7, NULL, 'plus', 74, 5, 770, '10760', '0000-00-00'),
(1618, 7, NULL, 'plus', 75, 5, 780, '28200', '0000-00-00'),
(1619, 7, NULL, 'plus', 76, 5, 790, '28200', '0000-00-00'),
(1620, 7, NULL, 'plus', 77, 5, 800, '28200', '0000-00-00'),
(1621, 7, NULL, 'plus', 78, 5, 810, '21685', '0000-00-00'),
(1622, 7, NULL, 'plus', 79, 5, 820, '15584', '0000-00-00'),
(1623, 7, NULL, 'plus', 80, 5, 830, '4328', '0000-00-00'),
(1624, 7, NULL, 'plus', 81, 5, 840, '5194', '0000-00-00'),
(1625, 7, NULL, 'plus', 82, 5, 850, '15584', '0000-00-00'),
(1626, 7, NULL, 'plus', 83, 5, 860, '15584', '0000-00-00'),
(1627, 7, NULL, 'plus', 84, 5, 870, '15584', '0000-00-00'),
(1628, 7, NULL, 'plus', 85, 5, 880, '21109', '0000-00-00'),
(1629, 7, NULL, 'plus', 86, 5, 890, '21109', '0000-00-00'),
(1630, 7, NULL, 'plus', 87, 5, 900, '21109', '0000-00-00'),
(1631, 7, NULL, 'plus', 88, 5, 910, '13670', '0000-00-00'),
(1632, 7, NULL, 'plus', 89, 5, 920, '13670', '0000-00-00'),
(1633, 7, NULL, 'plus', 90, 5, 930, '13670', '0000-00-00'),
(1634, 7, NULL, 'plus', 92, 5, 940, '6809', '0000-00-00'),
(1635, 7, NULL, 'plus', 93, 5, 950, '11324', '0000-00-00'),
(1636, 7, NULL, 'plus', 94, 5, 960, '11324', '0000-00-00'),
(1637, 7, NULL, 'plus', 95, 5, 970, '11324', '0000-00-00'),
(1638, 7, NULL, 'plus', 96, 5, 980, '11630', '0000-00-00'),
(1639, 7, NULL, 'plus', 98, 5, 990, '19052', '0000-00-00'),
(1640, 7, NULL, 'plus', 99, 5, 1000, '19052', '0000-00-00'),
(1641, 7, NULL, 'plus', 100, 5, 1010, '19052', '0000-00-00'),
(1642, 7, NULL, 'plus', 101, 5, 1020, '31168', '0000-00-00'),
(1643, 7, NULL, 'plus', 103, 5, 1050, '3822', '0000-00-00'),
(1644, 7, NULL, 'plus', 104, 5, 1060, '3822', '0000-00-00'),
(1645, 7, NULL, 'plus', 105, 5, 1070, '3822', '0000-00-00'),
(1646, 7, NULL, 'plus', 106, 5, 1080, '3822', '0000-00-00'),
(1647, 7, NULL, 'plus', 107, 5, 1090, '3822', '0000-00-00'),
(1648, 7, NULL, 'plus', 108, 5, 1100, '3822', '0000-00-00'),
(1649, 7, NULL, 'plus', 109, 5, 1110, '1614', '0000-00-00'),
(1650, 7, NULL, 'plus', 110, 5, 1120, '5133', '0000-00-00'),
(1651, 7, NULL, 'plus', 111, 5, 1130, '5133', '0000-00-00'),
(1652, 7, NULL, 'plus', 112, 5, 1140, '5133', '0000-00-00'),
(1653, 7, NULL, 'plus', 113, 5, 1150, '5133', '0000-00-00'),
(1654, 7, NULL, 'plus', 114, 5, 1160, '5133', '0000-00-00'),
(1655, 7, NULL, 'plus', 115, 5, 1170, '5133', '0000-00-00'),
(1656, 7, NULL, 'plus', 116, 5, 1180, '5765', '0000-00-00'),
(1657, 7, NULL, 'plus', 117, 5, 1190, '5765', '0000-00-00'),
(1658, 7, NULL, 'plus', 118, 5, 1200, '5765', '0000-00-00'),
(1659, 7, NULL, 'plus', 119, 5, 1210, '5765', '0000-00-00'),
(1660, 7, NULL, 'plus', 120, 5, 1220, '5765', '0000-00-00'),
(1661, 7, NULL, 'plus', 121, 5, 1230, '5765', '0000-00-00'),
(1662, 7, NULL, 'plus', 122, 5, 1240, '4370', '0000-00-00'),
(1663, 7, NULL, 'plus', 124, 5, 1250, '14347', '0000-00-00'),
(1664, 7, NULL, 'plus', 125, 5, 1260, '6143', '0000-00-00'),
(1665, 7, NULL, 'plus', 126, 5, 1270, '7070', '0000-00-00'),
(1666, 7, NULL, 'plus', 127, 5, 1280, '9069', '0000-00-00'),
(1667, 7, NULL, 'plus', 128, 5, 1290, '8162', '0000-00-00'),
(1668, 7, NULL, 'plus', 129, 5, 1300, '57924', '0000-00-00'),
(1669, 7, NULL, 'plus', 130, 5, 1310, '9069', '0000-00-00'),
(1670, 7, NULL, 'plus', 131, 5, 1320, '3875', '0000-00-00');
INSERT INTO `stock_adjustment_detail` (`id`, `stock_adjustment_id`, `stock_id`, `type`, `product_variant_id`, `packing_id`, `total_stock`, `buy_price`, `expired_date`) VALUES
(1671, 7, NULL, 'plus', 132, 5, 1330, '7585', '0000-00-00'),
(1672, 7, NULL, 'plus', 133, 5, 1340, '6262', '0000-00-00'),
(1673, 7, NULL, 'plus', 134, 5, 1350, '6262', '0000-00-00'),
(1674, 7, NULL, 'plus', 135, 5, 1360, '6262', '0000-00-00'),
(1675, 7, NULL, 'plus', 136, 5, 1370, '6312', '0000-00-00'),
(1676, 7, NULL, 'plus', 137, 5, 1380, '5477', '0000-00-00'),
(1677, 7, NULL, 'plus', 138, 5, 1390, '5477', '0000-00-00'),
(1678, 7, NULL, 'plus', 139, 5, 1400, '5477', '0000-00-00'),
(1679, 7, NULL, 'plus', 140, 5, 1410, '29556', '0000-00-00'),
(1680, 7, NULL, 'plus', 141, 5, 1420, '42011', '0000-00-00'),
(1681, 7, NULL, 'plus', 142, 5, 1430, '42011', '0000-00-00'),
(1682, 7, NULL, 'plus', 143, 5, 1440, '42011', '0000-00-00'),
(1683, 7, NULL, 'plus', 144, 5, 1450, '38919', '0000-00-00'),
(1684, 7, NULL, 'plus', 145, 5, 1460, '38919', '0000-00-00'),
(1685, 7, NULL, 'plus', 146, 5, 1470, '38919', '0000-00-00'),
(1686, 7, NULL, 'plus', 147, 5, 1480, '38919', '0000-00-00'),
(1687, 7, NULL, 'plus', 148, 5, 1490, '8327', '0000-00-00'),
(1688, 7, NULL, 'plus', 149, 5, 1500, '8327', '0000-00-00'),
(1689, 7, NULL, 'plus', 150, 5, 1510, '8327', '0000-00-00'),
(1690, 7, NULL, 'plus', 151, 5, 1520, '8327', '0000-00-00'),
(1691, 7, NULL, 'plus', 152, 5, 1530, '30561', '0000-00-00'),
(1692, 7, NULL, 'plus', 153, 5, 1540, '30561', '0000-00-00'),
(1693, 7, NULL, 'plus', 154, 5, 1550, '30561', '0000-00-00'),
(1694, 7, NULL, 'plus', 155, 5, 1560, '43157', '0000-00-00'),
(1695, 7, NULL, 'plus', 156, 5, 1570, '43157', '0000-00-00'),
(1696, 7, NULL, 'plus', 157, 5, 1580, '43157', '0000-00-00'),
(1697, 7, NULL, 'plus', 158, 5, 1590, '52184', '0000-00-00'),
(1698, 7, NULL, 'plus', 159, 5, 1600, '52184', '0000-00-00'),
(1699, 7, NULL, 'plus', 160, 5, 1610, '52184', '0000-00-00'),
(1700, 7, NULL, 'plus', 161, 5, 1620, '30321', '0000-00-00'),
(1701, 7, NULL, 'plus', 162, 5, 1630, '43157', '0000-00-00'),
(1702, 7, NULL, 'plus', 163, 5, 1640, '43157', '0000-00-00'),
(1703, 7, NULL, 'plus', 164, 5, 1650, '8327', '0000-00-00'),
(1704, 7, NULL, 'plus', 165, 5, 1660, '8327', '0000-00-00'),
(1705, 7, NULL, 'plus', 166, 5, 1670, '5771', '0000-00-00'),
(1706, 7, NULL, 'plus', 167, 5, 1680, '4926', '0000-00-00'),
(1707, 7, NULL, 'plus', 168, 5, 1690, '1071', '0000-00-00'),
(1708, 7, NULL, 'plus', 169, 5, 1700, '923', '0000-00-00'),
(1709, 7, NULL, 'plus', 170, 5, 1710, '1665', '0000-00-00'),
(1710, 7, NULL, 'plus', 171, 5, 1720, '11000', '0000-00-00'),
(1711, 7, NULL, 'plus', 172, 5, 1730, '11000', '0000-00-00'),
(1712, 7, NULL, 'plus', 173, 5, 1740, '11000', '0000-00-00'),
(1713, 7, NULL, 'plus', 174, 5, 1750, '11320', '0000-00-00'),
(1714, 7, NULL, 'plus', 175, 5, 1760, '11320', '0000-00-00'),
(1715, 7, NULL, 'plus', 176, 5, 1770, '11320', '0000-00-00'),
(1716, 7, NULL, 'plus', 177, 5, 1780, '25250', '0000-00-00'),
(1717, 7, NULL, 'plus', 178, 5, 1790, '25250', '0000-00-00'),
(1718, 7, NULL, 'plus', 179, 5, 1800, '25250', '0000-00-00'),
(1719, 7, NULL, 'plus', 180, 5, 1810, '16665', '0000-00-00'),
(1720, 7, NULL, 'plus', 181, 5, 1820, '16665', '0000-00-00'),
(1721, 7, NULL, 'plus', 182, 5, 1830, '16665', '0000-00-00'),
(1722, 7, NULL, 'plus', 183, 5, 1840, '35714', '0000-00-00'),
(1723, 7, NULL, 'plus', 184, 5, 1850, '35714', '0000-00-00'),
(1724, 7, NULL, 'plus', 185, 5, 1860, '35714', '0000-00-00'),
(1725, 7, NULL, 'plus', 186, 5, 1870, '35714', '0000-00-00'),
(1726, 7, NULL, 'plus', 187, 5, 1880, '32405', '0000-00-00'),
(1727, 7, NULL, 'plus', 188, 5, 1890, '32405', '0000-00-00'),
(1728, 7, NULL, 'plus', 189, 5, 1900, '31663', '0000-00-00'),
(1729, 7, NULL, 'plus', 190, 5, 1910, '31663', '0000-00-00'),
(1730, 7, NULL, 'plus', 191, 5, 1920, '31663', '0000-00-00'),
(1731, 7, NULL, 'plus', 193, 5, 1940, '19954', '0000-00-00'),
(1732, 7, NULL, 'plus', 194, 5, 1950, '19954', '0000-00-00'),
(1733, 7, NULL, 'plus', 216, 5, 1970, '19954', '0000-00-00'),
(1734, 7, NULL, 'plus', 217, 5, 1980, '19954', '0000-00-00'),
(1735, 7, NULL, 'plus', 195, 5, 1990, '29381', '0000-00-00'),
(1736, 7, NULL, 'plus', 196, 5, 2000, '29381', '0000-00-00'),
(1737, 7, NULL, 'plus', 197, 5, 2010, '29381', '0000-00-00'),
(1738, 7, NULL, 'plus', 198, 5, 2020, '12574', '0000-00-00'),
(1739, 7, NULL, 'plus', 199, 5, 2030, '12574', '0000-00-00'),
(1740, 7, NULL, 'plus', 200, 5, 2040, '12574', '0000-00-00'),
(1741, 7, NULL, 'plus', 201, 5, 2050, '7544', '0000-00-00'),
(1742, 7, NULL, 'plus', 202, 5, 2060, '20331', '0000-00-00'),
(1743, 7, NULL, 'plus', 203, 5, 2070, '20331', '0000-00-00'),
(1744, 7, NULL, 'plus', 204, 5, 2080, '20331', '0000-00-00'),
(1745, 7, NULL, 'plus', 205, 5, 2090, '20331', '0000-00-00'),
(1746, 7, NULL, 'plus', 206, 5, 2100, '20331', '0000-00-00'),
(1747, 7, NULL, 'plus', 207, 5, 2110, '20331', '0000-00-00'),
(1748, 7, NULL, 'plus', 208, 5, 2120, '20331', '0000-00-00'),
(1749, 7, NULL, 'plus', 209, 5, 2130, '20331', '0000-00-00'),
(1750, 7, NULL, 'plus', 210, 5, 2140, '27728', '0000-00-00'),
(1751, 7, NULL, 'plus', 211, 5, 2150, '27728', '0000-00-00'),
(1752, 7, NULL, 'plus', 212, 5, 2160, '27728', '0000-00-00'),
(1753, 7, NULL, 'plus', 213, 5, 2170, '27728', '0000-00-00'),
(1754, 7, NULL, 'plus', 214, 5, 2180, '27728', '0000-00-00'),
(1755, 7, NULL, 'plus', 218, 5, 2190, '34219', '0000-00-00'),
(1756, 7, NULL, 'plus', 219, 5, 2200, '34219', '0000-00-00'),
(1757, 7, NULL, 'plus', 221, 5, 2210, '46822', '0000-00-00'),
(1758, 7, NULL, 'plus', 222, 5, 2220, '5260', '0000-00-00'),
(1759, 7, NULL, 'plus', 223, 5, 2230, '5260', '0000-00-00'),
(1760, 7, NULL, 'plus', 224, 5, 2240, '5260', '0000-00-00'),
(1761, 7, NULL, 'plus', 1487, 5, 2250, '5260', '0000-00-00'),
(1762, 7, NULL, 'plus', 225, 5, 2260, '21150', '0000-00-00'),
(1763, 7, NULL, 'plus', 226, 5, 2270, '21150', '0000-00-00'),
(1764, 7, NULL, 'plus', 227, 5, 2280, '21150', '0000-00-00'),
(1765, 7, NULL, 'plus', 228, 5, 2290, '21150', '0000-00-00'),
(1766, 7, NULL, 'plus', 229, 5, 2300, '21150', '0000-00-00'),
(1767, 7, NULL, 'plus', 230, 5, 2310, '21150', '0000-00-00'),
(1768, 7, NULL, 'plus', 231, 5, 2320, '15996', '0000-00-00'),
(1769, 7, NULL, 'plus', 232, 5, 2330, '9894', '0000-00-00'),
(1770, 7, NULL, 'plus', 233, 5, 2340, '13110', '0000-00-00'),
(1771, 7, NULL, 'plus', 234, 5, 2350, '13110', '0000-00-00'),
(1772, 7, NULL, 'plus', 235, 5, 2360, '13110', '0000-00-00'),
(1773, 7, NULL, 'plus', 236, 5, 2370, '13110', '0000-00-00'),
(1774, 7, NULL, 'plus', 237, 5, 2380, '13110', '0000-00-00'),
(1775, 7, NULL, 'plus', 238, 5, 2390, '13110', '0000-00-00'),
(1776, 7, NULL, 'plus', 239, 5, 2400, '13110', '0000-00-00'),
(1777, 7, NULL, 'plus', 240, 5, 2410, '13110', '0000-00-00'),
(1778, 7, NULL, 'plus', 241, 5, 2420, '13110', '0000-00-00'),
(1779, 7, NULL, 'plus', 242, 5, 2430, '13110', '0000-00-00'),
(1780, 7, NULL, 'plus', 243, 5, 2440, '13110', '0000-00-00'),
(1781, 7, NULL, 'plus', 244, 5, 2450, '13110', '0000-00-00'),
(1782, 7, NULL, 'plus', 245, 5, 2460, '24300', '0000-00-00'),
(1783, 7, NULL, 'plus', 246, 5, 2470, '24300', '0000-00-00'),
(1784, 7, NULL, 'plus', 247, 5, 2480, '24300', '0000-00-00'),
(1785, 7, NULL, 'plus', 248, 5, 2490, '24300', '0000-00-00'),
(1786, 7, NULL, 'plus', 249, 5, 2500, '24300', '0000-00-00'),
(1787, 7, NULL, 'plus', 250, 5, 2510, '24300', '0000-00-00'),
(1788, 7, NULL, 'plus', 251, 5, 2520, '24300', '0000-00-00'),
(1789, 7, NULL, 'plus', 252, 5, 2530, '24300', '0000-00-00'),
(1790, 7, NULL, 'plus', 253, 5, 2540, '24300', '0000-00-00'),
(1791, 7, NULL, 'plus', 254, 5, 2550, '24300', '0000-00-00'),
(1792, 7, NULL, 'plus', 255, 5, 2560, '24300', '0000-00-00'),
(1793, 7, NULL, 'plus', 256, 5, 2570, '24300', '0000-00-00'),
(1794, 7, NULL, 'plus', 257, 5, 2580, '24300', '0000-00-00'),
(1795, 7, NULL, 'plus', 258, 5, 2590, '24300', '0000-00-00'),
(1796, 7, NULL, 'plus', 259, 5, 2600, '24300', '0000-00-00'),
(1797, 7, NULL, 'plus', 260, 5, 2610, '24300', '0000-00-00'),
(1798, 7, NULL, 'plus', 261, 5, 2620, '24300', '0000-00-00'),
(1799, 7, NULL, 'plus', 262, 5, 2630, '24300', '0000-00-00'),
(1800, 7, NULL, 'plus', 263, 5, 2640, '24300', '0000-00-00'),
(1801, 7, NULL, 'plus', 264, 5, 2650, '9234', '0000-00-00'),
(1802, 7, NULL, 'plus', 265, 5, 2660, '25734', '0000-00-00'),
(1803, 7, NULL, 'plus', 266, 5, 2670, '25734', '0000-00-00'),
(1804, 7, NULL, 'plus', 267, 5, 2680, '25734', '0000-00-00'),
(1805, 7, NULL, 'plus', 268, 5, 2690, '25734', '0000-00-00'),
(1806, 7, NULL, 'plus', 269, 5, 2700, '25734', '0000-00-00'),
(1807, 7, NULL, 'plus', 270, 5, 2710, '114480', '0000-00-00'),
(1808, 7, NULL, 'plus', 271, 5, 2720, '82800', '0000-00-00'),
(1809, 7, NULL, 'plus', 272, 5, 2730, '39600', '0000-00-00'),
(1810, 7, NULL, 'plus', 273, 5, 2740, '90000', '0000-00-00'),
(1811, 7, NULL, 'plus', 274, 5, 2750, '42980', '0000-00-00'),
(1812, 7, NULL, 'plus', 275, 5, 2760, '92880', '0000-00-00'),
(1813, 7, NULL, 'plus', 276, 5, 2770, '39600', '0000-00-00'),
(1814, 7, NULL, 'plus', 277, 5, 2780, '82800', '0000-00-00'),
(1815, 7, NULL, 'plus', 278, 5, 2790, '40320', '0000-00-00'),
(1816, 7, NULL, 'plus', 279, 5, 2800, '37440', '0000-00-00'),
(1817, 7, NULL, 'plus', 280, 5, 2810, '48960', '0000-00-00'),
(1818, 7, NULL, 'plus', 281, 5, 2820, '48960', '0000-00-00'),
(1819, 7, NULL, 'plus', 282, 5, 2830, '86900', '0000-00-00'),
(1820, 7, NULL, 'plus', 283, 5, 2840, '100080', '0000-00-00'),
(1821, 7, NULL, 'plus', 284, 5, 2850, '100080', '0000-00-00'),
(1822, 7, NULL, 'plus', 285, 5, 2860, '100080', '0000-00-00'),
(1823, 7, NULL, 'plus', 286, 5, 2870, '41760', '0000-00-00'),
(1824, 7, NULL, 'plus', 287, 5, 2880, '41760', '0000-00-00'),
(1825, 7, NULL, 'plus', 288, 5, 2890, '41760', '0000-00-00'),
(1826, 7, NULL, 'plus', 289, 5, 2900, '119980', '0000-00-00'),
(1827, 7, NULL, 'plus', 290, 5, 2910, '53280', '0000-00-00'),
(1828, 7, NULL, 'plus', 291, 5, 2920, '53280', '0000-00-00'),
(1829, 7, NULL, 'plus', 292, 5, 2930, '53280', '0000-00-00'),
(1830, 7, NULL, 'plus', 293, 5, 2940, '53280', '0000-00-00'),
(1831, 7, NULL, 'plus', 294, 5, 2950, '53280', '0000-00-00'),
(1832, 7, NULL, 'plus', 295, 5, 2960, '27360', '0000-00-00'),
(1833, 7, NULL, 'plus', 296, 5, 2970, '27360', '0000-00-00'),
(1834, 7, NULL, 'plus', 297, 5, 2980, '27360', '0000-00-00'),
(1835, 7, NULL, 'plus', 298, 5, 2990, '27360', '0000-00-00'),
(1836, 7, NULL, 'plus', 299, 5, 3000, '63360', '0000-00-00'),
(1837, 7, NULL, 'plus', 300, 5, 3010, '20160', '0000-00-00'),
(1838, 7, NULL, 'plus', 301, 5, 3020, '43200', '0000-00-00'),
(1839, 7, NULL, 'plus', 302, 5, 3030, '25200', '0000-00-00'),
(1840, 7, NULL, 'plus', 303, 5, 3040, '48240', '0000-00-00'),
(1841, 7, NULL, 'plus', 304, 5, 3050, '27360', '0000-00-00'),
(1842, 7, NULL, 'plus', 305, 5, 3060, '25200', '0000-00-00'),
(1843, 7, NULL, 'plus', 306, 5, 3070, '25200', '0000-00-00'),
(1844, 7, NULL, 'plus', 307, 5, 3080, '36000', '0000-00-00'),
(1845, 7, NULL, 'plus', 308, 5, 3090, '36000', '0000-00-00'),
(1846, 7, NULL, 'plus', 309, 5, 3100, '36000', '0000-00-00'),
(1847, 7, NULL, 'plus', 310, 5, 3110, '36000', '0000-00-00'),
(1848, 7, NULL, 'plus', 311, 5, 3120, '58680', '0000-00-00'),
(1849, 7, NULL, 'plus', 312, 5, 3130, '41760', '0000-00-00'),
(1850, 7, NULL, 'plus', 313, 5, 3140, '33100', '0000-00-00'),
(1851, 7, NULL, 'plus', 314, 5, 3150, '59040', '0000-00-00'),
(1852, 7, NULL, 'plus', 315, 5, 3160, '38160', '0000-00-00'),
(1853, 7, NULL, 'plus', 316, 5, 3170, '64080', '0000-00-00'),
(1854, 7, NULL, 'plus', 317, 5, 3180, '92520', '0000-00-00'),
(1855, 7, NULL, 'plus', 318, 5, 3190, '92520', '0000-00-00'),
(1856, 7, NULL, 'plus', 319, 5, 3200, '92520', '0000-00-00'),
(1857, 7, NULL, 'plus', 320, 5, 3210, '42480', '0000-00-00'),
(1858, 7, NULL, 'plus', 321, 5, 3220, '42480', '0000-00-00'),
(1859, 7, NULL, 'plus', 322, 5, 3230, '42480', '0000-00-00'),
(1860, 7, NULL, 'plus', 323, 5, 3240, '35280', '0000-00-00'),
(1861, 7, NULL, 'plus', 324, 5, 3250, '42480', '0000-00-00'),
(1862, 7, NULL, 'plus', 325, 5, 3260, '42480', '0000-00-00'),
(1863, 7, NULL, 'plus', 326, 5, 3270, '42480', '0000-00-00'),
(1864, 7, NULL, 'plus', 327, 5, 3280, '42480', '0000-00-00'),
(1865, 7, NULL, 'plus', 328, 5, 3290, '42480', '0000-00-00'),
(1866, 7, NULL, 'plus', 329, 5, 3300, '35280', '0000-00-00'),
(1867, 7, NULL, 'plus', 330, 5, 3310, '35280', '0000-00-00'),
(1868, 7, NULL, 'plus', 331, 5, 3320, '35280', '0000-00-00'),
(1869, 7, NULL, 'plus', 332, 5, 3330, '35280', '0000-00-00'),
(1870, 7, NULL, 'plus', 333, 5, 3340, '35280', '0000-00-00'),
(1871, 7, NULL, 'plus', 334, 5, 3350, '35280', '0000-00-00'),
(1872, 7, NULL, 'plus', 335, 5, 3360, '35280', '0000-00-00'),
(1873, 7, NULL, 'plus', 336, 5, 3370, '35280', '0000-00-00'),
(1874, 7, NULL, 'plus', 337, 5, 3380, '35280', '0000-00-00'),
(1875, 7, NULL, 'plus', 338, 5, 3390, '35280', '0000-00-00'),
(1876, 7, NULL, 'plus', 341, 5, 3420, '82800', '0000-00-00'),
(1877, 7, NULL, 'plus', 342, 5, 3430, '82800', '0000-00-00'),
(1878, 7, NULL, 'plus', 343, 5, 3440, '82800', '0000-00-00'),
(1879, 7, NULL, 'plus', 344, 5, 3450, '32400', '0000-00-00'),
(1880, 7, NULL, 'plus', 345, 5, 3460, '32400', '0000-00-00'),
(1881, 7, NULL, 'plus', 346, 5, 3470, '75600', '0000-00-00'),
(1882, 7, NULL, 'plus', 347, 5, 3480, '75600', '0000-00-00'),
(1883, 7, NULL, 'plus', 348, 5, 3490, '75600', '0000-00-00'),
(1884, 7, NULL, 'plus', 349, 5, 3500, '75600', '0000-00-00'),
(1885, 7, NULL, 'plus', 350, 5, 3510, '75600', '0000-00-00'),
(1886, 7, NULL, 'plus', 351, 5, 3520, '75600', '0000-00-00'),
(1887, 7, NULL, 'plus', 352, 5, 3530, '75600', '0000-00-00'),
(1888, 7, NULL, 'plus', 353, 5, 3540, '75600', '0000-00-00'),
(1889, 7, NULL, 'plus', 354, 5, 3550, '50040', '0000-00-00'),
(1890, 7, NULL, 'plus', 355, 5, 3560, '50040', '0000-00-00'),
(1891, 7, NULL, 'plus', 356, 5, 3570, '50040', '0000-00-00'),
(1892, 7, NULL, 'plus', 357, 5, 3580, '41760', '0000-00-00'),
(1893, 7, NULL, 'plus', 358, 5, 3590, '41760', '0000-00-00'),
(1894, 7, NULL, 'plus', 359, 5, 3600, '41760', '0000-00-00'),
(1895, 7, NULL, 'plus', 360, 5, 3610, '41760', '0000-00-00'),
(1896, 7, NULL, 'plus', 361, 5, 3620, '59700', '0000-00-00'),
(1897, 7, NULL, 'plus', 362, 5, 3630, '59700', '0000-00-00'),
(1898, 7, NULL, 'plus', 363, 5, 3640, '64080', '0000-00-00'),
(1899, 7, NULL, 'plus', 364, 5, 3650, '49680', '0000-00-00'),
(1900, 7, NULL, 'plus', 365, 5, 3660, '49680', '0000-00-00'),
(1901, 7, NULL, 'plus', 366, 5, 3670, '52184', '0000-00-00'),
(1902, 7, NULL, 'plus', 367, 5, 3680, '52184', '0000-00-00'),
(1903, 7, NULL, 'plus', 368, 5, 3690, '52184', '0000-00-00'),
(1904, 7, NULL, 'plus', 369, 5, 3700, '52184', '0000-00-00'),
(1905, 7, NULL, 'plus', 370, 5, 3710, '20880', '0000-00-00'),
(1906, 7, NULL, 'plus', 371, 5, 3720, '20880', '0000-00-00'),
(1907, 7, NULL, 'plus', 372, 5, 3730, '25200', '0000-00-00'),
(1908, 7, NULL, 'plus', 373, 5, 3740, '15280', '0000-00-00'),
(1909, 7, NULL, 'plus', 374, 5, 3750, '15280', '0000-00-00'),
(1910, 7, NULL, 'plus', 375, 5, 3760, '15280', '0000-00-00'),
(1911, 7, NULL, 'plus', 376, 5, 3770, '15280', '0000-00-00'),
(1912, 7, NULL, 'plus', 377, 5, 3780, '15280', '0000-00-00'),
(1913, 7, NULL, 'plus', 378, 5, 3790, '15280', '0000-00-00'),
(1914, 7, NULL, 'plus', 379, 5, 3800, '15280', '0000-00-00'),
(1915, 7, NULL, 'plus', 380, 5, 3810, '10800', '0000-00-00'),
(1916, 7, NULL, 'plus', 381, 5, 3820, '37440', '0000-00-00'),
(1917, 7, NULL, 'plus', 382, 5, 3830, '28800', '0000-00-00'),
(1918, 7, NULL, 'plus', 383, 5, 3840, '28800', '0000-00-00'),
(1919, 7, NULL, 'plus', 384, 5, 3850, '32400', '0000-00-00'),
(1920, 7, NULL, 'plus', 385, 5, 3860, '61200', '0000-00-00'),
(1921, 7, NULL, 'plus', 386, 5, 3870, '63360', '0000-00-00'),
(1922, 7, NULL, 'plus', 387, 5, 3880, '46800', '0000-00-00'),
(1923, 7, NULL, 'plus', 388, 5, 3890, '61200', '0000-00-00'),
(1924, 7, NULL, 'plus', 389, 5, 3900, '61200', '0000-00-00'),
(1925, 7, NULL, 'plus', 390, 5, 3910, '61200', '0000-00-00'),
(1926, 7, NULL, 'plus', 391, 5, 3920, '61200', '0000-00-00'),
(1927, 7, NULL, 'plus', 392, 5, 3930, '61200', '0000-00-00'),
(1928, 7, NULL, 'plus', 393, 5, 3940, '61200', '0000-00-00'),
(1929, 7, NULL, 'plus', 394, 5, 3950, '61200', '0000-00-00'),
(1930, 7, NULL, 'plus', 395, 5, 3960, '61200', '0000-00-00'),
(1931, 7, NULL, 'plus', 396, 5, 3970, '61200', '0000-00-00'),
(1932, 7, NULL, 'plus', 397, 5, 3980, '61200', '0000-00-00'),
(1933, 7, NULL, 'plus', 398, 5, 3990, '61200', '0000-00-00'),
(1934, 7, NULL, 'plus', 399, 5, 4000, '66960', '0000-00-00'),
(1935, 7, NULL, 'plus', 400, 5, 4010, '66960', '0000-00-00'),
(1936, 7, NULL, 'plus', 401, 5, 4020, '66960', '0000-00-00'),
(1937, 7, NULL, 'plus', 402, 5, 4030, '66960', '0000-00-00'),
(1938, 7, NULL, 'plus', 403, 5, 4040, '66960', '0000-00-00'),
(1939, 7, NULL, 'plus', 404, 5, 4050, '49680', '0000-00-00'),
(1940, 7, NULL, 'plus', 405, 5, 4060, '49680', '0000-00-00'),
(1941, 7, NULL, 'plus', 406, 5, 4070, '49680', '0000-00-00'),
(1942, 7, NULL, 'plus', 407, 5, 4080, '49680', '0000-00-00'),
(1943, 7, NULL, 'plus', 408, 5, 4090, '49680', '0000-00-00'),
(1944, 7, NULL, 'plus', 409, 5, 4100, '49680', '0000-00-00'),
(1945, 7, NULL, 'plus', 410, 5, 4110, '49680', '0000-00-00'),
(1946, 7, NULL, 'plus', 411, 5, 4120, '49680', '0000-00-00'),
(1947, 7, NULL, 'plus', 412, 5, 4130, '49680', '0000-00-00'),
(1948, 7, NULL, 'plus', 413, 5, 4140, '49680', '0000-00-00'),
(1949, 7, NULL, 'plus', 414, 5, 4150, '32400', '0000-00-00'),
(1950, 7, NULL, 'plus', 415, 5, 4160, '32400', '0000-00-00'),
(1951, 7, NULL, 'plus', 416, 5, 4170, '32400', '0000-00-00'),
(1952, 7, NULL, 'plus', 417, 5, 4180, '32400', '0000-00-00'),
(1953, 7, NULL, 'plus', 418, 5, 4190, '32400', '0000-00-00'),
(1954, 7, NULL, 'plus', 419, 5, 4200, '54000', '0000-00-00'),
(1955, 7, NULL, 'plus', 420, 5, 4210, '54000', '0000-00-00'),
(1956, 7, NULL, 'plus', 421, 5, 4220, '54000', '0000-00-00'),
(1957, 7, NULL, 'plus', 422, 5, 4230, '56880', '0000-00-00'),
(1958, 7, NULL, 'plus', 423, 5, 4240, '56880', '0000-00-00'),
(1959, 7, NULL, 'plus', 424, 5, 4250, '56880', '0000-00-00'),
(1960, 7, NULL, 'plus', 425, 5, 4260, '56880', '0000-00-00'),
(1961, 7, NULL, 'plus', 426, 5, 4270, '36000', '0000-00-00'),
(1962, 7, NULL, 'plus', 427, 5, 4280, '36000', '0000-00-00'),
(1963, 7, NULL, 'plus', 428, 5, 4290, '64080', '0000-00-00'),
(1964, 7, NULL, 'plus', 429, 5, 4300, '64080', '0000-00-00'),
(1965, 7, NULL, 'plus', 430, 5, 4310, '64080', '0000-00-00'),
(1966, 7, NULL, 'plus', 431, 5, 4320, '85680', '0000-00-00'),
(1967, 7, NULL, 'plus', 432, 5, 4330, '85680', '0000-00-00'),
(1968, 7, NULL, 'plus', 433, 5, 4340, '85680', '0000-00-00'),
(1969, 7, NULL, 'plus', 434, 5, 4350, '49680', '0000-00-00'),
(1970, 7, NULL, 'plus', 435, 5, 4360, '49680', '0000-00-00'),
(1971, 7, NULL, 'plus', 436, 5, 4370, '166400', '0000-00-00'),
(1972, 7, NULL, 'plus', 437, 5, 4380, '166400', '0000-00-00'),
(1973, 7, NULL, 'plus', 438, 5, 4390, '166400', '0000-00-00'),
(1974, 7, NULL, 'plus', 439, 5, 4400, '166400', '0000-00-00'),
(1975, 7, NULL, 'plus', 440, 5, 4410, '166400', '0000-00-00'),
(1976, 7, NULL, 'plus', 441, 5, 4420, '112000', '0000-00-00'),
(1977, 7, NULL, 'plus', 442, 5, 4430, '112000', '0000-00-00'),
(1978, 7, NULL, 'plus', 443, 5, 4440, '112000', '0000-00-00'),
(1979, 7, NULL, 'plus', 444, 5, 4450, '112000', '0000-00-00'),
(1980, 7, NULL, 'plus', 445, 5, 4460, '112000', '0000-00-00'),
(1981, 7, NULL, 'plus', 446, 5, 4470, '146420', '0000-00-00'),
(1982, 7, NULL, 'plus', 447, 5, 4480, '146420', '0000-00-00'),
(1983, 7, NULL, 'plus', 448, 5, 4490, '146420', '0000-00-00'),
(1984, 7, NULL, 'plus', 449, 5, 4500, '146420', '0000-00-00'),
(1985, 7, NULL, 'plus', 450, 5, 4510, '146420', '0000-00-00'),
(1986, 7, NULL, 'plus', 451, 5, 4520, '147200', '0000-00-00'),
(1987, 7, NULL, 'plus', 452, 5, 4530, '129600', '0000-00-00'),
(1988, 7, NULL, 'plus', 453, 5, 4540, '129600', '0000-00-00'),
(1989, 7, NULL, 'plus', 454, 5, 4550, '129600', '0000-00-00'),
(1990, 7, NULL, 'plus', 455, 5, 4560, '129600', '0000-00-00'),
(1991, 7, NULL, 'plus', 456, 5, 4570, '76800', '0000-00-00'),
(1992, 7, NULL, 'plus', 457, 5, 4580, '92020', '0000-00-00'),
(1993, 7, NULL, 'plus', 458, 5, 4590, '92020', '0000-00-00'),
(1994, 7, NULL, 'plus', 459, 5, 4600, '92020', '0000-00-00'),
(1995, 7, NULL, 'plus', 460, 5, 4610, '92020', '0000-00-00'),
(1996, 7, NULL, 'plus', 461, 5, 4620, '92020', '0000-00-00'),
(1997, 7, NULL, 'plus', 462, 5, 4630, '92020', '0000-00-00'),
(1998, 7, NULL, 'plus', 463, 5, 4640, '92020', '0000-00-00'),
(1999, 7, NULL, 'plus', 464, 5, 4650, '92020', '0000-00-00'),
(2000, 7, NULL, 'plus', 465, 5, 4660, '122400', '0000-00-00'),
(2001, 7, NULL, 'plus', 466, 5, 4670, '122400', '0000-00-00'),
(2002, 7, NULL, 'plus', 467, 5, 4680, '122400', '0000-00-00'),
(2003, 7, NULL, 'plus', 468, 5, 4690, '122400', '0000-00-00'),
(2004, 7, NULL, 'plus', 469, 5, 4700, '80800', '0000-00-00'),
(2005, 7, NULL, 'plus', 470, 5, 4710, '80800', '0000-00-00'),
(2006, 7, NULL, 'plus', 471, 5, 4720, '80800', '0000-00-00'),
(2007, 7, NULL, 'plus', 472, 5, 4730, '80800', '0000-00-00'),
(2008, 7, NULL, 'plus', 473, 5, 4740, '102400', '0000-00-00'),
(2009, 7, NULL, 'plus', 474, 5, 4750, '102400', '0000-00-00'),
(2010, 7, NULL, 'plus', 475, 5, 4760, '102400', '0000-00-00'),
(2011, 7, NULL, 'plus', 476, 5, 4770, '102400', '0000-00-00'),
(2012, 7, NULL, 'plus', 477, 5, 4780, '94400', '0000-00-00'),
(2013, 7, NULL, 'plus', 478, 5, 4790, '94400', '0000-00-00'),
(2014, 7, NULL, 'plus', 479, 5, 4800, '94400', '0000-00-00'),
(2015, 7, NULL, 'plus', 480, 5, 4810, '94400', '0000-00-00'),
(2016, 7, NULL, 'plus', 481, 5, 4820, '110400', '0000-00-00'),
(2017, 7, NULL, 'plus', 482, 5, 4830, '110400', '0000-00-00'),
(2018, 7, NULL, 'plus', 483, 5, 4840, '110400', '0000-00-00'),
(2019, 7, NULL, 'plus', 484, 5, 4850, '110400', '0000-00-00'),
(2020, 7, NULL, 'plus', 485, 5, 4860, '89600', '0000-00-00'),
(2021, 7, NULL, 'plus', 486, 5, 4870, '64800', '0000-00-00'),
(2022, 7, NULL, 'plus', 487, 5, 4880, '64800', '0000-00-00'),
(2023, 7, NULL, 'plus', 488, 5, 4890, '110400', '0000-00-00'),
(2024, 7, NULL, 'plus', 489, 5, 4900, '97600', '0000-00-00'),
(2025, 7, NULL, 'plus', 490, 5, 4910, '97600', '0000-00-00'),
(2026, 7, NULL, 'plus', 491, 5, 4920, '97600', '0000-00-00'),
(2027, 7, NULL, 'plus', 492, 5, 4930, '97600', '0000-00-00'),
(2028, 7, NULL, 'plus', 540, 5, 4940, '97600', '0000-00-00'),
(2029, 7, NULL, 'plus', 493, 5, 4950, '20081', '0000-00-00'),
(2030, 7, NULL, 'plus', 494, 5, 4960, '20081', '0000-00-00'),
(2031, 7, NULL, 'plus', 495, 5, 4970, '20081', '0000-00-00'),
(2032, 7, NULL, 'plus', 496, 5, 4980, '20081', '0000-00-00'),
(2033, 7, NULL, 'plus', 497, 5, 4990, '20081', '0000-00-00'),
(2034, 7, NULL, 'plus', 498, 5, 5000, '20081', '0000-00-00'),
(2035, 7, NULL, 'plus', 499, 5, 5010, '20081', '0000-00-00'),
(2036, 7, NULL, 'plus', 500, 5, 5020, '20081', '0000-00-00'),
(2037, 7, NULL, 'plus', 501, 5, 5030, '20081', '0000-00-00'),
(2038, 7, NULL, 'plus', 502, 5, 5040, '20081', '0000-00-00'),
(2039, 7, NULL, 'plus', 503, 5, 5050, '151200', '0000-00-00'),
(2040, 7, NULL, 'plus', 504, 5, 5060, '94400', '0000-00-00'),
(2041, 7, NULL, 'plus', 505, 5, 5070, '90400', '0000-00-00'),
(2042, 7, NULL, 'plus', 506, 5, 5080, '90400', '0000-00-00'),
(2043, 7, NULL, 'plus', 507, 5, 5090, '90400', '0000-00-00'),
(2044, 7, NULL, 'plus', 508, 5, 5100, '81600', '0000-00-00'),
(2045, 7, NULL, 'plus', 509, 5, 5110, '81600', '0000-00-00'),
(2046, 7, NULL, 'plus', 510, 5, 5120, '81600', '0000-00-00'),
(2047, 7, NULL, 'plus', 511, 5, 5130, '81600', '0000-00-00'),
(2048, 7, NULL, 'plus', 512, 5, 5140, '81600', '0000-00-00'),
(2049, 7, NULL, 'plus', 513, 5, 5150, '81600', '0000-00-00'),
(2050, 7, NULL, 'plus', 514, 5, 5160, '81600', '0000-00-00'),
(2051, 7, NULL, 'plus', 515, 5, 5170, '81600', '0000-00-00'),
(2052, 7, NULL, 'plus', 516, 5, 5180, '81600', '0000-00-00'),
(2053, 7, NULL, 'plus', 517, 5, 5190, '81600', '0000-00-00'),
(2054, 7, NULL, 'plus', 518, 5, 5200, '81600', '0000-00-00'),
(2055, 7, NULL, 'plus', 519, 5, 5210, '81600', '0000-00-00'),
(2056, 7, NULL, 'plus', 520, 5, 5220, '81600', '0000-00-00'),
(2057, 7, NULL, 'plus', 521, 5, 5230, '81600', '0000-00-00'),
(2058, 7, NULL, 'plus', 522, 5, 5240, '81600', '0000-00-00'),
(2059, 7, NULL, 'plus', 523, 5, 5250, '81600', '0000-00-00'),
(2060, 7, NULL, 'plus', 524, 5, 5260, '81600', '0000-00-00'),
(2061, 7, NULL, 'plus', 525, 5, 5270, '81600', '0000-00-00'),
(2062, 7, NULL, 'plus', 526, 5, 5280, '81600', '0000-00-00'),
(2063, 7, NULL, 'plus', 527, 5, 5290, '81600', '0000-00-00'),
(2064, 7, NULL, 'plus', 528, 5, 5300, '77600', '0000-00-00'),
(2065, 7, NULL, 'plus', 529, 5, 5310, '77600', '0000-00-00'),
(2066, 7, NULL, 'plus', 530, 5, 5320, '77600', '0000-00-00'),
(2067, 7, NULL, 'plus', 531, 5, 5330, '77600', '0000-00-00'),
(2068, 7, NULL, 'plus', 532, 5, 5340, '77600', '0000-00-00'),
(2069, 7, NULL, 'plus', 533, 5, 5350, '48000', '0000-00-00'),
(2070, 7, NULL, 'plus', 534, 5, 5360, '48000', '0000-00-00'),
(2071, 7, NULL, 'plus', 535, 5, 5370, '28785', '0000-00-00'),
(2072, 7, NULL, 'plus', 536, 5, 5380, '28785', '0000-00-00'),
(2073, 7, NULL, 'plus', 537, 5, 5390, '28785', '0000-00-00'),
(2074, 7, NULL, 'plus', 538, 5, 5400, '28785', '0000-00-00'),
(2075, 7, NULL, 'plus', 539, 5, 5410, '65600', '0000-00-00'),
(2076, 7, NULL, 'plus', 541, 5, 5420, '94400', '0000-00-00'),
(2077, 7, NULL, 'plus', 542, 5, 5430, '48000', '0000-00-00'),
(2078, 7, NULL, 'plus', 543, 5, 5440, '72800', '0000-00-00'),
(2079, 7, NULL, 'plus', 544, 5, 5450, '122400', '0000-00-00'),
(2080, 7, NULL, 'plus', 545, 5, 5460, '89600', '0000-00-00'),
(2081, 7, NULL, 'plus', 546, 5, 5470, '89600', '0000-00-00'),
(2082, 7, NULL, 'plus', 547, 5, 5480, '89600', '0000-00-00'),
(2083, 7, NULL, 'plus', 548, 5, 5490, '64800', '0000-00-00'),
(2084, 7, NULL, 'plus', 549, 5, 5500, '77600', '0000-00-00'),
(2085, 7, NULL, 'plus', 550, 5, 5510, '77600', '0000-00-00'),
(2086, 7, NULL, 'plus', 551, 5, 5520, '77600', '0000-00-00'),
(2087, 7, NULL, 'plus', 552, 5, 5530, '77600', '0000-00-00'),
(2088, 7, NULL, 'plus', 553, 5, 5540, '77600', '0000-00-00'),
(2089, 7, NULL, 'plus', 554, 5, 5550, '77600', '0000-00-00'),
(2090, 7, NULL, 'plus', 555, 5, 5560, '18400', '0000-00-00'),
(2091, 7, NULL, 'plus', 556, 5, 5570, '18400', '0000-00-00'),
(2092, 7, NULL, 'plus', 557, 5, 5580, '12400', '0000-00-00'),
(2093, 7, NULL, 'plus', 558, 5, 5590, '21200', '0000-00-00'),
(2094, 7, NULL, 'plus', 559, 5, 5600, '11200', '0000-00-00'),
(2095, 7, NULL, 'plus', 560, 5, 5610, '21200', '0000-00-00'),
(2096, 7, NULL, 'plus', 561, 5, 5620, '17200', '0000-00-00'),
(2097, 7, NULL, 'plus', 562, 5, 5630, '26000', '0000-00-00'),
(2098, 7, NULL, 'plus', 563, 5, 5640, '26000', '0000-00-00'),
(2099, 7, NULL, 'plus', 564, 5, 5650, '98000', '0000-00-00'),
(2100, 7, NULL, 'plus', 565, 5, 5660, '98000', '0000-00-00'),
(2101, 7, NULL, 'plus', 570, 5, 5670, '98000', '0000-00-00'),
(2102, 7, NULL, 'plus', 571, 5, 5680, '98000', '0000-00-00'),
(2103, 7, NULL, 'plus', 572, 5, 5690, '98000', '0000-00-00'),
(2104, 7, NULL, 'plus', 573, 5, 5700, '98000', '0000-00-00'),
(2105, 7, NULL, 'plus', 566, 5, 5710, '40800', '0000-00-00'),
(2106, 7, NULL, 'plus', 567, 5, 5720, '40800', '0000-00-00'),
(2107, 7, NULL, 'plus', 568, 5, 5730, '40800', '0000-00-00'),
(2108, 7, NULL, 'plus', 569, 5, 5740, '40800', '0000-00-00'),
(2109, 7, NULL, 'plus', 574, 5, 5750, '42400', '0000-00-00'),
(2110, 7, NULL, 'plus', 575, 5, 5760, '42400', '0000-00-00'),
(2111, 7, NULL, 'plus', 576, 5, 5770, '42400', '0000-00-00'),
(2112, 7, NULL, 'plus', 577, 5, 5780, '42400', '0000-00-00'),
(2113, 7, NULL, 'plus', 578, 5, 5790, '26800', '0000-00-00'),
(2114, 7, NULL, 'plus', 579, 5, 5800, '26800', '0000-00-00'),
(2115, 7, NULL, 'plus', 580, 5, 5810, '26800', '0000-00-00'),
(2116, 7, NULL, 'plus', 581, 5, 5820, '26800', '0000-00-00'),
(2117, 7, NULL, 'plus', 582, 5, 5830, '18800', '0000-00-00'),
(2118, 7, NULL, 'plus', 583, 5, 5840, '26400', '0000-00-00'),
(2119, 7, NULL, 'plus', 584, 5, 5850, '14400', '0000-00-00'),
(2120, 7, NULL, 'plus', 585, 5, 5860, '18400', '0000-00-00'),
(2121, 7, NULL, 'plus', 586, 5, 5870, '22400', '0000-00-00'),
(2122, 7, NULL, 'plus', 589, 5, 5900, '20400', '0000-00-00'),
(2123, 7, NULL, 'plus', 590, 5, 5910, '24000', '0000-00-00'),
(2124, 7, NULL, 'plus', 591, 5, 5920, '30400', '0000-00-00'),
(2125, 7, NULL, 'plus', 592, 5, 5930, '22000', '0000-00-00'),
(2126, 7, NULL, 'plus', 593, 5, 5940, '25200', '0000-00-00'),
(2127, 7, NULL, 'plus', 594, 5, 5950, '25200', '0000-00-00'),
(2128, 7, NULL, 'plus', 595, 5, 5960, '22400', '0000-00-00'),
(2129, 7, NULL, 'plus', 596, 5, 5970, '21200', '0000-00-00'),
(2130, 7, NULL, 'plus', 597, 5, 5980, '18000', '0000-00-00'),
(2131, 7, NULL, 'plus', 598, 5, 5990, '30791', '0000-00-00'),
(2132, 7, NULL, 'plus', 599, 5, 6000, '30791', '0000-00-00'),
(2133, 7, NULL, 'plus', 600, 5, 6010, '30791', '0000-00-00'),
(2134, 7, NULL, 'plus', 601, 5, 6020, '30791', '0000-00-00'),
(2135, 7, NULL, 'plus', 602, 5, 6030, '30791', '0000-00-00'),
(2136, 7, NULL, 'plus', 603, 5, 6040, '30791', '0000-00-00'),
(2137, 7, NULL, 'plus', 604, 5, 6050, '30791', '0000-00-00'),
(2138, 7, NULL, 'plus', 605, 5, 6060, '30791', '0000-00-00'),
(2139, 7, NULL, 'plus', 606, 5, 6070, '30791', '0000-00-00'),
(2140, 7, NULL, 'plus', 607, 5, 6080, '30791', '0000-00-00'),
(2141, 7, NULL, 'plus', 608, 5, 6090, '30791', '0000-00-00'),
(2142, 7, NULL, 'plus', 609, 5, 6100, '30791', '0000-00-00'),
(2143, 7, NULL, 'plus', 610, 5, 6110, '30791', '0000-00-00'),
(2144, 7, NULL, 'plus', 611, 5, 6120, '30791', '0000-00-00'),
(2145, 7, NULL, 'plus', 612, 5, 6130, '30791', '0000-00-00'),
(2146, 7, NULL, 'plus', 613, 5, 6140, '36000', '0000-00-00'),
(2147, 7, NULL, 'plus', 614, 5, 6150, '36000', '0000-00-00'),
(2148, 7, NULL, 'plus', 615, 5, 6160, '36000', '0000-00-00'),
(2149, 7, NULL, 'plus', 616, 5, 6170, '36000', '0000-00-00'),
(2150, 7, NULL, 'plus', 617, 5, 6180, '36000', '0000-00-00'),
(2151, 7, NULL, 'plus', 618, 5, 6190, '36000', '0000-00-00'),
(2152, 7, NULL, 'plus', 619, 5, 6200, '34400', '0000-00-00'),
(2153, 7, NULL, 'plus', 620, 5, 6210, '34400', '0000-00-00'),
(2154, 7, NULL, 'plus', 621, 5, 6220, '34400', '0000-00-00'),
(2155, 7, NULL, 'plus', 622, 5, 6230, '34400', '0000-00-00'),
(2156, 7, NULL, 'plus', 623, 5, 6240, '34400', '0000-00-00'),
(2157, 7, NULL, 'plus', 624, 5, 6250, '24400', '0000-00-00'),
(2158, 7, NULL, 'plus', 625, 5, 6260, '24400', '0000-00-00'),
(2159, 7, NULL, 'plus', 626, 5, 6270, '24400', '0000-00-00'),
(2160, 7, NULL, 'plus', 627, 5, 6280, '36800', '0000-00-00'),
(2161, 7, NULL, 'plus', 628, 5, 6290, '36800', '0000-00-00'),
(2162, 7, NULL, 'plus', 629, 5, 6300, '36800', '0000-00-00'),
(2163, 7, NULL, 'plus', 630, 5, 6310, '36800', '0000-00-00'),
(2164, 7, NULL, 'plus', 631, 5, 6320, '36800', '0000-00-00'),
(2165, 7, NULL, 'plus', 632, 5, 6330, '19188', '0000-00-00'),
(2166, 7, NULL, 'plus', 633, 5, 6340, '19188', '0000-00-00'),
(2167, 7, NULL, 'plus', 634, 5, 6350, '19188', '0000-00-00'),
(2168, 7, NULL, 'plus', 635, 5, 6360, '19188', '0000-00-00'),
(2169, 7, NULL, 'plus', 636, 5, 6370, '19188', '0000-00-00'),
(2170, 7, NULL, 'plus', 637, 5, 6380, '19188', '0000-00-00'),
(2171, 7, NULL, 'plus', 638, 5, 6390, '19188', '0000-00-00'),
(2172, 7, NULL, 'plus', 639, 5, 6400, '19188', '0000-00-00'),
(2173, 7, NULL, 'plus', 640, 5, 6410, '19188', '0000-00-00'),
(2174, 7, NULL, 'plus', 641, 5, 6420, '20081', '0000-00-00'),
(2175, 7, NULL, 'plus', 642, 5, 6430, '20081', '0000-00-00'),
(2176, 7, NULL, 'plus', 643, 5, 6440, '20081', '0000-00-00'),
(2177, 7, NULL, 'plus', 644, 5, 6450, '20081', '0000-00-00'),
(2178, 7, NULL, 'plus', 645, 5, 6460, '20081', '0000-00-00'),
(2179, 7, NULL, 'plus', 646, 5, 6470, '20081', '0000-00-00'),
(2180, 7, NULL, 'plus', 647, 5, 6480, '48800', '0000-00-00'),
(2181, 7, NULL, 'plus', 648, 5, 6490, '38800', '0000-00-00'),
(2182, 7, NULL, 'plus', 649, 5, 6500, '30400', '0000-00-00'),
(2183, 7, NULL, 'plus', 650, 5, 6510, '42400', '0000-00-00'),
(2184, 7, NULL, 'plus', 651, 5, 6520, '29200', '0000-00-00'),
(2185, 7, NULL, 'plus', 652, 5, 6530, '29200', '0000-00-00'),
(2186, 7, NULL, 'plus', 653, 5, 6540, '13600', '0000-00-00'),
(2187, 7, NULL, 'plus', 654, 5, 6550, '19200', '0000-00-00'),
(2188, 7, NULL, 'plus', 655, 5, 6560, '38000', '0000-00-00'),
(2189, 7, NULL, 'plus', 656, 5, 6570, '16400', '0000-00-00'),
(2190, 7, NULL, 'plus', 657, 5, 6580, '32400', '0000-00-00'),
(2191, 7, NULL, 'plus', 658, 5, 6590, '38400', '0000-00-00'),
(2192, 7, NULL, 'plus', 659, 5, 6600, '36000', '0000-00-00'),
(2193, 7, NULL, 'plus', 660, 5, 6610, '22000', '0000-00-00'),
(2194, 7, NULL, 'plus', 661, 5, 6620, '12800', '0000-00-00'),
(2195, 7, NULL, 'plus', 662, 5, 6630, '43200', '0000-00-00'),
(2196, 7, NULL, 'plus', 663, 5, 6640, '63325', '0000-00-00'),
(2197, 7, NULL, 'plus', 664, 5, 6650, '35959', '0000-00-00'),
(2198, 7, NULL, 'plus', 665, 5, 6660, '12240', '0000-00-00'),
(2199, 7, NULL, 'plus', 666, 5, 6670, '12240', '0000-00-00'),
(2200, 7, NULL, 'plus', 667, 5, 6680, '11900', '0000-00-00'),
(2201, 7, NULL, 'plus', 668, 5, 6690, '11900', '0000-00-00'),
(2202, 7, NULL, 'plus', 669, 5, 6700, '20825', '0000-00-00'),
(2203, 7, NULL, 'plus', 670, 5, 6710, '20825', '0000-00-00'),
(2204, 7, NULL, 'plus', 671, 5, 6720, '20825', '0000-00-00'),
(2205, 7, NULL, 'plus', 672, 5, 6730, '20825', '0000-00-00'),
(2206, 7, NULL, 'plus', 673, 5, 6740, '8245', '0000-00-00'),
(2207, 7, NULL, 'plus', 674, 5, 6750, '45175', '0000-00-00'),
(2208, 7, NULL, 'plus', 675, 5, 6760, '30515', '0000-00-00'),
(2209, 7, NULL, 'plus', 676, 5, 6770, '15810', '0000-00-00'),
(2210, 7, NULL, 'plus', 677, 5, 6780, '15810', '0000-00-00'),
(2211, 7, NULL, 'plus', 678, 5, 6790, '15810', '0000-00-00'),
(2212, 7, NULL, 'plus', 679, 5, 6800, '15810', '0000-00-00'),
(2213, 7, NULL, 'plus', 680, 5, 6810, '15810', '0000-00-00'),
(2214, 7, NULL, 'plus', 681, 5, 6820, '15810', '0000-00-00'),
(2215, 7, NULL, 'plus', 682, 5, 6830, '15810', '0000-00-00'),
(2216, 7, NULL, 'plus', 683, 5, 6840, '15810', '0000-00-00'),
(2217, 7, NULL, 'plus', 684, 5, 6850, '15810', '0000-00-00'),
(2218, 7, NULL, 'plus', 685, 5, 6860, '15810', '0000-00-00'),
(2219, 7, NULL, 'plus', 686, 5, 6870, '15810', '0000-00-00'),
(2220, 7, NULL, 'plus', 687, 5, 6880, '15810', '0000-00-00'),
(2221, 7, NULL, 'plus', 688, 5, 6890, '15810', '0000-00-00'),
(2222, 7, NULL, 'plus', 689, 5, 6900, '15810', '0000-00-00'),
(2223, 7, NULL, 'plus', 690, 5, 6910, '15810', '0000-00-00'),
(2224, 7, NULL, 'plus', 691, 5, 6920, '5533', '0000-00-00'),
(2225, 7, NULL, 'plus', 692, 5, 6930, '5477', '0000-00-00'),
(2226, 7, NULL, 'plus', 693, 5, 6940, '5477', '0000-00-00'),
(2227, 7, NULL, 'plus', 694, 5, 6950, '5477', '0000-00-00'),
(2228, 7, NULL, 'plus', 695, 5, 6960, '5477', '0000-00-00'),
(2229, 7, NULL, 'plus', 696, 5, 6970, '5477', '0000-00-00'),
(2230, 7, NULL, 'plus', 697, 5, 6980, '14229', '0000-00-00'),
(2231, 7, NULL, 'plus', 698, 5, 6990, '14229', '0000-00-00'),
(2232, 7, NULL, 'plus', 699, 5, 7000, '14229', '0000-00-00'),
(2233, 7, NULL, 'plus', 700, 5, 7010, '14229', '0000-00-00'),
(2234, 7, NULL, 'plus', 701, 5, 7020, '3557', '0000-00-00'),
(2235, 7, NULL, 'plus', 702, 5, 7030, '28400', '0000-00-00'),
(2236, 7, NULL, 'plus', 703, 5, 7040, '28400', '0000-00-00'),
(2237, 7, NULL, 'plus', 704, 5, 7050, '52800', '0000-00-00'),
(2238, 7, NULL, 'plus', 705, 5, 7060, '52800', '0000-00-00'),
(2239, 7, NULL, 'plus', 706, 5, 7070, '52800', '0000-00-00'),
(2240, 7, NULL, 'plus', 707, 5, 7080, '52800', '0000-00-00'),
(2241, 7, NULL, 'plus', 708, 5, 7090, '18800', '0000-00-00'),
(2242, 7, NULL, 'plus', 709, 5, 7100, '18400', '0000-00-00'),
(2243, 7, NULL, 'plus', 710, 5, 7110, '18400', '0000-00-00'),
(2244, 7, NULL, 'plus', 711, 5, 7120, '18400', '0000-00-00'),
(2245, 7, NULL, 'plus', 712, 5, 7130, '37440', '0000-00-00'),
(2246, 7, NULL, 'plus', 713, 5, 7140, '44460', '0000-00-00'),
(2247, 7, NULL, 'plus', 714, 5, 7150, '31200', '0000-00-00'),
(2248, 7, NULL, 'plus', 715, 5, 7160, '31200', '0000-00-00'),
(2249, 7, NULL, 'plus', 716, 5, 7170, '26520', '0000-00-00'),
(2250, 7, NULL, 'plus', 717, 5, 7180, '31200', '0000-00-00'),
(2251, 7, NULL, 'plus', 718, 5, 7190, '31200', '0000-00-00'),
(2252, 7, NULL, 'plus', 719, 5, 7200, '37440', '0000-00-00'),
(2253, 7, NULL, 'plus', 720, 5, 7210, '31200', '0000-00-00'),
(2254, 7, NULL, 'plus', 721, 5, 7220, '35100', '0000-00-00'),
(2255, 7, NULL, 'plus', 722, 5, 7230, '31200', '0000-00-00'),
(2256, 7, NULL, 'plus', 723, 5, 7240, '31200', '0000-00-00'),
(2257, 7, NULL, 'plus', 724, 5, 7250, '37440', '0000-00-00'),
(2258, 7, NULL, 'plus', 725, 5, 7260, '38220', '0000-00-00'),
(2259, 7, NULL, 'plus', 726, 5, 7270, '39000', '0000-00-00'),
(2260, 7, NULL, 'plus', 727, 5, 7280, '39000', '0000-00-00'),
(2261, 7, NULL, 'plus', 728, 5, 7290, '62400', '0000-00-00'),
(2262, 7, NULL, 'plus', 729, 5, 7300, '94400', '0000-00-00'),
(2263, 7, NULL, 'plus', 730, 5, 7310, '39000', '0000-00-00'),
(2264, 7, NULL, 'plus', 731, 5, 7320, '39000', '0000-00-00'),
(2265, 7, NULL, 'plus', 732, 5, 7330, '47580', '0000-00-00'),
(2266, 7, NULL, 'plus', 733, 5, 7340, '64080', '0000-00-00'),
(2267, 7, NULL, 'plus', 734, 5, 7350, '64080', '0000-00-00'),
(2268, 7, NULL, 'plus', 735, 5, 7360, '64080', '0000-00-00'),
(2269, 7, NULL, 'plus', 736, 5, 7370, '64080', '0000-00-00'),
(2270, 7, NULL, 'plus', 737, 5, 7380, '53040', '0000-00-00'),
(2271, 7, NULL, 'plus', 896, 5, 7390, '53040', '0000-00-00'),
(2272, 7, NULL, 'plus', 897, 5, 7400, '53040', '0000-00-00'),
(2273, 7, NULL, 'plus', 898, 5, 7410, '53040', '0000-00-00'),
(2274, 7, NULL, 'plus', 899, 5, 7420, '53040', '0000-00-00'),
(2275, 7, NULL, 'plus', 900, 5, 7430, '53040', '0000-00-00'),
(2276, 7, NULL, 'plus', 901, 5, 7440, '53040', '0000-00-00'),
(2277, 7, NULL, 'plus', 902, 5, 7450, '53040', '0000-00-00'),
(2278, 7, NULL, 'plus', 738, 5, 7460, '38220', '0000-00-00'),
(2279, 7, NULL, 'plus', 739, 5, 7470, '35880', '0000-00-00'),
(2280, 7, NULL, 'plus', 740, 5, 7480, '35880', '0000-00-00'),
(2281, 7, NULL, 'plus', 741, 5, 7490, '35880', '0000-00-00'),
(2282, 7, NULL, 'plus', 742, 5, 7500, '35880', '0000-00-00'),
(2283, 7, NULL, 'plus', 743, 5, 7510, '35880', '0000-00-00'),
(2284, 7, NULL, 'plus', 744, 5, 7520, '67800', '0000-00-00'),
(2285, 7, NULL, 'plus', 745, 5, 7530, '19188', '0000-00-00'),
(2286, 7, NULL, 'plus', 746, 5, 7540, '19188', '0000-00-00'),
(2287, 7, NULL, 'plus', 747, 5, 7550, '19188', '0000-00-00'),
(2288, 7, NULL, 'plus', 748, 5, 7560, '19188', '0000-00-00'),
(2289, 7, NULL, 'plus', 749, 5, 7570, '19188', '0000-00-00'),
(2290, 7, NULL, 'plus', 750, 5, 7580, '19188', '0000-00-00'),
(2291, 7, NULL, 'plus', 751, 5, 7590, '19188', '0000-00-00'),
(2292, 7, NULL, 'plus', 752, 5, 7600, '19188', '0000-00-00'),
(2293, 7, NULL, 'plus', 753, 5, 7610, '20081', '0000-00-00'),
(2294, 7, NULL, 'plus', 754, 5, 7620, '20081', '0000-00-00'),
(2295, 7, NULL, 'plus', 755, 5, 7630, '20081', '0000-00-00'),
(2296, 7, NULL, 'plus', 756, 5, 7640, '20081', '0000-00-00'),
(2297, 7, NULL, 'plus', 757, 5, 7650, '20081', '0000-00-00'),
(2298, 7, NULL, 'plus', 758, 5, 7660, '20081', '0000-00-00'),
(2299, 7, NULL, 'plus', 759, 5, 7670, '20081', '0000-00-00'),
(2300, 7, NULL, 'plus', 760, 5, 7680, '20081', '0000-00-00'),
(2301, 7, NULL, 'plus', 761, 5, 7690, '41800', '0000-00-00'),
(2302, 7, NULL, 'plus', 762, 5, 7700, '41800', '0000-00-00'),
(2303, 7, NULL, 'plus', 763, 5, 7710, '41800', '0000-00-00'),
(2304, 7, NULL, 'plus', 764, 5, 7720, '41800', '0000-00-00'),
(2305, 7, NULL, 'plus', 765, 5, 7730, '41800', '0000-00-00'),
(2306, 7, NULL, 'plus', 766, 5, 7740, '41800', '0000-00-00'),
(2307, 7, NULL, 'plus', 767, 5, 7750, '41800', '0000-00-00'),
(2308, 7, NULL, 'plus', 768, 5, 7760, '41800', '0000-00-00'),
(2309, 7, NULL, 'plus', 769, 5, 7770, '41800', '0000-00-00'),
(2310, 7, NULL, 'plus', 770, 5, 7780, '41800', '0000-00-00'),
(2311, 7, NULL, 'plus', 771, 5, 7790, '41800', '0000-00-00'),
(2312, 7, NULL, 'plus', 772, 5, 7800, '41800', '0000-00-00'),
(2313, 7, NULL, 'plus', 773, 5, 7810, '41800', '0000-00-00'),
(2314, 7, NULL, 'plus', 774, 5, 7820, '41800', '0000-00-00'),
(2315, 7, NULL, 'plus', 775, 5, 7830, '41800', '0000-00-00'),
(2316, 7, NULL, 'plus', 776, 5, 7840, '41800', '0000-00-00'),
(2317, 7, NULL, 'plus', 777, 5, 7850, '41800', '0000-00-00'),
(2318, 7, NULL, 'plus', 778, 5, 7860, '41800', '0000-00-00'),
(2319, 7, NULL, 'plus', 779, 5, 7870, '41800', '0000-00-00'),
(2320, 7, NULL, 'plus', 780, 5, 7880, '41800', '0000-00-00'),
(2321, 7, NULL, 'plus', 781, 5, 7890, '41800', '0000-00-00'),
(2322, 7, NULL, 'plus', 782, 5, 7900, '41800', '0000-00-00'),
(2323, 7, NULL, 'plus', 783, 5, 7910, '41800', '0000-00-00'),
(2324, 7, NULL, 'plus', 784, 5, 7920, '41800', '0000-00-00'),
(2325, 7, NULL, 'plus', 785, 5, 7930, '41800', '0000-00-00'),
(2326, 7, NULL, 'plus', 786, 5, 7940, '41800', '0000-00-00'),
(2327, 7, NULL, 'plus', 787, 5, 7950, '41800', '0000-00-00'),
(2328, 7, NULL, 'plus', 788, 5, 7960, '41800', '0000-00-00'),
(2329, 7, NULL, 'plus', 789, 5, 7970, '41800', '0000-00-00'),
(2330, 7, NULL, 'plus', 790, 5, 7980, '41800', '0000-00-00'),
(2331, 7, NULL, 'plus', 791, 5, 7990, '41800', '0000-00-00'),
(2332, 7, NULL, 'plus', 792, 5, 8000, '41800', '0000-00-00'),
(2333, 7, NULL, 'plus', 793, 5, 8010, '41800', '0000-00-00'),
(2334, 7, NULL, 'plus', 794, 5, 8020, '41800', '0000-00-00'),
(2335, 7, NULL, 'plus', 795, 5, 8030, '41800', '0000-00-00'),
(2336, 7, NULL, 'plus', 796, 5, 8040, '41800', '0000-00-00'),
(2337, 7, NULL, 'plus', 797, 5, 8050, '41800', '0000-00-00'),
(2338, 7, NULL, 'plus', 798, 5, 8060, '41800', '0000-00-00'),
(2339, 7, NULL, 'plus', 799, 5, 8070, '41800', '0000-00-00'),
(2340, 7, NULL, 'plus', 800, 5, 8080, '41800', '0000-00-00'),
(2341, 7, NULL, 'plus', 801, 5, 8090, '41800', '0000-00-00'),
(2342, 7, NULL, 'plus', 802, 5, 8100, '41800', '0000-00-00'),
(2343, 7, NULL, 'plus', 803, 5, 8110, '41800', '0000-00-00'),
(2344, 7, NULL, 'plus', 804, 5, 8120, '41800', '0000-00-00'),
(2345, 7, NULL, 'plus', 805, 5, 8130, '41800', '0000-00-00'),
(2346, 7, NULL, 'plus', 806, 5, 8140, '41800', '0000-00-00'),
(2347, 7, NULL, 'plus', 807, 5, 8150, '41800', '0000-00-00'),
(2348, 7, NULL, 'plus', 808, 5, 8160, '41800', '0000-00-00'),
(2349, 7, NULL, 'plus', 809, 5, 8170, '41800', '0000-00-00'),
(2350, 7, NULL, 'plus', 810, 5, 8180, '41800', '0000-00-00'),
(2351, 7, NULL, 'plus', 811, 5, 8190, '41800', '0000-00-00'),
(2352, 7, NULL, 'plus', 812, 5, 8200, '41800', '0000-00-00'),
(2353, 7, NULL, 'plus', 813, 5, 8210, '41800', '0000-00-00'),
(2354, 7, NULL, 'plus', 814, 5, 8220, '41800', '0000-00-00'),
(2355, 7, NULL, 'plus', 815, 5, 8230, '41800', '0000-00-00'),
(2356, 7, NULL, 'plus', 816, 5, 8240, '41800', '0000-00-00'),
(2357, 7, NULL, 'plus', 817, 5, 8250, '41800', '0000-00-00'),
(2358, 7, NULL, 'plus', 818, 5, 8260, '41800', '0000-00-00'),
(2359, 7, NULL, 'plus', 819, 5, 8270, '41800', '0000-00-00'),
(2360, 7, NULL, 'plus', 820, 5, 8280, '41800', '0000-00-00'),
(2361, 7, NULL, 'plus', 821, 5, 8290, '41800', '0000-00-00'),
(2362, 7, NULL, 'plus', 822, 5, 8300, '58500', '0000-00-00'),
(2363, 7, NULL, 'plus', 823, 5, 8310, '58500', '0000-00-00'),
(2364, 7, NULL, 'plus', 824, 5, 8320, '58500', '0000-00-00'),
(2365, 7, NULL, 'plus', 825, 5, 8330, '58500', '0000-00-00'),
(2366, 7, NULL, 'plus', 826, 5, 8340, '58500', '0000-00-00'),
(2367, 7, NULL, 'plus', 827, 5, 8350, '58500', '0000-00-00'),
(2368, 7, NULL, 'plus', 828, 5, 8360, '58500', '0000-00-00'),
(2369, 7, NULL, 'plus', 829, 5, 8370, '59780', '0000-00-00'),
(2370, 7, NULL, 'plus', 830, 5, 8380, '59780', '0000-00-00'),
(2371, 7, NULL, 'plus', 831, 5, 8390, '59780', '0000-00-00'),
(2372, 7, NULL, 'plus', 832, 5, 8400, '59780', '0000-00-00'),
(2373, 7, NULL, 'plus', 833, 5, 8410, '59780', '0000-00-00'),
(2374, 7, NULL, 'plus', 834, 5, 8420, '59780', '0000-00-00'),
(2375, 7, NULL, 'plus', 835, 5, 8430, '59780', '0000-00-00'),
(2376, 7, NULL, 'plus', 836, 5, 8440, '81900', '0000-00-00'),
(2377, 7, NULL, 'plus', 837, 5, 8450, '81900', '0000-00-00'),
(2378, 7, NULL, 'plus', 838, 5, 8460, '81900', '0000-00-00'),
(2379, 7, NULL, 'plus', 839, 5, 8470, '81900', '0000-00-00'),
(2380, 7, NULL, 'plus', 840, 5, 8480, '81900', '0000-00-00'),
(2381, 7, NULL, 'plus', 841, 5, 8490, '81900', '0000-00-00'),
(2382, 7, NULL, 'plus', 842, 5, 8500, '54600', '0000-00-00'),
(2383, 7, NULL, 'plus', 843, 5, 8510, '54600', '0000-00-00'),
(2384, 7, NULL, 'plus', 844, 5, 8520, '54600', '0000-00-00'),
(2385, 7, NULL, 'plus', 845, 5, 8530, '54600', '0000-00-00'),
(2386, 7, NULL, 'plus', 846, 5, 8540, '54600', '0000-00-00'),
(2387, 7, NULL, 'plus', 847, 5, 8550, '54600', '0000-00-00'),
(2388, 7, NULL, 'plus', 848, 5, 8560, '80340', '0000-00-00'),
(2389, 7, NULL, 'plus', 849, 5, 8570, '80340', '0000-00-00'),
(2390, 7, NULL, 'plus', 850, 5, 8580, '80340', '0000-00-00'),
(2391, 7, NULL, 'plus', 851, 5, 8590, '80340', '0000-00-00'),
(2392, 7, NULL, 'plus', 852, 5, 8600, '44460', '0000-00-00'),
(2393, 7, NULL, 'plus', 853, 5, 8610, '44460', '0000-00-00'),
(2394, 7, NULL, 'plus', 854, 5, 8620, '44460', '0000-00-00'),
(2395, 7, NULL, 'plus', 855, 5, 8630, '44460', '0000-00-00'),
(2396, 7, NULL, 'plus', 856, 5, 8640, '31980', '0000-00-00'),
(2397, 7, NULL, 'plus', 857, 5, 8650, '31980', '0000-00-00'),
(2398, 7, NULL, 'plus', 858, 5, 8660, '31980', '0000-00-00'),
(2399, 7, NULL, 'plus', 859, 5, 8670, '31980', '0000-00-00'),
(2400, 7, NULL, 'plus', 860, 5, 8680, '44460', '0000-00-00'),
(2401, 7, NULL, 'plus', 861, 5, 8690, '44460', '0000-00-00'),
(2402, 7, NULL, 'plus', 862, 5, 8700, '44460', '0000-00-00'),
(2403, 7, NULL, 'plus', 866, 5, 8770, '53040', '0000-00-00'),
(2404, 7, NULL, 'plus', 867, 5, 8780, '53040', '0000-00-00'),
(2405, 7, NULL, 'plus', 868, 5, 8790, '53040', '0000-00-00'),
(2406, 7, NULL, 'plus', 869, 5, 8800, '49140', '0000-00-00'),
(2407, 7, NULL, 'plus', 870, 5, 8810, '49140', '0000-00-00'),
(2408, 7, NULL, 'plus', 871, 5, 8820, '49140', '0000-00-00'),
(2409, 7, NULL, 'plus', 872, 5, 8830, '49140', '0000-00-00'),
(2410, 7, NULL, 'plus', 873, 5, 8840, '49140', '0000-00-00'),
(2411, 7, NULL, 'plus', 877, 5, 8850, '52260', '0000-00-00'),
(2412, 7, NULL, 'plus', 878, 5, 8860, '71760', '0000-00-00'),
(2413, 7, NULL, 'plus', 879, 5, 8870, '56160', '0000-00-00'),
(2414, 7, NULL, 'plus', 880, 5, 8880, '31980', '0000-00-00'),
(2415, 7, NULL, 'plus', 881, 5, 8890, '31980', '0000-00-00'),
(2416, 7, NULL, 'plus', 882, 5, 8900, '31980', '0000-00-00'),
(2417, 7, NULL, 'plus', 883, 5, 8910, '46020', '0000-00-00'),
(2418, 7, NULL, 'plus', 884, 5, 8920, '46800', '0000-00-00'),
(2419, 7, NULL, 'plus', 885, 5, 8930, '47580', '0000-00-00'),
(2420, 7, NULL, 'plus', 886, 5, 8940, '51480', '0000-00-00'),
(2421, 7, NULL, 'plus', 887, 5, 8950, '78000', '0000-00-00'),
(2422, 7, NULL, 'plus', 888, 5, 8960, '58500', '0000-00-00'),
(2423, 7, NULL, 'plus', 889, 5, 8970, '91260', '0000-00-00'),
(2424, 7, NULL, 'plus', 890, 5, 8980, '58500', '0000-00-00'),
(2425, 7, NULL, 'plus', 891, 5, 8990, '36660', '0000-00-00'),
(2426, 7, NULL, 'plus', 892, 5, 9000, '34320', '0000-00-00'),
(2427, 7, NULL, 'plus', 893, 5, 9010, '38220', '0000-00-00'),
(2428, 7, NULL, 'plus', 894, 5, 9020, '36660', '0000-00-00'),
(2429, 7, NULL, 'plus', 895, 5, 9030, '39000', '0000-00-00'),
(2430, 7, NULL, 'plus', 903, 5, 9040, '54600', '0000-00-00'),
(2431, 7, NULL, 'plus', 904, 5, 9050, '54600', '0000-00-00'),
(2432, 7, NULL, 'plus', 905, 5, 9060, '54600', '0000-00-00'),
(2433, 7, NULL, 'plus', 906, 5, 9070, '54600', '0000-00-00'),
(2434, 7, NULL, 'plus', 907, 5, 9080, '54600', '0000-00-00'),
(2435, 7, NULL, 'plus', 908, 5, 9090, '54600', '0000-00-00'),
(2436, 7, NULL, 'plus', 909, 5, 9100, '54600', '0000-00-00'),
(2437, 7, NULL, 'plus', 910, 5, 9110, '54600', '0000-00-00'),
(2438, 7, NULL, 'plus', 911, 5, 9120, '54600', '0000-00-00'),
(2439, 7, NULL, 'plus', 912, 5, 9130, '54600', '0000-00-00'),
(2440, 7, NULL, 'plus', 913, 5, 9140, '54600', '0000-00-00'),
(2441, 7, NULL, 'plus', 914, 5, 9150, '74100', '0000-00-00'),
(2442, 7, NULL, 'plus', 915, 5, 9160, '74100', '0000-00-00'),
(2443, 7, NULL, 'plus', 916, 5, 9170, '74100', '0000-00-00'),
(2444, 7, NULL, 'plus', 917, 5, 9180, '74100', '0000-00-00'),
(2445, 7, NULL, 'plus', 918, 5, 9190, '74100', '0000-00-00'),
(2446, 7, NULL, 'plus', 919, 5, 9200, '74100', '0000-00-00'),
(2447, 7, NULL, 'plus', 920, 5, 9210, '74100', '0000-00-00'),
(2448, 7, NULL, 'plus', 921, 5, 9220, '74100', '0000-00-00'),
(2449, 7, NULL, 'plus', 922, 5, 9230, '74100', '0000-00-00'),
(2450, 7, NULL, 'plus', 923, 5, 9240, '74100', '0000-00-00'),
(2451, 7, NULL, 'plus', 924, 5, 9250, '74100', '0000-00-00'),
(2452, 7, NULL, 'plus', 925, 5, 9260, '74100', '0000-00-00'),
(2453, 7, NULL, 'plus', 926, 5, 9270, '74100', '0000-00-00'),
(2454, 7, NULL, 'plus', 927, 5, 9280, '30420', '0000-00-00'),
(2455, 7, NULL, 'plus', 928, 5, 9290, '30420', '0000-00-00'),
(2456, 7, NULL, 'plus', 929, 5, 9300, '30420', '0000-00-00'),
(2457, 7, NULL, 'plus', 930, 5, 9310, '11700', '0000-00-00'),
(2458, 7, NULL, 'plus', 931, 5, 9320, '4328', '0000-00-00'),
(2459, 7, NULL, 'plus', 932, 5, 9330, '19500', '0000-00-00'),
(2460, 7, NULL, 'plus', 933, 5, 9340, '28080', '0000-00-00'),
(2461, 7, NULL, 'plus', 934, 5, 9350, '47500', '0000-00-00'),
(2462, 7, NULL, 'plus', 935, 5, 9360, '91896', '0000-00-00'),
(2463, 7, NULL, 'plus', 936, 5, 9370, '91896', '0000-00-00'),
(2464, 7, NULL, 'plus', 937, 5, 9380, '91896', '0000-00-00'),
(2465, 7, NULL, 'plus', 938, 5, 9390, '91896', '0000-00-00'),
(2466, 7, NULL, 'plus', 954, 5, 9400, '91896', '0000-00-00'),
(2467, 7, NULL, 'plus', 955, 5, 9410, '91896', '0000-00-00'),
(2468, 7, NULL, 'plus', 939, 5, 9420, '104019', '0000-00-00'),
(2469, 7, NULL, 'plus', 940, 5, 9430, '104019', '0000-00-00'),
(2470, 7, NULL, 'plus', 941, 5, 9440, '104019', '0000-00-00'),
(2471, 7, NULL, 'plus', 942, 5, 9450, '104019', '0000-00-00'),
(2472, 7, NULL, 'plus', 943, 5, 9460, '91114', '0000-00-00'),
(2473, 7, NULL, 'plus', 944, 5, 9470, '91114', '0000-00-00'),
(2474, 7, NULL, 'plus', 945, 5, 9480, '91114', '0000-00-00'),
(2475, 7, NULL, 'plus', 946, 5, 9490, '91114', '0000-00-00'),
(2476, 7, NULL, 'plus', 947, 5, 9500, '64132', '0000-00-00'),
(2477, 7, NULL, 'plus', 948, 5, 9510, '64132', '0000-00-00'),
(2478, 7, NULL, 'plus', 949, 5, 9520, '64132', '0000-00-00'),
(2479, 7, NULL, 'plus', 950, 5, 9530, '64132', '0000-00-00'),
(2480, 7, NULL, 'plus', 951, 5, 9540, '79774', '0000-00-00'),
(2481, 7, NULL, 'plus', 952, 5, 9550, '79774', '0000-00-00'),
(2482, 7, NULL, 'plus', 953, 5, 9560, '113800', '0000-00-00'),
(2483, 7, NULL, 'plus', 956, 5, 9570, '57093', '0000-00-00'),
(2484, 7, NULL, 'plus', 957, 5, 9580, '57093', '0000-00-00'),
(2485, 7, NULL, 'plus', 958, 5, 9590, '66478', '0000-00-00'),
(2486, 7, NULL, 'plus', 959, 5, 9600, '68042', '0000-00-00'),
(2487, 7, NULL, 'plus', 960, 5, 9610, '68042', '0000-00-00'),
(2488, 7, NULL, 'plus', 961, 5, 9620, '61003', '0000-00-00'),
(2489, 7, NULL, 'plus', 962, 5, 9630, '61003', '0000-00-00'),
(2490, 7, NULL, 'plus', 963, 5, 9640, '68042', '0000-00-00'),
(2491, 7, NULL, 'plus', 964, 5, 9650, '68042', '0000-00-00'),
(2492, 7, NULL, 'plus', 965, 5, 9660, '68042', '0000-00-00'),
(2493, 7, NULL, 'plus', 966, 5, 9670, '67651', '0000-00-00'),
(2494, 7, NULL, 'plus', 967, 5, 9680, '67651', '0000-00-00'),
(2495, 7, NULL, 'plus', 968, 5, 9690, '67651', '0000-00-00'),
(2496, 7, NULL, 'plus', 969, 5, 9700, '67651', '0000-00-00'),
(2497, 7, NULL, 'plus', 970, 5, 9710, '67651', '0000-00-00'),
(2498, 7, NULL, 'plus', 971, 5, 9720, '67651', '0000-00-00'),
(2499, 7, NULL, 'plus', 972, 5, 9730, '67651', '0000-00-00'),
(2500, 7, NULL, 'plus', 973, 5, 9740, '67651', '0000-00-00');
INSERT INTO `stock_adjustment_detail` (`id`, `stock_adjustment_id`, `stock_id`, `type`, `product_variant_id`, `packing_id`, `total_stock`, `buy_price`, `expired_date`) VALUES
(2501, 7, NULL, 'plus', 974, 5, 9750, '67651', '0000-00-00'),
(2502, 7, NULL, 'plus', 975, 5, 9760, '57093', '0000-00-00'),
(2503, 7, NULL, 'plus', 976, 5, 9770, '57093', '0000-00-00'),
(2504, 7, NULL, 'plus', 977, 5, 9780, '57093', '0000-00-00'),
(2505, 7, NULL, 'plus', 978, 5, 9790, '57093', '0000-00-00'),
(2506, 7, NULL, 'plus', 979, 5, 9800, '57093', '0000-00-00'),
(2507, 7, NULL, 'plus', 980, 5, 9810, '37500', '0000-00-00'),
(2508, 7, NULL, 'plus', 981, 5, 9820, '50445', '0000-00-00'),
(2509, 7, NULL, 'plus', 982, 5, 9830, '57875', '0000-00-00'),
(2510, 7, NULL, 'plus', 983, 5, 9840, '31284', '0000-00-00'),
(2511, 7, NULL, 'plus', 984, 5, 9850, '37540', '0000-00-00'),
(2512, 7, NULL, 'plus', 985, 5, 9860, '32066', '0000-00-00'),
(2513, 7, NULL, 'plus', 986, 5, 9870, '32066', '0000-00-00'),
(2514, 7, NULL, 'plus', 987, 5, 9880, '32066', '0000-00-00'),
(2515, 7, NULL, 'plus', 988, 5, 9890, '59830', '0000-00-00'),
(2516, 7, NULL, 'plus', 989, 5, 9900, '20725', '0000-00-00'),
(2517, 7, NULL, 'plus', 990, 5, 9910, '31284', '0000-00-00'),
(2518, 7, NULL, 'plus', 991, 5, 9920, '28785', '0000-00-00'),
(2519, 7, NULL, 'plus', 992, 5, 9930, '28785', '0000-00-00'),
(2520, 7, NULL, 'plus', 993, 5, 9940, '90400', '0000-00-00'),
(2521, 7, NULL, 'plus', 994, 5, 9950, '39887', '0000-00-00'),
(2522, 7, NULL, 'plus', 995, 5, 9960, '20334', '0000-00-00'),
(2523, 7, NULL, 'plus', 996, 5, 9970, '20334', '0000-00-00'),
(2524, 7, NULL, 'plus', 997, 5, 9980, '19161', '0000-00-00'),
(2525, 7, NULL, 'plus', 998, 5, 9990, '19161', '0000-00-00'),
(2526, 7, NULL, 'plus', 999, 5, 10000, '54355', '0000-00-00'),
(2527, 7, NULL, 'plus', 1000, 5, 10010, '54355', '0000-00-00'),
(2528, 7, NULL, 'plus', 1001, 5, 10020, '54355', '0000-00-00'),
(2529, 7, NULL, 'plus', 1002, 5, 10030, '55138', '0000-00-00'),
(2530, 7, NULL, 'plus', 1003, 5, 10040, '55138', '0000-00-00'),
(2531, 7, NULL, 'plus', 1004, 5, 10050, '55138', '0000-00-00'),
(2532, 7, NULL, 'plus', 1005, 5, 10060, '55138', '0000-00-00'),
(2533, 7, NULL, 'plus', 1006, 5, 10070, '55138', '0000-00-00'),
(2534, 7, NULL, 'plus', 1007, 5, 10080, '55138', '0000-00-00'),
(2535, 7, NULL, 'plus', 1008, 5, 10090, '55138', '0000-00-00'),
(2536, 7, NULL, 'plus', 1009, 5, 10100, '55138', '0000-00-00'),
(2537, 7, NULL, 'plus', 1010, 5, 10110, '55138', '0000-00-00'),
(2538, 7, NULL, 'plus', 1011, 5, 10120, '55138', '0000-00-00'),
(2539, 7, NULL, 'plus', 1012, 5, 10130, '55138', '0000-00-00'),
(2540, 7, NULL, 'plus', 1013, 5, 10140, '55138', '0000-00-00'),
(2541, 7, NULL, 'plus', 1014, 5, 10150, '55138', '0000-00-00'),
(2542, 7, NULL, 'plus', 1015, 5, 10160, '55138', '0000-00-00'),
(2543, 7, NULL, 'plus', 1016, 5, 10170, '32848', '0000-00-00'),
(2544, 7, NULL, 'plus', 1017, 5, 10180, '32848', '0000-00-00'),
(2545, 7, NULL, 'plus', 1018, 5, 10190, '32848', '0000-00-00'),
(2546, 7, NULL, 'plus', 1019, 5, 10200, '32848', '0000-00-00'),
(2547, 7, NULL, 'plus', 1020, 5, 10210, '32848', '0000-00-00'),
(2548, 7, NULL, 'plus', 1021, 5, 10220, '32848', '0000-00-00'),
(2549, 7, NULL, 'plus', 1022, 5, 10230, '32848', '0000-00-00'),
(2550, 7, NULL, 'plus', 1023, 5, 10240, '32848', '0000-00-00'),
(2551, 7, NULL, 'plus', 1024, 5, 10250, '32848', '0000-00-00'),
(2552, 7, NULL, 'plus', 1025, 5, 10260, '32848', '0000-00-00'),
(2553, 7, NULL, 'plus', 1026, 5, 10270, '32848', '0000-00-00'),
(2554, 7, NULL, 'plus', 1027, 5, 10280, '32848', '0000-00-00'),
(2555, 7, NULL, 'plus', 1028, 5, 10290, '32848', '0000-00-00'),
(2556, 7, NULL, 'plus', 1029, 5, 10300, '36758', '0000-00-00'),
(2557, 7, NULL, 'plus', 1030, 5, 10310, '36758', '0000-00-00'),
(2558, 7, NULL, 'plus', 1031, 5, 10320, '36758', '0000-00-00'),
(2559, 7, NULL, 'plus', 1032, 5, 10330, '36758', '0000-00-00'),
(2560, 7, NULL, 'plus', 1033, 5, 10340, '36758', '0000-00-00'),
(2561, 7, NULL, 'plus', 1034, 5, 10350, '36758', '0000-00-00'),
(2562, 7, NULL, 'plus', 1035, 5, 10360, '36758', '0000-00-00'),
(2563, 7, NULL, 'plus', 1036, 5, 10370, '36758', '0000-00-00'),
(2564, 7, NULL, 'plus', 1037, 5, 10380, '36758', '0000-00-00'),
(2565, 7, NULL, 'plus', 1038, 5, 10390, '36758', '0000-00-00'),
(2566, 7, NULL, 'plus', 1039, 5, 10400, '36758', '0000-00-00'),
(2567, 7, NULL, 'plus', 1040, 5, 10410, '36758', '0000-00-00'),
(2568, 7, NULL, 'plus', 1041, 5, 10420, '36758', '0000-00-00'),
(2569, 7, NULL, 'plus', 1042, 5, 10430, '36758', '0000-00-00'),
(2570, 7, NULL, 'plus', 1043, 5, 10440, '36758', '0000-00-00'),
(2571, 7, NULL, 'plus', 1044, 5, 10450, '36758', '0000-00-00'),
(2572, 7, NULL, 'plus', 1045, 5, 10460, '36758', '0000-00-00'),
(2573, 7, NULL, 'plus', 1046, 5, 10470, '36758', '0000-00-00'),
(2574, 7, NULL, 'plus', 1047, 5, 10480, '36758', '0000-00-00'),
(2575, 7, NULL, 'plus', 1048, 5, 10490, '36758', '0000-00-00'),
(2576, 7, NULL, 'plus', 1049, 5, 10500, '36758', '0000-00-00'),
(2577, 7, NULL, 'plus', 1050, 5, 10510, '36758', '0000-00-00'),
(2578, 7, NULL, 'plus', 1051, 5, 10520, '36758', '0000-00-00'),
(2579, 7, NULL, 'plus', 1052, 5, 10530, '36758', '0000-00-00'),
(2580, 7, NULL, 'plus', 1053, 5, 10540, '36758', '0000-00-00'),
(2581, 7, NULL, 'plus', 1054, 5, 10550, '36758', '0000-00-00'),
(2582, 7, NULL, 'plus', 1055, 5, 10560, '36758', '0000-00-00'),
(2583, 7, NULL, 'plus', 1056, 5, 10570, '36758', '0000-00-00'),
(2584, 7, NULL, 'plus', 1057, 5, 10580, '36758', '0000-00-00'),
(2585, 7, NULL, 'plus', 1058, 5, 10590, '36758', '0000-00-00'),
(2586, 7, NULL, 'plus', 1059, 5, 10600, '36758', '0000-00-00'),
(2587, 7, NULL, 'plus', 1060, 5, 10610, '36758', '0000-00-00'),
(2588, 7, NULL, 'plus', 1061, 5, 10620, '36758', '0000-00-00'),
(2589, 7, NULL, 'plus', 1062, 5, 10630, '36758', '0000-00-00'),
(2590, 7, NULL, 'plus', 1063, 5, 10640, '36758', '0000-00-00'),
(2591, 7, NULL, 'plus', 1064, 5, 10650, '33630', '0000-00-00'),
(2592, 7, NULL, 'plus', 1065, 5, 10660, '33630', '0000-00-00'),
(2593, 7, NULL, 'plus', 1066, 5, 10670, '33630', '0000-00-00'),
(2594, 7, NULL, 'plus', 1067, 5, 10680, '34412', '0000-00-00'),
(2595, 7, NULL, 'plus', 1068, 5, 10690, '34412', '0000-00-00'),
(2596, 7, NULL, 'plus', 1069, 5, 10700, '39105', '0000-00-00'),
(2597, 7, NULL, 'plus', 1070, 5, 10710, '39105', '0000-00-00'),
(2598, 7, NULL, 'plus', 1071, 5, 10720, '39105', '0000-00-00'),
(2599, 7, NULL, 'plus', 1072, 5, 10730, '39105', '0000-00-00'),
(2600, 7, NULL, 'plus', 1073, 5, 10740, '39105', '0000-00-00'),
(2601, 7, NULL, 'plus', 1074, 5, 10750, '27764', '0000-00-00'),
(2602, 7, NULL, 'plus', 1075, 5, 10760, '27764', '0000-00-00'),
(2603, 7, NULL, 'plus', 1076, 5, 10770, '27764', '0000-00-00'),
(2604, 7, NULL, 'plus', 1077, 5, 10780, '27764', '0000-00-00'),
(2605, 7, NULL, 'plus', 1078, 5, 10790, '27764', '0000-00-00'),
(2606, 7, NULL, 'plus', 1079, 5, 10800, '41842', '0000-00-00'),
(2607, 7, NULL, 'plus', 1080, 5, 10810, '41842', '0000-00-00'),
(2608, 7, NULL, 'plus', 1081, 5, 10820, '41842', '0000-00-00'),
(2609, 7, NULL, 'plus', 1082, 5, 10830, '41842', '0000-00-00'),
(2610, 7, NULL, 'plus', 1083, 5, 10840, '41842', '0000-00-00'),
(2611, 7, NULL, 'plus', 1084, 5, 10850, '10558', '0000-00-00'),
(2612, 7, NULL, 'plus', 1085, 5, 10860, '10558', '0000-00-00'),
(2613, 7, NULL, 'plus', 1086, 5, 10870, '10558', '0000-00-00'),
(2614, 7, NULL, 'plus', 1087, 5, 10880, '10558', '0000-00-00'),
(2615, 7, NULL, 'plus', 1137, 5, 10890, '10558', '0000-00-00'),
(2616, 7, NULL, 'plus', 1088, 5, 10900, '18770', '0000-00-00'),
(2617, 7, NULL, 'plus', 1089, 5, 10910, '18770', '0000-00-00'),
(2618, 7, NULL, 'plus', 1090, 5, 10920, '19943', '0000-00-00'),
(2619, 7, NULL, 'plus', 1091, 5, 10930, '35194', '0000-00-00'),
(2620, 7, NULL, 'plus', 1092, 5, 10940, '36758', '0000-00-00'),
(2621, 7, NULL, 'plus', 1093, 5, 10950, '36758', '0000-00-00'),
(2622, 7, NULL, 'plus', 1094, 5, 10960, '36758', '0000-00-00'),
(2623, 7, NULL, 'plus', 1095, 5, 10970, '36758', '0000-00-00'),
(2624, 7, NULL, 'plus', 1096, 5, 10980, '36758', '0000-00-00'),
(2625, 7, NULL, 'plus', 1097, 5, 10990, '36758', '0000-00-00'),
(2626, 7, NULL, 'plus', 1098, 5, 11000, '36758', '0000-00-00'),
(2627, 7, NULL, 'plus', 1099, 5, 11010, '36758', '0000-00-00'),
(2628, 7, NULL, 'plus', 1100, 5, 11020, '36758', '0000-00-00'),
(2629, 7, NULL, 'plus', 1101, 5, 11030, '36758', '0000-00-00'),
(2630, 7, NULL, 'plus', 1102, 5, 11040, '36758', '0000-00-00'),
(2631, 7, NULL, 'plus', 1103, 5, 11050, '36758', '0000-00-00'),
(2632, 7, NULL, 'plus', 1104, 5, 11060, '36758', '0000-00-00'),
(2633, 7, NULL, 'plus', 1105, 5, 11070, '36758', '0000-00-00'),
(2634, 7, NULL, 'plus', 1106, 5, 11080, '35976', '0000-00-00'),
(2635, 7, NULL, 'plus', 1107, 5, 11090, '35976', '0000-00-00'),
(2636, 7, NULL, 'plus', 1108, 5, 11100, '34412', '0000-00-00'),
(2637, 7, NULL, 'plus', 1109, 5, 11110, '34412', '0000-00-00'),
(2638, 7, NULL, 'plus', 1110, 5, 11120, '34412', '0000-00-00'),
(2639, 7, NULL, 'plus', 1111, 5, 11130, '34412', '0000-00-00'),
(2640, 7, NULL, 'plus', 1112, 5, 11140, '20725', '0000-00-00'),
(2641, 7, NULL, 'plus', 1113, 5, 11150, '31284', '0000-00-00'),
(2642, 7, NULL, 'plus', 1114, 5, 11160, '12513', '0000-00-00'),
(2643, 7, NULL, 'plus', 1115, 5, 11170, '12513', '0000-00-00'),
(2644, 7, NULL, 'plus', 1116, 5, 11180, '12513', '0000-00-00'),
(2645, 7, NULL, 'plus', 1117, 5, 11190, '12513', '0000-00-00'),
(2646, 7, NULL, 'plus', 1118, 5, 11200, '12513', '0000-00-00'),
(2647, 7, NULL, 'plus', 1119, 5, 11210, '15642', '0000-00-00'),
(2648, 7, NULL, 'plus', 1120, 5, 11220, '15642', '0000-00-00'),
(2649, 7, NULL, 'plus', 1121, 5, 11230, '15642', '0000-00-00'),
(2650, 7, NULL, 'plus', 1122, 5, 11240, '15642', '0000-00-00'),
(2651, 7, NULL, 'plus', 1123, 5, 11250, '15642', '0000-00-00'),
(2652, 7, NULL, 'plus', 1124, 5, 11260, '14859', '0000-00-00'),
(2653, 7, NULL, 'plus', 1125, 5, 11270, '26200', '0000-00-00'),
(2654, 7, NULL, 'plus', 1126, 5, 11280, '19161', '0000-00-00'),
(2655, 7, NULL, 'plus', 1127, 5, 11290, '18379', '0000-00-00'),
(2656, 7, NULL, 'plus', 1128, 5, 11300, '20081', '0000-00-00'),
(2657, 7, NULL, 'plus', 1129, 5, 11310, '20081', '0000-00-00'),
(2658, 7, NULL, 'plus', 1130, 5, 11320, '20081', '0000-00-00'),
(2659, 7, NULL, 'plus', 1131, 5, 11330, '20081', '0000-00-00'),
(2660, 7, NULL, 'plus', 1132, 5, 11340, '24636', '0000-00-00'),
(2661, 7, NULL, 'plus', 1133, 5, 11350, '24636', '0000-00-00'),
(2662, 7, NULL, 'plus', 1134, 5, 11360, '24636', '0000-00-00'),
(2663, 7, NULL, 'plus', 1135, 5, 11370, '24636', '0000-00-00'),
(2664, 7, NULL, 'plus', 1136, 5, 11380, '17597', '0000-00-00'),
(2665, 7, NULL, 'plus', 1138, 5, 11390, '82120', '0000-00-00'),
(2666, 7, NULL, 'plus', 1139, 5, 11400, '35976', '0000-00-00'),
(2667, 7, NULL, 'plus', 1140, 5, 11410, '84466', '0000-00-00'),
(2668, 7, NULL, 'plus', 1141, 5, 11420, '37540', '0000-00-00'),
(2669, 7, NULL, 'plus', 1142, 5, 11430, '98935', '0000-00-00'),
(2670, 7, NULL, 'plus', 1143, 5, 11440, '95807', '0000-00-00'),
(2671, 7, NULL, 'plus', 1144, 5, 11450, '29893', '0000-00-00'),
(2672, 7, NULL, 'plus', 1145, 5, 11460, '55920', '0000-00-00'),
(2673, 7, NULL, 'plus', 1146, 5, 11470, '41451', '0000-00-00'),
(2674, 7, NULL, 'plus', 1147, 5, 11480, '26200', '0000-00-00'),
(2675, 7, NULL, 'plus', 1148, 5, 11490, '16033', '0000-00-00'),
(2676, 7, NULL, 'plus', 1149, 5, 11500, '35976', '0000-00-00'),
(2677, 7, NULL, 'plus', 1150, 5, 11510, '107538', '0000-00-00'),
(2678, 7, NULL, 'plus', 1152, 5, 11540, '16424', '0000-00-00'),
(2679, 7, NULL, 'plus', 1153, 5, 11550, '23854', '0000-00-00'),
(2680, 7, NULL, 'plus', 1154, 5, 11560, '17206', '0000-00-00'),
(2681, 7, NULL, 'plus', 1155, 5, 11570, '25027', '0000-00-00'),
(2682, 7, NULL, 'plus', 1158, 5, 11600, '49506', '0000-00-00'),
(2683, 7, NULL, 'plus', 1159, 5, 11610, '49506', '0000-00-00'),
(2684, 7, NULL, 'plus', 1160, 5, 11620, '49506', '0000-00-00'),
(2685, 7, NULL, 'plus', 1161, 5, 11630, '49506', '0000-00-00'),
(2686, 7, NULL, 'plus', 1162, 5, 11640, '49506', '0000-00-00'),
(2687, 7, NULL, 'plus', 1163, 5, 11650, '49506', '0000-00-00'),
(2688, 7, NULL, 'plus', 1164, 5, 11660, '49506', '0000-00-00'),
(2689, 7, NULL, 'plus', 1165, 5, 11670, '49506', '0000-00-00'),
(2690, 7, NULL, 'plus', 1166, 5, 11680, '49506', '0000-00-00'),
(2691, 7, NULL, 'plus', 1167, 5, 11690, '49506', '0000-00-00'),
(2692, 7, NULL, 'plus', 1168, 5, 11700, '49506', '0000-00-00'),
(2693, 7, NULL, 'plus', 1169, 5, 11710, '49506', '0000-00-00'),
(2694, 7, NULL, 'plus', 1170, 5, 11720, '49506', '0000-00-00'),
(2695, 7, NULL, 'plus', 1171, 5, 11730, '49506', '0000-00-00'),
(2696, 7, NULL, 'plus', 1172, 5, 11740, '49506', '0000-00-00'),
(2697, 7, NULL, 'plus', 1173, 5, 11750, '49506', '0000-00-00'),
(2698, 7, NULL, 'plus', 1174, 5, 11760, '49506', '0000-00-00'),
(2699, 7, NULL, 'plus', 1175, 5, 11770, '49506', '0000-00-00'),
(2700, 7, NULL, 'plus', 1176, 5, 11780, '32848', '0000-00-00'),
(2701, 7, NULL, 'plus', 1177, 5, 11790, '32848', '0000-00-00'),
(2702, 7, NULL, 'plus', 1178, 5, 11800, '32848', '0000-00-00'),
(2703, 7, NULL, 'plus', 1179, 5, 11810, '32848', '0000-00-00'),
(2704, 7, NULL, 'plus', 1180, 5, 11820, '32848', '0000-00-00'),
(2705, 7, NULL, 'plus', 1181, 5, 11830, '44188', '0000-00-00'),
(2706, 7, NULL, 'plus', 1182, 5, 11840, '13686', '0000-00-00'),
(2707, 7, NULL, 'plus', 1183, 5, 11850, '13686', '0000-00-00'),
(2708, 7, NULL, 'plus', 1184, 5, 11860, '13686', '0000-00-00'),
(2709, 7, NULL, 'plus', 1185, 5, 11870, '13686', '0000-00-00'),
(2710, 7, NULL, 'plus', 1186, 5, 11880, '37149', '0000-00-00'),
(2711, 7, NULL, 'plus', 1456, 5, 11890, '37149', '0000-00-00'),
(2712, 7, NULL, 'plus', 1457, 5, 11900, '37149', '0000-00-00'),
(2713, 7, NULL, 'plus', 1458, 5, 11910, '37149', '0000-00-00'),
(2714, 7, NULL, 'plus', 1459, 5, 11920, '37149', '0000-00-00'),
(2715, 7, NULL, 'plus', 1187, 5, 11930, '41451', '0000-00-00'),
(2716, 7, NULL, 'plus', 1188, 5, 11940, '52400', '0000-00-00'),
(2717, 7, NULL, 'plus', 1189, 5, 11950, '52400', '0000-00-00'),
(2718, 7, NULL, 'plus', 1190, 5, 11960, '52400', '0000-00-00'),
(2719, 7, NULL, 'plus', 1191, 5, 11970, '52400', '0000-00-00'),
(2720, 7, NULL, 'plus', 1192, 5, 11980, '52400', '0000-00-00'),
(2721, 7, NULL, 'plus', 1193, 5, 11990, '52400', '0000-00-00'),
(2722, 7, NULL, 'plus', 1194, 5, 12000, '52400', '0000-00-00'),
(2723, 7, NULL, 'plus', 1195, 5, 12010, '52400', '0000-00-00'),
(2724, 7, NULL, 'plus', 1196, 5, 12020, '53964', '0000-00-00'),
(2725, 7, NULL, 'plus', 1197, 5, 12030, '53964', '0000-00-00'),
(2726, 7, NULL, 'plus', 1198, 5, 12040, '53964', '0000-00-00'),
(2727, 7, NULL, 'plus', 1199, 5, 12050, '53964', '0000-00-00'),
(2728, 7, NULL, 'plus', 1200, 5, 12060, '53964', '0000-00-00'),
(2729, 7, NULL, 'plus', 1201, 5, 12070, '53964', '0000-00-00'),
(2730, 7, NULL, 'plus', 1202, 5, 12080, '53964', '0000-00-00'),
(2731, 7, NULL, 'plus', 1203, 5, 12090, '53964', '0000-00-00'),
(2732, 7, NULL, 'plus', 1204, 5, 12100, '73126', '0000-00-00'),
(2733, 7, NULL, 'plus', 1205, 5, 12110, '27373', '0000-00-00'),
(2734, 7, NULL, 'plus', 1206, 5, 12120, '46926', '0000-00-00'),
(2735, 7, NULL, 'plus', 1207, 5, 12130, '46926', '0000-00-00'),
(2736, 7, NULL, 'plus', 1208, 5, 12140, '46926', '0000-00-00'),
(2737, 7, NULL, 'plus', 1209, 5, 12150, '46926', '0000-00-00'),
(2738, 7, NULL, 'plus', 1210, 5, 12160, '46926', '0000-00-00'),
(2739, 7, NULL, 'plus', 1211, 5, 12170, '46926', '0000-00-00'),
(2740, 7, NULL, 'plus', 1212, 5, 12180, '46926', '0000-00-00'),
(2741, 7, NULL, 'plus', 1213, 5, 12190, '46926', '0000-00-00'),
(2742, 7, NULL, 'plus', 1214, 5, 12200, '23071', '0000-00-00'),
(2743, 7, NULL, 'plus', 1215, 5, 12210, '37540', '0000-00-00'),
(2744, 7, NULL, 'plus', 1216, 5, 12220, '57093', '0000-00-00'),
(2745, 7, NULL, 'plus', 1219, 5, 12270, '71171', '0000-00-00'),
(2746, 7, NULL, 'plus', 1220, 5, 12280, '71171', '0000-00-00'),
(2747, 7, NULL, 'plus', 1221, 5, 12290, '71171', '0000-00-00'),
(2748, 7, NULL, 'plus', 1222, 5, 12300, '71171', '0000-00-00'),
(2749, 7, NULL, 'plus', 1223, 5, 12310, '71171', '0000-00-00'),
(2750, 7, NULL, 'plus', 1224, 5, 12320, '71171', '0000-00-00'),
(2751, 7, NULL, 'plus', 1225, 5, 12330, '71171', '0000-00-00'),
(2752, 7, NULL, 'plus', 1226, 5, 12340, '71171', '0000-00-00'),
(2753, 7, NULL, 'plus', 1227, 5, 12350, '71171', '0000-00-00'),
(2754, 7, NULL, 'plus', 1228, 5, 12360, '37540', '0000-00-00'),
(2755, 7, NULL, 'plus', 1229, 5, 12370, '37540', '0000-00-00'),
(2756, 7, NULL, 'plus', 1230, 5, 12380, '37540', '0000-00-00'),
(2757, 7, NULL, 'plus', 1232, 5, 12410, '33630', '0000-00-00'),
(2758, 7, NULL, 'plus', 1233, 5, 12420, '33630', '0000-00-00'),
(2759, 7, NULL, 'plus', 1234, 5, 12430, '33630', '0000-00-00'),
(2760, 7, NULL, 'plus', 1235, 5, 12440, '33630', '0000-00-00'),
(2761, 7, NULL, 'plus', 1236, 5, 12450, '33630', '0000-00-00'),
(2762, 7, NULL, 'plus', 1237, 5, 12460, '71953', '0000-00-00'),
(2763, 7, NULL, 'plus', 1238, 5, 12470, '71953', '0000-00-00'),
(2764, 7, NULL, 'plus', 1239, 5, 12480, '40669', '0000-00-00'),
(2765, 7, NULL, 'plus', 1240, 5, 12490, '45361', '0000-00-00'),
(2766, 7, NULL, 'plus', 1241, 5, 12500, '36758', '0000-00-00'),
(2767, 7, NULL, 'plus', 1242, 5, 12510, '36758', '0000-00-00'),
(2768, 7, NULL, 'plus', 1243, 5, 12520, '36758', '0000-00-00'),
(2769, 7, NULL, 'plus', 1244, 5, 12530, '79383', '0000-00-00'),
(2770, 7, NULL, 'plus', 1245, 5, 12540, '79383', '0000-00-00'),
(2771, 7, NULL, 'plus', 1246, 5, 12550, '79383', '0000-00-00'),
(2772, 7, NULL, 'plus', 1247, 5, 12560, '79383', '0000-00-00'),
(2773, 7, NULL, 'plus', 1248, 5, 12570, '79383', '0000-00-00'),
(2774, 7, NULL, 'plus', 1249, 5, 12580, '79383', '0000-00-00'),
(2775, 7, NULL, 'plus', 1250, 5, 12590, '79383', '0000-00-00'),
(2776, 7, NULL, 'plus', 1251, 5, 12600, '79383', '0000-00-00'),
(2777, 7, NULL, 'plus', 1252, 5, 12610, '63350', '0000-00-00'),
(2778, 7, NULL, 'plus', 1253, 5, 12620, '63350', '0000-00-00'),
(2779, 7, NULL, 'plus', 1254, 5, 12630, '63350', '0000-00-00'),
(2780, 7, NULL, 'plus', 1255, 5, 12640, '63350', '0000-00-00'),
(2781, 7, NULL, 'plus', 1256, 5, 12650, '63350', '0000-00-00'),
(2782, 7, NULL, 'plus', 1257, 5, 12660, '63350', '0000-00-00'),
(2783, 7, NULL, 'plus', 1258, 5, 12670, '63350', '0000-00-00'),
(2784, 7, NULL, 'plus', 1259, 5, 12680, '63350', '0000-00-00'),
(2785, 7, NULL, 'plus', 1260, 5, 12690, '61394', '0000-00-00'),
(2786, 7, NULL, 'plus', 1261, 5, 12700, '61394', '0000-00-00'),
(2787, 7, NULL, 'plus', 1262, 5, 12710, '61394', '0000-00-00'),
(2788, 7, NULL, 'plus', 1263, 5, 12720, '61394', '0000-00-00'),
(2789, 7, NULL, 'plus', 1264, 5, 12730, '61394', '0000-00-00'),
(2790, 7, NULL, 'plus', 1265, 5, 12740, '61394', '0000-00-00'),
(2791, 7, NULL, 'plus', 1266, 5, 12750, '61394', '0000-00-00'),
(2792, 7, NULL, 'plus', 1267, 5, 12760, '61394', '0000-00-00'),
(2793, 7, NULL, 'plus', 1268, 5, 12770, '35976', '0000-00-00'),
(2794, 7, NULL, 'plus', 1269, 5, 12780, '35976', '0000-00-00'),
(2795, 7, NULL, 'plus', 1270, 5, 12790, '35976', '0000-00-00'),
(2796, 7, NULL, 'plus', 1271, 5, 12800, '35976', '0000-00-00'),
(2797, 7, NULL, 'plus', 1272, 5, 12810, '35976', '0000-00-00'),
(2798, 7, NULL, 'plus', 1273, 5, 12820, '35976', '0000-00-00'),
(2799, 7, NULL, 'plus', 1274, 5, 12830, '35976', '0000-00-00'),
(2800, 7, NULL, 'plus', 1275, 5, 12840, '35976', '0000-00-00'),
(2801, 7, NULL, 'plus', 1276, 5, 12850, '77427', '0000-00-00'),
(2802, 7, NULL, 'plus', 1277, 5, 12860, '35976', '0000-00-00'),
(2803, 7, NULL, 'plus', 1278, 5, 12870, '79774', '0000-00-00'),
(2804, 7, NULL, 'plus', 1279, 5, 12880, '35976', '0000-00-00'),
(2805, 7, NULL, 'plus', 1280, 5, 12890, '115750', '0000-00-00'),
(2806, 7, NULL, 'plus', 1281, 5, 12900, '68433', '0000-00-00'),
(2807, 7, NULL, 'plus', 1282, 5, 12910, '61394', '0000-00-00'),
(2808, 7, NULL, 'plus', 1283, 5, 12920, '25418', '0000-00-00'),
(2809, 7, NULL, 'plus', 1284, 5, 12930, '82902', '0000-00-00'),
(2810, 7, NULL, 'plus', 1285, 5, 12940, '64523', '0000-00-00'),
(2811, 7, NULL, 'plus', 1286, 5, 12950, '23854', '0000-00-00'),
(2812, 7, NULL, 'plus', 1287, 5, 12960, '23854', '0000-00-00'),
(2813, 7, NULL, 'plus', 1288, 5, 12970, '62568', '0000-00-00'),
(2814, 7, NULL, 'plus', 1289, 5, 12980, '15642', '0000-00-00'),
(2815, 7, NULL, 'plus', 1290, 5, 12990, '23463', '0000-00-00'),
(2816, 7, NULL, 'plus', 1291, 5, 13000, '28937', '0000-00-00'),
(2817, 7, NULL, 'plus', 1292, 5, 13010, '34412', '0000-00-00'),
(2818, 7, NULL, 'plus', 1293, 5, 13020, '32066', '0000-00-00'),
(2819, 7, NULL, 'plus', 1294, 5, 13030, '37540', '0000-00-00'),
(2820, 7, NULL, 'plus', 1295, 5, 13040, '37540', '0000-00-00'),
(2821, 7, NULL, 'plus', 1296, 5, 13050, '21507', '0000-00-00'),
(2822, 7, NULL, 'plus', 1297, 5, 13060, '21507', '0000-00-00'),
(2823, 7, NULL, 'plus', 1298, 5, 13070, '37540', '0000-00-00'),
(2824, 7, NULL, 'plus', 1299, 5, 13080, '37540', '0000-00-00'),
(2825, 7, NULL, 'plus', 1300, 5, 13090, '37540', '0000-00-00'),
(2826, 7, NULL, 'plus', 1301, 5, 13100, '37540', '0000-00-00'),
(2827, 7, NULL, 'plus', 1302, 5, 13110, '26200', '0000-00-00'),
(2828, 7, NULL, 'plus', 1303, 5, 13120, '26200', '0000-00-00'),
(2829, 7, NULL, 'plus', 1304, 5, 13130, '26200', '0000-00-00'),
(2830, 7, NULL, 'plus', 1305, 5, 13140, '26200', '0000-00-00'),
(2831, 7, NULL, 'plus', 1306, 5, 13150, '32066', '0000-00-00'),
(2832, 7, NULL, 'plus', 1307, 5, 13160, '32066', '0000-00-00'),
(2833, 7, NULL, 'plus', 1308, 5, 13170, '32066', '0000-00-00'),
(2834, 7, NULL, 'plus', 1309, 5, 13180, '32066', '0000-00-00'),
(2835, 7, NULL, 'plus', 1310, 5, 13190, '29719', '0000-00-00'),
(2836, 7, NULL, 'plus', 1311, 5, 13200, '29719', '0000-00-00'),
(2837, 7, NULL, 'plus', 1312, 5, 13210, '29719', '0000-00-00'),
(2838, 7, NULL, 'plus', 1313, 5, 13220, '29719', '0000-00-00'),
(2839, 7, NULL, 'plus', 1314, 5, 13230, '27764', '0000-00-00'),
(2840, 7, NULL, 'plus', 1315, 5, 13240, '27764', '0000-00-00'),
(2841, 7, NULL, 'plus', 1316, 5, 13250, '27764', '0000-00-00'),
(2842, 7, NULL, 'plus', 1317, 5, 13260, '27764', '0000-00-00'),
(2843, 7, NULL, 'plus', 1395, 5, 13350, '46946', '0000-00-00'),
(2844, 7, NULL, 'plus', 1396, 5, 13360, '46946', '0000-00-00'),
(2845, 7, NULL, 'plus', 1397, 5, 13370, '46946', '0000-00-00'),
(2846, 7, NULL, 'plus', 1398, 5, 13380, '46946', '0000-00-00'),
(2847, 7, NULL, 'plus', 1399, 5, 13390, '46946', '0000-00-00'),
(2848, 7, NULL, 'plus', 1400, 5, 13400, '46946', '0000-00-00'),
(2849, 7, NULL, 'plus', 1401, 5, 13410, '46946', '0000-00-00'),
(2850, 7, NULL, 'plus', 1402, 5, 13420, '46946', '0000-00-00'),
(2851, 7, NULL, 'plus', 1403, 5, 13430, '46946', '0000-00-00'),
(2852, 7, NULL, 'plus', 1404, 5, 13440, '46946', '0000-00-00'),
(2853, 7, NULL, 'plus', 1405, 5, 13450, '46946', '0000-00-00'),
(2854, 7, NULL, 'plus', 1406, 5, 13460, '46946', '0000-00-00'),
(2855, 7, NULL, 'plus', 1407, 5, 13470, '46946', '0000-00-00'),
(2856, 7, NULL, 'plus', 1408, 5, 13480, '46946', '0000-00-00'),
(2857, 7, NULL, 'plus', 1322, 5, 13490, '24636', '0000-00-00'),
(2858, 7, NULL, 'plus', 1323, 5, 13500, '24636', '0000-00-00'),
(2859, 7, NULL, 'plus', 1324, 5, 13510, '24636', '0000-00-00'),
(2860, 7, NULL, 'plus', 1325, 5, 13520, '24636', '0000-00-00'),
(2861, 7, NULL, 'plus', 1326, 5, 13530, '43797', '0000-00-00'),
(2862, 7, NULL, 'plus', 1327, 5, 13540, '12904', '0000-00-00'),
(2863, 7, NULL, 'plus', 1328, 5, 13550, '21507', '0000-00-00'),
(2864, 7, NULL, 'plus', 1329, 5, 13560, '28937', '0000-00-00'),
(2865, 7, NULL, 'plus', 1330, 5, 13570, '16033', '0000-00-00'),
(2866, 7, NULL, 'plus', 1332, 5, 13580, '21507', '0000-00-00'),
(2867, 7, NULL, 'plus', 1333, 5, 13590, '39105', '0000-00-00'),
(2868, 7, NULL, 'plus', 1334, 5, 13600, '12122', '0000-00-00'),
(2869, 7, NULL, 'plus', 1335, 5, 13610, '20725', '0000-00-00'),
(2870, 7, NULL, 'plus', 1336, 5, 13620, '12122', '0000-00-00'),
(2871, 7, NULL, 'plus', 1337, 5, 13630, '14468', '0000-00-00'),
(2872, 7, NULL, 'plus', 1338, 5, 13640, '28937', '0000-00-00'),
(2873, 7, NULL, 'plus', 1339, 5, 13650, '68824', '0000-00-00'),
(2874, 7, NULL, 'plus', 1340, 5, 13660, '68824', '0000-00-00'),
(2875, 7, NULL, 'plus', 1341, 5, 13670, '68824', '0000-00-00'),
(2876, 7, NULL, 'plus', 1342, 5, 13680, '68824', '0000-00-00'),
(2877, 7, NULL, 'plus', 1343, 5, 13690, '39887', '0000-00-00'),
(2878, 7, NULL, 'plus', 1344, 5, 13700, '39887', '0000-00-00'),
(2879, 7, NULL, 'plus', 1345, 5, 13710, '39887', '0000-00-00'),
(2880, 7, NULL, 'plus', 1346, 5, 13720, '39887', '0000-00-00'),
(2881, 7, NULL, 'plus', 1347, 5, 13730, '104801', '0000-00-00'),
(2882, 7, NULL, 'plus', 1348, 5, 13740, '104801', '0000-00-00'),
(2883, 7, NULL, 'plus', 1349, 5, 13750, '104801', '0000-00-00'),
(2884, 7, NULL, 'plus', 1350, 5, 13760, '104801', '0000-00-00'),
(2885, 7, NULL, 'plus', 1351, 5, 13770, '74299', '0000-00-00'),
(2886, 7, NULL, 'plus', 1352, 5, 13780, '74299', '0000-00-00'),
(2887, 7, NULL, 'plus', 1353, 5, 13790, '74299', '0000-00-00'),
(2888, 7, NULL, 'plus', 1354, 5, 13800, '74299', '0000-00-00'),
(2889, 7, NULL, 'plus', 1355, 5, 13810, '62176', '0000-00-00'),
(2890, 7, NULL, 'plus', 1356, 5, 13820, '62176', '0000-00-00'),
(2891, 7, NULL, 'plus', 1357, 5, 13830, '62176', '0000-00-00'),
(2892, 7, NULL, 'plus', 1358, 5, 13840, '62176', '0000-00-00'),
(2893, 7, NULL, 'plus', 1359, 5, 13850, '62176', '0000-00-00'),
(2894, 7, NULL, 'plus', 1360, 5, 13860, '71953', '0000-00-00'),
(2895, 7, NULL, 'plus', 1361, 5, 13870, '71953', '0000-00-00'),
(2896, 7, NULL, 'plus', 1362, 5, 13880, '71953', '0000-00-00'),
(2897, 7, NULL, 'plus', 1363, 5, 13890, '71953', '0000-00-00'),
(2898, 7, NULL, 'plus', 1364, 5, 13900, '75472', '0000-00-00'),
(2899, 7, NULL, 'plus', 1365, 5, 13910, '75472', '0000-00-00'),
(2900, 7, NULL, 'plus', 1366, 5, 13920, '46143', '0000-00-00'),
(2901, 7, NULL, 'plus', 1367, 5, 13930, '46143', '0000-00-00'),
(2902, 7, NULL, 'plus', 1368, 5, 13940, '32066', '0000-00-00'),
(2903, 7, NULL, 'plus', 1369, 5, 13950, '32066', '0000-00-00'),
(2904, 7, NULL, 'plus', 1370, 5, 13960, '32066', '0000-00-00'),
(2905, 7, NULL, 'plus', 1371, 5, 13970, '32066', '0000-00-00'),
(2906, 7, NULL, 'plus', 1372, 5, 13980, '32066', '0000-00-00'),
(2907, 7, NULL, 'plus', 1373, 5, 13990, '32066', '0000-00-00'),
(2908, 7, NULL, 'plus', 1374, 5, 14000, '32066', '0000-00-00'),
(2909, 7, NULL, 'plus', 1375, 5, 14010, '32066', '0000-00-00'),
(2910, 7, NULL, 'plus', 1376, 5, 14020, '32066', '0000-00-00'),
(2911, 7, NULL, 'plus', 1377, 5, 14030, '32066', '0000-00-00'),
(2912, 7, NULL, 'plus', 1378, 5, 14040, '32066', '0000-00-00'),
(2913, 7, NULL, 'plus', 1379, 5, 14050, '32066', '0000-00-00'),
(2914, 7, NULL, 'plus', 1380, 5, 14060, '32066', '0000-00-00'),
(2915, 7, NULL, 'plus', 1381, 5, 14070, '32066', '0000-00-00'),
(2916, 7, NULL, 'plus', 1382, 5, 14080, '32066', '0000-00-00'),
(2917, 7, NULL, 'plus', 1383, 5, 14090, '32066', '0000-00-00'),
(2918, 7, NULL, 'plus', 1384, 5, 14100, '32066', '0000-00-00'),
(2919, 7, NULL, 'plus', 1385, 5, 14110, '32066', '0000-00-00'),
(2920, 7, NULL, 'plus', 1386, 5, 14120, '32066', '0000-00-00'),
(2921, 7, NULL, 'plus', 1387, 5, 14130, '32066', '0000-00-00'),
(2922, 7, NULL, 'plus', 1388, 5, 14140, '32066', '0000-00-00'),
(2923, 7, NULL, 'plus', 1389, 5, 14150, '32066', '0000-00-00'),
(2924, 7, NULL, 'plus', 1390, 5, 14160, '32066', '0000-00-00'),
(2925, 7, NULL, 'plus', 1409, 5, 14170, '52009', '0000-00-00'),
(2926, 7, NULL, 'plus', 1410, 5, 14180, '13295', '0000-00-00'),
(2927, 7, NULL, 'plus', 1411, 5, 14190, '19943', '0000-00-00'),
(2928, 7, NULL, 'plus', 1412, 5, 14200, '14468', '0000-00-00'),
(2929, 7, NULL, 'plus', 1413, 5, 14210, '18379', '0000-00-00'),
(2930, 7, NULL, 'plus', 1414, 5, 14220, '34412', '0000-00-00'),
(2931, 7, NULL, 'plus', 1415, 5, 14230, '25418', '0000-00-00'),
(2932, 7, NULL, 'plus', 1416, 5, 14240, '25418', '0000-00-00'),
(2933, 7, NULL, 'plus', 1419, 5, 14270, '30110', '0000-00-00'),
(2934, 7, NULL, 'plus', 1420, 5, 14280, '47708', '0000-00-00'),
(2935, 7, NULL, 'plus', 1421, 5, 14290, '47708', '0000-00-00'),
(2936, 7, NULL, 'plus', 1422, 5, 14300, '47708', '0000-00-00'),
(2937, 7, NULL, 'plus', 1423, 5, 14310, '47708', '0000-00-00'),
(2938, 7, NULL, 'plus', 1424, 5, 14320, '31284', '0000-00-00'),
(2939, 7, NULL, 'plus', 1425, 5, 14330, '31284', '0000-00-00'),
(2940, 7, NULL, 'plus', 1426, 5, 14340, '31284', '0000-00-00'),
(2941, 7, NULL, 'plus', 1427, 5, 14350, '31284', '0000-00-00'),
(2942, 7, NULL, 'plus', 1428, 5, 14360, '31284', '0000-00-00'),
(2943, 7, NULL, 'plus', 1429, 5, 14370, '31284', '0000-00-00'),
(2944, 7, NULL, 'plus', 1430, 5, 14380, '31284', '0000-00-00'),
(2945, 7, NULL, 'plus', 1431, 5, 14390, '31284', '0000-00-00'),
(2946, 7, NULL, 'plus', 1432, 5, 14400, '31284', '0000-00-00'),
(2947, 7, NULL, 'plus', 1433, 5, 14410, '31284', '0000-00-00'),
(2948, 7, NULL, 'plus', 1434, 5, 14420, '31284', '0000-00-00'),
(2949, 7, NULL, 'plus', 1435, 5, 14430, '31284', '0000-00-00'),
(2950, 7, NULL, 'plus', 1436, 5, 14440, '31284', '0000-00-00'),
(2951, 7, NULL, 'plus', 1438, 5, 14450, '40278', '0000-00-00'),
(2952, 7, NULL, 'plus', 1439, 5, 14460, '40278', '0000-00-00'),
(2953, 7, NULL, 'plus', 1440, 5, 14470, '40278', '0000-00-00'),
(2954, 7, NULL, 'plus', 1441, 5, 14480, '40278', '0000-00-00'),
(2955, 7, NULL, 'plus', 1442, 5, 14490, '27373', '0000-00-00'),
(2956, 7, NULL, 'plus', 1443, 5, 14500, '27373', '0000-00-00'),
(2957, 7, NULL, 'plus', 1444, 5, 14510, '27373', '0000-00-00'),
(2958, 7, NULL, 'plus', 1445, 5, 14520, '27373', '0000-00-00'),
(2959, 7, NULL, 'plus', 1450, 5, 14610, '44188', '0000-00-00'),
(2960, 7, NULL, 'plus', 1451, 5, 14620, '44188', '0000-00-00'),
(2961, 7, NULL, 'plus', 1452, 5, 14630, '44188', '0000-00-00'),
(2962, 7, NULL, 'plus', 1453, 5, 14640, '30501', '0000-00-00'),
(2963, 7, NULL, 'plus', 1454, 5, 14650, '30501', '0000-00-00'),
(2964, 7, NULL, 'plus', 1455, 5, 14660, '30501', '0000-00-00'),
(2965, 7, NULL, 'plus', 1462, 5, 14670, '13686', '0000-00-00'),
(2966, 7, NULL, 'plus', 1463, 5, 14680, '19943', '0000-00-00'),
(2967, 7, NULL, 'plus', 1464, 5, 14690, '19552', '0000-00-00'),
(2968, 7, NULL, 'plus', 1465, 5, 14700, '19552', '0000-00-00'),
(2969, 7, NULL, 'plus', 1466, 5, 14710, '20334', '0000-00-00'),
(2970, 7, NULL, 'plus', 1467, 5, 14720, '25418', '0000-00-00'),
(2971, 7, NULL, 'plus', 1468, 5, 14730, '21898', '0000-00-00'),
(2972, 7, NULL, 'plus', 1469, 5, 14740, '17988', '0000-00-00'),
(2973, 7, NULL, 'plus', 1470, 5, 14750, '75863', '0000-00-00'),
(2974, 7, NULL, 'plus', 1471, 5, 14760, '35976', '0000-00-00'),
(2975, 7, NULL, 'plus', 1472, 5, 14770, '78210', '0000-00-00'),
(2976, 7, NULL, 'plus', 1473, 5, 14780, '35976', '0000-00-00'),
(2977, 7, NULL, 'plus', 1474, 5, 14790, '60612', '0000-00-00'),
(2978, 7, NULL, 'plus', 1475, 5, 14800, '107538', '0000-00-00'),
(2979, 7, NULL, 'plus', 1476, 5, 14810, '62959', '0000-00-00'),
(2980, 7, NULL, 'plus', 1477, 5, 14820, '23854', '0000-00-00'),
(2981, 7, NULL, 'plus', 1478, 5, 14830, '81338', '0000-00-00'),
(2982, 7, NULL, 'plus', 1479, 5, 14840, '19943', '0000-00-00'),
(2983, 7, NULL, 'plus', 1480, 5, 14850, '23854', '0000-00-00'),
(2984, 7, NULL, 'plus', 1481, 5, 14860, '57484', '0000-00-00'),
(2985, 7, NULL, 'plus', 1482, 5, 14870, '62959', '0000-00-00'),
(2986, 8, NULL, 'plus', 67, 5, 1, '56000', '2022-08-20'),
(2987, 9, 1488, 'Penghapusan', 67, 5, 0, '0', '0000-00-00'),
(2988, 9, 1487, 'Penghapusan', 1482, 5, 0, '0', '0000-00-00'),
(2989, 9, 1486, 'Penghapusan', 1481, 5, 0, '0', '0000-00-00'),
(2990, 9, 1485, 'Penghapusan', 1480, 5, 0, '0', '0000-00-00'),
(2991, 9, 1484, 'Penghapusan', 1479, 5, 0, '0', '0000-00-00'),
(2992, 10, 1482, 'Penghapusan', 1477, 5, 0, '0', '0000-00-00'),
(2993, 10, 1481, 'Penghapusan', 1476, 5, 0, '0', '0000-00-00'),
(2994, 10, 1480, 'Penghapusan', 1475, 5, 0, '0', '0000-00-00'),
(2995, 10, 1479, 'Penghapusan', 1474, 5, 0, '0', '0000-00-00'),
(2996, 10, 1478, 'Penghapusan', 1473, 5, 0, '0', '0000-00-00'),
(2997, 10, 1477, 'Penghapusan', 1472, 5, 0, '0', '0000-00-00'),
(2998, 10, 1476, 'Penghapusan', 1471, 5, 0, '0', '0000-00-00'),
(2999, 10, 1475, 'Penghapusan', 1470, 5, 0, '0', '0000-00-00'),
(3000, 10, 1474, 'Penghapusan', 1469, 5, 0, '0', '0000-00-00'),
(3001, 10, 1473, 'Penghapusan', 1468, 5, 0, '0', '0000-00-00'),
(3002, 10, 1472, 'Penghapusan', 1467, 5, 0, '0', '0000-00-00'),
(3003, 10, 1471, 'Penghapusan', 1466, 5, 0, '0', '0000-00-00'),
(3004, 10, 1470, 'Penghapusan', 1465, 5, 0, '0', '0000-00-00'),
(3005, 10, 1469, 'Penghapusan', 1464, 5, 0, '0', '0000-00-00'),
(3006, 10, 1468, 'Penghapusan', 1463, 5, 0, '0', '0000-00-00'),
(3007, 10, 1467, 'Penghapusan', 1462, 5, 0, '0', '0000-00-00'),
(3008, 10, 1466, 'Penghapusan', 1455, 5, 0, '0', '0000-00-00'),
(3009, 10, 1465, 'Penghapusan', 1454, 5, 0, '0', '0000-00-00'),
(3010, 10, 1464, 'Penghapusan', 1453, 5, 0, '0', '0000-00-00'),
(3011, 10, 1463, 'Penghapusan', 1452, 5, 0, '0', '0000-00-00'),
(3012, 10, 1461, 'Penghapusan', 1450, 5, 0, '0', '0000-00-00'),
(3013, 10, 1460, 'Penghapusan', 1445, 5, 0, '0', '0000-00-00'),
(3014, 10, 1457, 'Penghapusan', 1442, 5, 0, '0', '0000-00-00'),
(3015, 10, 1456, 'Penghapusan', 1441, 5, 0, '0', '0000-00-00'),
(3016, 10, 1462, 'Penghapusan', 1451, 5, 0, '0', '0000-00-00'),
(3017, 10, 1459, 'Penghapusan', 1444, 5, 0, '0', '0000-00-00'),
(3018, 10, 1458, 'Penghapusan', 1443, 5, 0, '0', '0000-00-00'),
(3019, 10, 1455, 'Penghapusan', 1440, 5, 0, '0', '0000-00-00'),
(3020, 10, 1454, 'Penghapusan', 1439, 5, 0, '0', '0000-00-00'),
(3021, 10, 1453, 'Penghapusan', 1438, 5, 0, '0', '0000-00-00'),
(3022, 10, 1452, 'Penghapusan', 1436, 5, 0, '0', '0000-00-00'),
(3023, 10, 1451, 'Penghapusan', 1435, 5, 0, '0', '0000-00-00'),
(3024, 10, 1450, 'Penghapusan', 1434, 5, 0, '0', '0000-00-00'),
(3025, 10, 1449, 'Penghapusan', 1433, 5, 0, '0', '0000-00-00'),
(3026, 10, 1448, 'Penghapusan', 1432, 5, 0, '0', '0000-00-00'),
(3027, 10, 1447, 'Penghapusan', 1431, 5, 0, '0', '0000-00-00'),
(3028, 10, 1446, 'Penghapusan', 1430, 5, 0, '0', '0000-00-00'),
(3029, 10, 1445, 'Penghapusan', 1429, 5, 0, '0', '0000-00-00'),
(3030, 10, 1444, 'Penghapusan', 1428, 5, 0, '0', '0000-00-00'),
(3031, 10, 1443, 'Penghapusan', 1427, 5, 0, '0', '0000-00-00'),
(3032, 10, 1442, 'Penghapusan', 1426, 5, 0, '0', '0000-00-00'),
(3033, 10, 1441, 'Penghapusan', 1425, 5, 0, '0', '0000-00-00'),
(3034, 10, 1440, 'Penghapusan', 1424, 5, 0, '0', '0000-00-00'),
(3035, 10, 1439, 'Penghapusan', 1423, 5, 0, '0', '0000-00-00'),
(3036, 10, 1438, 'Penghapusan', 1422, 5, 0, '0', '0000-00-00'),
(3037, 10, 1437, 'Penghapusan', 1421, 5, 0, '0', '0000-00-00'),
(3038, 10, 1436, 'Penghapusan', 1420, 5, 0, '0', '0000-00-00'),
(3039, 10, 1435, 'Penghapusan', 1419, 5, 0, '0', '0000-00-00'),
(3040, 10, 1434, 'Penghapusan', 1416, 5, 0, '0', '0000-00-00'),
(3041, 10, 1433, 'Penghapusan', 1415, 5, 0, '0', '0000-00-00'),
(3042, 10, 1432, 'Penghapusan', 1414, 5, 0, '0', '0000-00-00'),
(3043, 10, 1431, 'Penghapusan', 1413, 5, 0, '0', '0000-00-00'),
(3044, 10, 1430, 'Penghapusan', 1412, 5, 0, '0', '0000-00-00');

-- --------------------------------------------------------

--
-- Table structure for table `stock_adjustment_detail_before`
--

DROP TABLE IF EXISTS `stock_adjustment_detail_before`;
CREATE TABLE IF NOT EXISTS `stock_adjustment_detail_before` (
  `id` int(11) NOT NULL AUTO_INCREMENT,
  `stock_adjustment_detail_id` int(11) DEFAULT NULL,
  `total_stock` int(11) NOT NULL,
  `buy_price` decimal(15,2) NOT NULL,
  `expired_date` date DEFAULT '2100-12-31',
  PRIMARY KEY (`id`),
  KEY `product_variant_id` (`stock_adjustment_detail_id`)
) ENGINE=InnoDB AUTO_INCREMENT=61 DEFAULT CHARSET=utf8mb4;

--
-- Dumping data for table `stock_adjustment_detail_before`
--

INSERT INTO `stock_adjustment_detail_before` (`id`, `stock_adjustment_detail_id`, `total_stock`, `buy_price`, `expired_date`) VALUES
(1, 4, 121, '50000.00', '2022-07-31'),
(2, 5, 1, '50000.00', '2022-07-31'),
(3, 2987, 1, '56000.00', '2022-08-20'),
(4, 2988, 14870, '62959.00', '2022-01-01'),
(5, 2989, 14860, '57484.00', '2022-01-01'),
(6, 2990, 14850, '23854.00', '2022-01-01'),
(7, 2991, 14840, '19943.00', '2022-01-01'),
(8, 2992, 14818, '23854.00', '2022-01-01'),
(9, 2993, 14808, '62959.00', '2022-01-01'),
(10, 2994, 14798, '107538.00', '2022-01-01'),
(11, 2995, 14788, '60612.00', '2022-01-01'),
(12, 2996, 14780, '35976.00', '2022-01-01'),
(13, 2997, 14770, '78210.00', '2022-01-01'),
(14, 2998, 14760, '35976.00', '2022-01-01'),
(15, 2999, 14750, '75863.00', '2022-01-01'),
(16, 3000, 14740, '17988.00', '2022-01-01'),
(17, 3001, 14730, '21898.00', '2022-01-01'),
(18, 3002, 14720, '25418.00', '2022-01-01'),
(19, 3003, 14710, '20334.00', '2022-01-01'),
(20, 3004, 14700, '19552.00', '2022-01-01'),
(21, 3005, 14690, '19552.00', '2022-01-01'),
(22, 3006, 14680, '19943.00', '2022-01-01'),
(23, 3007, 14670, '13686.00', '2022-01-01'),
(24, 3008, 14660, '30501.00', '2022-01-01'),
(25, 3009, 14650, '30501.00', '2022-01-01'),
(26, 3010, 14640, '30501.00', '2022-01-01'),
(27, 3011, 14630, '44188.00', '2022-01-01'),
(28, 3012, 14610, '44188.00', '2022-01-01'),
(29, 3013, 14520, '27373.00', '2022-01-01'),
(30, 3014, 14490, '27373.00', '2022-01-01'),
(31, 3015, 14480, '40278.00', '2022-01-01'),
(32, 3016, 14620, '44188.00', '2022-01-01'),
(33, 3017, 14510, '27373.00', '2022-01-01'),
(34, 3018, 14500, '27373.00', '2022-01-01'),
(35, 3019, 14470, '40278.00', '2022-01-01'),
(36, 3020, 14460, '40278.00', '2022-01-01'),
(37, 3021, 14450, '40278.00', '2022-01-01'),
(38, 3022, 14440, '31284.00', '2022-01-01'),
(39, 3023, 14430, '31284.00', '2022-01-01'),
(40, 3024, 14420, '31284.00', '2022-01-01'),
(41, 3025, 14410, '31284.00', '2022-01-01'),
(42, 3026, 14400, '31284.00', '2022-01-01'),
(43, 3027, 14390, '31284.00', '2022-01-01'),
(44, 3028, 14380, '31284.00', '2022-01-01'),
(45, 3029, 14370, '31284.00', '2022-01-01'),
(46, 3030, 14360, '31284.00', '2022-01-01'),
(47, 3031, 14350, '31284.00', '2022-01-01'),
(48, 3032, 14340, '31284.00', '2022-01-01'),
(49, 3033, 14330, '31284.00', '2022-01-01'),
(50, 3034, 14320, '31284.00', '2022-01-01'),
(51, 3035, 14310, '47708.00', '2022-01-01'),
(52, 3036, 14300, '47708.00', '2022-01-01'),
(53, 3037, 14290, '47708.00', '2022-01-01'),
(54, 3038, 14280, '47708.00', '2022-01-01'),
(55, 3039, 14270, '30110.00', '2022-01-01'),
(56, 3040, 14240, '25418.00', '2022-01-01'),
(57, 3041, 14230, '25418.00', '2022-01-01'),
(58, 3042, 14220, '34412.00', '2022-01-01'),
(59, 3043, 14210, '18379.00', '2022-01-01'),
(60, 3044, 14200, '14468.00', '2022-01-01');

-- --------------------------------------------------------

--
-- Table structure for table `stock_adjustment_hist`
--

DROP TABLE IF EXISTS `stock_adjustment_hist`;
CREATE TABLE IF NOT EXISTS `stock_adjustment_hist` (
  `id` int(11) NOT NULL AUTO_INCREMENT,
  `stock_adjustment_id` int(11) DEFAULT NULL,
  `ref_no` varchar(200) NOT NULL,
  `method` varchar(200) DEFAULT NULL,
  `type` varchar(200) NOT NULL,
  `remarks` varchar(500) DEFAULT NULL,
  `user_modified` varchar(200) DEFAULT NULL,
  `is_deleted` int(1) NOT NULL DEFAULT 0,
  `created_at` timestamp NOT NULL DEFAULT current_timestamp(),
  `updated_at` timestamp NULL DEFAULT NULL,
  PRIMARY KEY (`id`)
) ENGINE=InnoDB DEFAULT CHARSET=utf8mb4;

-- --------------------------------------------------------

--
-- Table structure for table `user_brand`
--

DROP TABLE IF EXISTS `user_brand`;
CREATE TABLE IF NOT EXISTS `user_brand` (
  `id` int(11) NOT NULL AUTO_INCREMENT,
  `user_id` int(11) NOT NULL,
  `brand_id` int(11) NOT NULL,
  `created_at` timestamp NOT NULL DEFAULT current_timestamp(),
  PRIMARY KEY (`id`)
) ENGINE=InnoDB AUTO_INCREMENT=31 DEFAULT CHARSET=utf8mb4;

--
-- Dumping data for table `user_brand`
--

INSERT INTO `user_brand` (`id`, `user_id`, `brand_id`, `created_at`) VALUES
(11, 5, 2, '2022-05-01 13:52:11'),
(12, 5, 3, '2022-05-01 13:52:11'),
(13, 5, 4, '2022-05-01 13:52:11'),
(14, 5, 5, '2022-05-01 13:52:11'),
(19, 2, 2, '2022-05-26 15:04:29'),
(20, 2, 3, '2022-05-26 15:04:29'),
(21, 2, 4, '2022-05-26 15:04:29'),
(22, 6, 4, '2022-06-28 15:10:36'),
(23, 7, 3, '2022-07-17 06:25:44'),
(24, 8, 5, '2022-07-17 06:26:10'),
(25, 9, 4, '2022-07-17 06:26:30'),
(30, 11, 8, '2022-07-17 09:18:26');

-- --------------------------------------------------------

--
-- Table structure for table `user_role`
--

DROP TABLE IF EXISTS `user_role`;
CREATE TABLE IF NOT EXISTS `user_role` (
  `id` int(11) NOT NULL AUTO_INCREMENT,
  `user_id` int(11) NOT NULL,
  `role_id` int(11) NOT NULL,
  `created_at` timestamp NOT NULL DEFAULT current_timestamp(),
  PRIMARY KEY (`id`)
) ENGINE=InnoDB AUTO_INCREMENT=68 DEFAULT CHARSET=utf8mb4;

--
-- Dumping data for table `user_role`
--

INSERT INTO `user_role` (`id`, `user_id`, `role_id`, `created_at`) VALUES
(14, 5, 1, '2022-05-01 13:52:11'),
(15, 5, 2, '2022-05-01 13:52:11'),
(16, 5, 3, '2022-05-01 13:52:11'),
(17, 5, 4, '2022-05-01 13:52:11'),
(18, 5, 6, '2022-05-01 13:52:11'),
(44, 3, 1, '2022-05-06 05:20:43'),
(45, 3, 2, '2022-05-06 05:20:43'),
(46, 3, 3, '2022-05-06 05:20:43'),
(47, 3, 6, '2022-05-06 05:20:43'),
(48, 2, 3, '2022-05-26 15:04:29'),
(49, 2, 4, '2022-05-26 15:04:29'),
(50, 4, 1, '2022-05-26 15:05:02'),
(51, 4, 2, '2022-05-26 15:05:02'),
(52, 4, 3, '2022-05-26 15:05:02'),
(53, 4, 5, '2022-05-26 15:05:02'),
(54, 4, 6, '2022-05-26 15:05:02'),
(56, 6, 4, '2022-06-28 15:10:36'),
(58, 7, 4, '2022-07-17 06:25:44'),
(59, 8, 4, '2022-07-17 06:26:10'),
(60, 9, 4, '2022-07-17 06:26:30'),
(63, 10, 2, '2022-07-17 07:34:38'),
(64, 11, 4, '2022-07-17 09:18:26'),
(67, 1, 1, '2022-08-21 14:08:02');

--
-- Constraints for dumped tables
--

--
-- Constraints for table `product_variant`
--
ALTER TABLE `product_variant`
  ADD CONSTRAINT `product_variant_ibfk_1` FOREIGN KEY (`product_id`) REFERENCES `products` (`id`) ON DELETE NO ACTION ON UPDATE NO ACTION;
SET FOREIGN_KEY_CHECKS=1;
COMMIT;

/*!40101 SET CHARACTER_SET_CLIENT=@OLD_CHARACTER_SET_CLIENT */;
/*!40101 SET CHARACTER_SET_RESULTS=@OLD_CHARACTER_SET_RESULTS */;
/*!40101 SET COLLATION_CONNECTION=@OLD_COLLATION_CONNECTION */;
